master_addr is only used for static rdzv_backend and when rdzv_endpoint is not specified.
/home/izi2sgh/miniconda3/envs/hdvo/lib/python3.10/site-packages/mmcv/cnn/bricks/transformer.py:33: UserWarning: Fail to import ``MultiScaleDeformableAttention`` from ``mmcv.ops.multi_scale_deform_attn``, You should install ``mmcv-full`` if you need this module. 
  warnings.warn('Fail to import ``MultiScaleDeformableAttention`` from '
/home/izi2sgh/miniconda3/envs/hdvo/lib/python3.10/site-packages/mmcv/cnn/bricks/transformer.py:33: UserWarning: Fail to import ``MultiScaleDeformableAttention`` from ``mmcv.ops.multi_scale_deform_attn``, You should install ``mmcv-full`` if you need this module. 
  warnings.warn('Fail to import ``MultiScaleDeformableAttention`` from '
/home/izi2sgh/miniconda3/envs/hdvo/lib/python3.10/site-packages/mmcv/cnn/bricks/transformer.py:33: UserWarning: Fail to import ``MultiScaleDeformableAttention`` from ``mmcv.ops.multi_scale_deform_attn``, You should install ``mmcv-full`` if you need this module. 
  warnings.warn('Fail to import ``MultiScaleDeformableAttention`` from '
/home/izi2sgh/miniconda3/envs/hdvo/lib/python3.10/site-packages/mmcv/cnn/bricks/transformer.py:33: UserWarning: Fail to import ``MultiScaleDeformableAttention`` from ``mmcv.ops.multi_scale_deform_attn``, You should install ``mmcv-full`` if you need this module. 
  warnings.warn('Fail to import ``MultiScaleDeformableAttention`` from '
2026-01-25 02:39:01,486 - hdvo - INFO - Environment info:
------------------------------------------------------------
sys.platform: linux
Python: 3.10.19 (main, Oct 21 2025, 16:43:05) [GCC 11.2.0]
CUDA available: True
GPU 0,1,2,3: NVIDIA A100-SXM4-80GB
CUDA_HOME: /fs/applications/cuda/11.8
NVCC: Cuda compilation tools, release 11.8, V11.8.89
GCC: gcc (GCC) 8.5.0 20210514 (Red Hat 8.5.0-28)
PyTorch: 2.0.1+cu118
PyTorch compiling details: PyTorch built with:
  - GCC 9.3
  - C++ Version: 201703
  - Intel(R) oneAPI Math Kernel Library Version 2022.2-Product Build 20220804 for Intel(R) 64 architecture applications
  - Intel(R) MKL-DNN v2.7.3 (Git Hash 6dbeffbae1f23cbbeae17adb7b5b13f1f37c080e)
  - OpenMP 201511 (a.k.a. OpenMP 4.5)
  - LAPACK is enabled (usually provided by MKL)
  - NNPACK is enabled
  - CPU capability usage: AVX2
  - CUDA Runtime 11.8
  - NVCC architecture flags: -gencode;arch=compute_37,code=sm_37;-gencode;arch=compute_50,code=sm_50;-gencode;arch=compute_60,code=sm_60;-gencode;arch=compute_70,code=sm_70;-gencode;arch=compute_75,code=sm_75;-gencode;arch=compute_80,code=sm_80;-gencode;arch=compute_86,code=sm_86;-gencode;arch=compute_90,code=sm_90
  - CuDNN 8.7
  - Magma 2.6.1
  - Build settings: BLAS_INFO=mkl, BUILD_TYPE=Release, CUDA_VERSION=11.8, CUDNN_VERSION=8.7.0, CXX_COMPILER=/opt/rh/devtoolset-9/root/usr/bin/c++, CXX_FLAGS= -D_GLIBCXX_USE_CXX11_ABI=0 -fabi-version=11 -Wno-deprecated -fvisibility-inlines-hidden -DUSE_PTHREADPOOL -DNDEBUG -DUSE_KINETO -DLIBKINETO_NOROCTRACER -DUSE_FBGEMM -DUSE_QNNPACK -DUSE_PYTORCH_QNNPACK -DUSE_XNNPACK -DSYMBOLICATE_MOBILE_DEBUG_HANDLE -O2 -fPIC -Wall -Wextra -Werror=return-type -Werror=non-virtual-dtor -Werror=bool-operation -Wnarrowing -Wno-missing-field-initializers -Wno-type-limits -Wno-array-bounds -Wno-unknown-pragmas -Wunused-local-typedefs -Wno-unused-parameter -Wno-unused-function -Wno-unused-result -Wno-strict-overflow -Wno-strict-aliasing -Wno-error=deprecated-declarations -Wno-stringop-overflow -Wno-psabi -Wno-error=pedantic -Wno-error=redundant-decls -Wno-error=old-style-cast -fdiagnostics-color=always -faligned-new -Wno-unused-but-set-variable -Wno-maybe-uninitialized -fno-math-errno -fno-trapping-math -Werror=format -Werror=cast-function-type -Wno-stringop-overflow, LAPACK_INFO=mkl, PERF_WITH_AVX=1, PERF_WITH_AVX2=1, PERF_WITH_AVX512=1, TORCH_DISABLE_GPU_ASSERTS=ON, TORCH_VERSION=2.0.1, USE_CUDA=ON, USE_CUDNN=ON, USE_EXCEPTION_PTR=1, USE_GFLAGS=OFF, USE_GLOG=OFF, USE_MKL=ON, USE_MKLDNN=ON, USE_MPI=OFF, USE_NCCL=1, USE_NNPACK=ON, USE_OPENMP=ON, USE_ROCM=OFF, 

TorchVision: 0.15.2+cu118
OpenCV: 4.7.0
MMCV: 1.6.0
MMCV Compiler: n/a
MMCV CUDA Compiler: n/a
MMAction2: 0.0.1+653381a
------------------------------------------------------------

2026-01-25 02:39:01,486 - hdvo - INFO - Distributed training: True
2026-01-25 02:39:01,876 - hdvo - INFO - Config: batch_size = 1
raw_kitti_root = '/fs/projects/SGH_CR_RIX/Kitti-Dataset'
data_root = 'data_sets/kitti_odometry'
annfile_root = 'annotations/kittiodometry'
dataset_type = 'KITTIOdometryDataset'
img_norm_cfg = dict(
    mean=[88.78708011161852, 93.43778497818349, 91.33551888646076],
    std=[80.93941240862273, 81.55742718042109, 82.55097977909143],
    to_rgb=False)
crop_size = (320, 768)
RESIZE_SIZE = (1024, 320)
train_pipeline = [
    dict(
        type='LoadStereoImages',
        views=['left', 'right'],
        to_float32=False,
        color_type='color',
        file_client_args=dict(backend='disk'),
        imdecode_backend='cv2',
        to_rgb=True,
        to_gray=False),
    dict(
        type='StereoResize2',
        img_scale=(1024, 320),
        keep_ratio=False,
        ratio_range=(1, 1.0)),
    dict(
        type='StereoNormalize',
        mean=[88.78708011161852, 93.43778497818349, 91.33551888646076],
        std=[80.93941240862273, 81.55742718042109, 82.55097977909143],
        to_rgb=False),
    dict(
        type='StereoFormatShape',
        input_format='NTCHW',
        keys=['left_imgs', 'right_imgs', 'raw_left_imgs', 'raw_right_imgs']),
    dict(
        type='Collect',
        keys=[
            'left_imgs', 'right_imgs', 'raw_left_imgs', 'raw_right_imgs',
            'intrinsics', 'focal', 'baseline', 'pose'
        ],
        meta_keys=['left_frame_paths']),
    dict(
        type='ToTensor',
        keys=[
            'left_imgs', 'right_imgs', 'raw_left_imgs', 'raw_right_imgs',
            'intrinsics', 'focal', 'baseline', 'pose'
        ])
]
val_pipeline = [
    dict(
        type='LoadStereoImages',
        to_float32=False,
        color_type='color',
        file_client_args=dict(backend='disk'),
        imdecode_backend='cv2',
        to_rgb=True,
        to_gray=False),
    dict(type='StereoResize', scale=(1024, 320), keep_ratio=False),
    dict(
        type='StereoNormalize',
        mean=[88.78708011161852, 93.43778497818349, 91.33551888646076],
        std=[80.93941240862273, 81.55742718042109, 82.55097977909143],
        to_rgb=False),
    dict(
        type='StereoFormatShape',
        input_format='NTCHW',
        keys=['left_imgs', 'right_imgs', 'raw_left_imgs', 'raw_right_imgs']),
    dict(
        type='Collect',
        keys=[
            'left_imgs', 'right_imgs', 'raw_left_imgs', 'raw_right_imgs',
            'intrinsics', 'focal', 'baseline', 'pose'
        ],
        meta_keys=[]),
    dict(
        type='ToTensor',
        keys=[
            'left_imgs', 'right_imgs', 'raw_left_imgs', 'raw_right_imgs',
            'intrinsics', 'focal', 'baseline', 'pose'
        ])
]
test_pipeline = [
    dict(
        type='LoadStereoImages',
        to_float32=False,
        color_type='color',
        file_client_args=dict(backend='disk'),
        imdecode_backend='cv2',
        to_rgb=True,
        to_gray=False),
    dict(
        type='StereoResize2',
        img_scale=(1024, 320),
        keep_ratio=False,
        ratio_range=(1, 1.0)),
    dict(
        type='StereoNormalize',
        mean=[88.78708011161852, 93.43778497818349, 91.33551888646076],
        std=[80.93941240862273, 81.55742718042109, 82.55097977909143],
        to_rgb=False),
    dict(
        type='StereoFormatShape',
        input_format='NTCHW',
        keys=['left_imgs', 'right_imgs', 'raw_left_imgs', 'raw_right_imgs']),
    dict(
        type='Collect',
        keys=[
            'left_imgs', 'right_imgs', 'raw_left_imgs', 'raw_right_imgs',
            'intrinsics', 'focal', 'baseline', 'pose'
        ],
        meta_keys=[]),
    dict(
        type='ToTensor',
        keys=[
            'left_imgs', 'right_imgs', 'raw_left_imgs', 'raw_right_imgs',
            'intrinsics', 'focal', 'baseline', 'pose'
        ])
]
data = dict(
    sparse=True,
    videos_per_gpu=1,
    workers_per_gpu=4,
    train=dict(
        type='KITTIOdometryDataset',
        ann_file='annotations/kittiodometry/kitti_odometry_train_3frame.json',
        data_prefix='data_sets/kitti_odometry',
        kitti_rawdata_path='/fs/projects/SGH_CR_RIX/Kitti-Dataset',
        eval_modality='depth',
        depth_scale_ratio=256,
        test_mode=False,
        pipeline=[
            dict(
                type='LoadStereoImages',
                views=['left', 'right'],
                to_float32=False,
                color_type='color',
                file_client_args=dict(backend='disk'),
                imdecode_backend='cv2',
                to_rgb=True,
                to_gray=False),
            dict(
                type='StereoResize2',
                img_scale=(1024, 320),
                keep_ratio=False,
                ratio_range=(1, 1.0)),
            dict(
                type='StereoNormalize',
                mean=[88.78708011161852, 93.43778497818349, 91.33551888646076],
                std=[80.93941240862273, 81.55742718042109, 82.55097977909143],
                to_rgb=False),
            dict(
                type='StereoFormatShape',
                input_format='NTCHW',
                keys=[
                    'left_imgs', 'right_imgs', 'raw_left_imgs',
                    'raw_right_imgs'
                ]),
            dict(
                type='Collect',
                keys=[
                    'left_imgs', 'right_imgs', 'raw_left_imgs',
                    'raw_right_imgs', 'intrinsics', 'focal', 'baseline', 'pose'
                ],
                meta_keys=['left_frame_paths']),
            dict(
                type='ToTensor',
                keys=[
                    'left_imgs', 'right_imgs', 'raw_left_imgs',
                    'raw_right_imgs', 'intrinsics', 'focal', 'baseline', 'pose'
                ])
        ]),
    val=dict(
        type='KITTIOdometryDataset',
        ann_file='annotations/kittiodometry/kitti_odometry_test_09.json',
        end_id=10,
        data_prefix='data_sets/kitti_odometry',
        kitti_rawdata_path='/fs/projects/SGH_CR_RIX/Kitti-Dataset',
        eval_modality='depth',
        depth_scale_ratio=256,
        test_mode=True,
        pipeline=[
            dict(
                type='LoadStereoImages',
                to_float32=False,
                color_type='color',
                file_client_args=dict(backend='disk'),
                imdecode_backend='cv2',
                to_rgb=True,
                to_gray=False),
            dict(type='StereoResize', scale=(1024, 320), keep_ratio=False),
            dict(
                type='StereoNormalize',
                mean=[88.78708011161852, 93.43778497818349, 91.33551888646076],
                std=[80.93941240862273, 81.55742718042109, 82.55097977909143],
                to_rgb=False),
            dict(
                type='StereoFormatShape',
                input_format='NTCHW',
                keys=[
                    'left_imgs', 'right_imgs', 'raw_left_imgs',
                    'raw_right_imgs'
                ]),
            dict(
                type='Collect',
                keys=[
                    'left_imgs', 'right_imgs', 'raw_left_imgs',
                    'raw_right_imgs', 'intrinsics', 'focal', 'baseline', 'pose'
                ],
                meta_keys=[]),
            dict(
                type='ToTensor',
                keys=[
                    'left_imgs', 'right_imgs', 'raw_left_imgs',
                    'raw_right_imgs', 'intrinsics', 'focal', 'baseline', 'pose'
                ])
        ]),
    test=dict(
        type='KITTIOdometryDataset',
        ann_file='annotations/kittiodometry/kitti_odometry_test_09.json',
        test_seq_id=9,
        data_prefix='data_sets/kitti_odometry',
        kitti_rawdata_path='/fs/projects/SGH_CR_RIX/Kitti-Dataset',
        eval_modality='depth',
        depth_scale_ratio=256,
        test_mode=True,
        pipeline=[
            dict(
                type='LoadStereoImages',
                to_float32=False,
                color_type='color',
                file_client_args=dict(backend='disk'),
                imdecode_backend='cv2',
                to_rgb=True,
                to_gray=False),
            dict(
                type='StereoResize2',
                img_scale=(1024, 320),
                keep_ratio=False,
                ratio_range=(1, 1.0)),
            dict(
                type='StereoNormalize',
                mean=[88.78708011161852, 93.43778497818349, 91.33551888646076],
                std=[80.93941240862273, 81.55742718042109, 82.55097977909143],
                to_rgb=False),
            dict(
                type='StereoFormatShape',
                input_format='NTCHW',
                keys=[
                    'left_imgs', 'right_imgs', 'raw_left_imgs',
                    'raw_right_imgs'
                ]),
            dict(
                type='Collect',
                keys=[
                    'left_imgs', 'right_imgs', 'raw_left_imgs',
                    'raw_right_imgs', 'intrinsics', 'focal', 'baseline', 'pose'
                ],
                meta_keys=[]),
            dict(
                type='ToTensor',
                keys=[
                    'left_imgs', 'right_imgs', 'raw_left_imgs',
                    'raw_right_imgs', 'intrinsics', 'focal', 'baseline', 'pose'
                ])
        ]))
max_disp = 192
model = dict(
    type='StereoHDVOPosesup',
    use_sup_pose=True,
    bidirection=True,
    depth_net=dict(
        type='CoEx',
        subnetwork=True,
        pretrain_official='work_dirs/sceneflow.ckpt',
        cfg=dict(
            max_disparity=192,
            backbone=dict(
                type='mobilenetv2_100',
                from_scratch=False,
                channels=dict(
                    mobilenetv3_large_100=[16, 24, 40, 112, 160],
                    mobilenetv2_120d=[24, 32, 40, 112, 192],
                    mobilenetv2_100=[16, 24, 32, 96, 160],
                    mnasnet_100=[16, 24, 40, 96, 192],
                    efficientnet_b0=[16, 24, 40, 112, 192],
                    efficientnet_b3a=[24, 32, 48, 136, 232],
                    mixnet_xl=[40, 48, 64, 192, 320],
                    dla34=[32, 64, 128, 256, 512]),
                layers=dict(
                    mobilenetv3_large_100=[1, 2, 3, 5, 6],
                    mobilenetv2_120d=[1, 2, 3, 5, 6],
                    mobilenetv2_100=[1, 2, 3, 5, 6],
                    mnasnet_100=[1, 2, 3, 5, 6],
                    efficientnet_b0=[1, 2, 3, 5, 6],
                    efficientnet_b3a=[1, 2, 3, 5, 6],
                    mixnet_xl=[1, 2, 3, 5, 6],
                    dla34=[1, 2, 3, 5, 6])),
            corr_volume=True,
            gce=True,
            matching_head=1,
            matching_weighted=False,
            spixel=dict(branch_channels=[32, 48]),
            aggregation=dict(
                disp_strides=2, channels=[16, 32, 48], blocks_num=[2, 2, 2]),
            regression=dict(top_k=2)),
        losses=dict(
            type='DispL1Loss',
            start_disp=0,
            max_disp=192,
            weight=1,
            weights=(1.0, 0.7, 0.5),
            sparse=False,
            set_range=True,
            random_mask=False,
            random_mask_ratio=0.5)),
    pose_net=None,
    stereo_head=dict(
        type='StereoMatchingHead',
        photo_loss=dict(type='HUBERLoss', ratio=0.85),
        struct_loss=dict(type='SSIMLoss', ratio=0.15),
        grid_sample_type='pytorch',
        padding_mode='zeros'),
    ddvo_head=dict(
        type='PoseDDVOHead',
        ddvo=dict(type='DirectVO_OpenRox', ifmask=1, disp_log=0, ifrobust=0),
        photo_loss=dict(type='HUBERLoss', ratio=0.85),
        struct_loss=dict(type='SSIMLoss', ratio=0.15),
        grid_sample_type='pytorch',
        padding_mode='zeros'),
    smooth_loss=dict(type='DispSmoothLoss', ratio=0.1))
log_config = dict(
    interval=50,
    hooks=[
        dict(type='TextLoggerHook', by_epoch=False),
        dict(type='TensorboardLoggerHook')
    ])
log_level = 'INFO'
load_from = None
resume_from = None
workflow = [('train', 1)]
cudnn_benchmark = False
find_unused_parameters = True
optimizer = dict(type='Lion', lr=0.0001)
optimizer_config = dict(type='OptimizerHook', grad_clip=None)
lr_config = dict(
    policy='CosineAnnealing',
    min_lr=1e-06,
    warmup='linear',
    warmup_by_epoch=False,
    warmup_iters=100)
runner = dict(type='IterBasedRunner', max_iters=40000)
total_epochs = 40000
checkpoint_config = dict(by_epoch=False, interval=4000, save_optimizer=False)
evaluation = dict(interval=4000, metrics='EPE')
dist_params = dict(backend='nccl')
work_dir = 'work_dirs/stereohdvo_posesup_coex_kittiodom_huberloss'
gpu_ids = [0]
omnisource = False
minibatch = False
module_hooks = []

2026-01-25 02:39:01,877 - hdvo - INFO - Set random seed to 0, deterministic: True
2026-01-25 02:39:04,262 - hdvo - INFO - Register Optimizer Hook...
2026-01-25 02:39:05,954 - hdvo - INFO - Start running, host: izi2sgh@szh-hpc-b02gp04, work_dir: /fs/projects/SGH_CR_RIX/izi2sgh/hdvo/work_dirs/stereohdvo_posesup_coex_kittiodom_huberloss
2026-01-25 02:39:05,954 - hdvo - INFO - Hooks will be executed in the following order:
before_run:
(VERY_HIGH   ) CosineAnnealingLrUpdaterHook       
(NORMAL      ) CheckpointHook                     
(NORMAL      ) DistEvalHook                       
(VERY_LOW    ) TextLoggerHook                     
(VERY_LOW    ) TensorboardLoggerHook              
 -------------------- 
before_train_epoch:
(VERY_HIGH   ) CosineAnnealingLrUpdaterHook       
(NORMAL      ) DistEvalHook                       
(LOW         ) IterTimerHook                      
(VERY_LOW    ) TextLoggerHook                     
(VERY_LOW    ) TensorboardLoggerHook              
 -------------------- 
before_train_iter:
(VERY_HIGH   ) CosineAnnealingLrUpdaterHook       
(NORMAL      ) DistEvalHook                       
(LOW         ) IterTimerHook                      
 -------------------- 
after_train_iter:
(ABOVE_NORMAL) OptimizerHook                      
(NORMAL      ) CheckpointHook                     
(NORMAL      ) DistEvalHook                       
(LOW         ) IterTimerHook                      
(VERY_LOW    ) TextLoggerHook                     
(VERY_LOW    ) TensorboardLoggerHook              
 -------------------- 
after_train_epoch:
(NORMAL      ) CheckpointHook                     
(NORMAL      ) DistEvalHook                       
(VERY_LOW    ) TextLoggerHook                     
(VERY_LOW    ) TensorboardLoggerHook              
 -------------------- 
before_val_epoch:
(LOW         ) IterTimerHook                      
(VERY_LOW    ) TextLoggerHook                     
(VERY_LOW    ) TensorboardLoggerHook              
 -------------------- 
before_val_iter:
(LOW         ) IterTimerHook                      
 -------------------- 
after_val_iter:
(LOW         ) IterTimerHook                      
 -------------------- 
after_val_epoch:
(VERY_LOW    ) TextLoggerHook                     
(VERY_LOW    ) TensorboardLoggerHook              
 -------------------- 
after_run:
(VERY_LOW    ) TextLoggerHook                     
(VERY_LOW    ) TensorboardLoggerHook              
 -------------------- 
2026-01-25 02:39:05,954 - hdvo - INFO - workflow: [('train', 1)], max: 40000 iters
2026-01-25 02:39:05,955 - hdvo - INFO - Checkpoints will be saved to /fs/projects/SGH_CR_RIX/izi2sgh/hdvo/work_dirs/stereohdvo_posesup_coex_kittiodom_huberloss by HardDiskBackend.
/home/izi2sgh/miniconda3/envs/hdvo/lib/python3.10/site-packages/torch/functional.py:504: UserWarning: torch.meshgrid: in an upcoming release, it will be required to pass the indexing argument. (Triggered internally at ../aten/src/ATen/native/TensorShape.cpp:3483.)
  return _VF.meshgrid(tensors, **kwargs)  # type: ignore[attr-defined]
/home/izi2sgh/miniconda3/envs/hdvo/lib/python3.10/site-packages/torch/functional.py:504: UserWarning: torch.meshgrid: in an upcoming release, it will be required to pass the indexing argument. (Triggered internally at ../aten/src/ATen/native/TensorShape.cpp:3483.)
  return _VF.meshgrid(tensors, **kwargs)  # type: ignore[attr-defined]
/home/izi2sgh/miniconda3/envs/hdvo/lib/python3.10/site-packages/torch/functional.py:504: UserWarning: torch.meshgrid: in an upcoming release, it will be required to pass the indexing argument. (Triggered internally at ../aten/src/ATen/native/TensorShape.cpp:3483.)
  return _VF.meshgrid(tensors, **kwargs)  # type: ignore[attr-defined]
/home/izi2sgh/miniconda3/envs/hdvo/lib/python3.10/site-packages/torch/functional.py:504: UserWarning: torch.meshgrid: in an upcoming release, it will be required to pass the indexing argument. (Triggered internally at ../aten/src/ATen/native/TensorShape.cpp:3483.)
  return _VF.meshgrid(tensors, **kwargs)  # type: ignore[attr-defined]
2026-01-25 02:39:15,597 - hdvo - INFO - Iter [50/40000]	lr: 5.410e-05, eta: 1:50:17, time: 0.166, data_time: 0.015, memory: 2228, lv0_smooth: 0.0017, lv0photo_stereo_r2lSM_ref: 0.0100, lv0struct_stereo_r2lSM_ref: 0.0353, lv0ddvo_photoloss_pre: 0.0109, lv0ddvo_structloss_pre: 0.0372, lv0ddvo_photoloss_next: 0.0099, lv0ddvo_structloss_next: 0.0283, loss: 0.1333
2026-01-25 02:39:22,256 - hdvo - INFO - Iter [100/40000]	lr: 9.910e-05, eta: 1:39:14, time: 0.133, data_time: 0.004, memory: 2228, lv0_smooth: 0.0013, lv0photo_stereo_r2lSM_ref: 0.0088, lv0struct_stereo_r2lSM_ref: 0.0341, lv0ddvo_photoloss_pre: 0.0088, lv0ddvo_structloss_pre: 0.0357, lv0ddvo_photoloss_next: 0.0094, lv0ddvo_structloss_next: 0.0279, loss: 0.1260
2026-01-25 02:39:28,841 - hdvo - INFO - Iter [150/40000]	lr: 1.000e-04, eta: 1:35:18, time: 0.132, data_time: 0.004, memory: 2228, lv0_smooth: 0.0012, lv0photo_stereo_r2lSM_ref: 0.0084, lv0struct_stereo_r2lSM_ref: 0.0334, lv0ddvo_photoloss_pre: 0.0086, lv0ddvo_structloss_pre: 0.0353, lv0ddvo_photoloss_next: 0.0081, lv0ddvo_structloss_next: 0.0268, loss: 0.1217
2026-01-25 02:39:35,577 - hdvo - INFO - Iter [200/40000]	lr: 9.999e-05, eta: 1:33:42, time: 0.135, data_time: 0.004, memory: 2228, lv0_smooth: 0.0012, lv0photo_stereo_r2lSM_ref: 0.0074, lv0struct_stereo_r2lSM_ref: 0.0320, lv0ddvo_photoloss_pre: 0.0081, lv0ddvo_structloss_pre: 0.0352, lv0ddvo_photoloss_next: 0.0080, lv0ddvo_structloss_next: 0.0272, loss: 0.1191
2026-01-25 02:39:42,265 - hdvo - INFO - Iter [250/40000]	lr: 9.999e-05, eta: 1:32:34, time: 0.134, data_time: 0.004, memory: 2228, lv0_smooth: 0.0013, lv0photo_stereo_r2lSM_ref: 0.0079, lv0struct_stereo_r2lSM_ref: 0.0324, lv0ddvo_photoloss_pre: 0.0084, lv0ddvo_structloss_pre: 0.0353, lv0ddvo_photoloss_next: 0.0081, lv0ddvo_structloss_next: 0.0267, loss: 0.1201
2026-01-25 02:39:48,951 - hdvo - INFO - Iter [300/40000]	lr: 9.999e-05, eta: 1:31:49, time: 0.134, data_time: 0.003, memory: 2228, lv0_smooth: 0.0016, lv0photo_stereo_r2lSM_ref: 0.0078, lv0struct_stereo_r2lSM_ref: 0.0328, lv0ddvo_photoloss_pre: 0.0090, lv0ddvo_structloss_pre: 0.0356, lv0ddvo_photoloss_next: 0.0084, lv0ddvo_structloss_next: 0.0284, loss: 0.1236
2026-01-25 02:39:55,640 - hdvo - INFO - Iter [350/40000]	lr: 9.998e-05, eta: 1:31:12, time: 0.133, data_time: 0.003, memory: 2228, lv0_smooth: 0.0018, lv0photo_stereo_r2lSM_ref: 0.0080, lv0struct_stereo_r2lSM_ref: 0.0332, lv0ddvo_photoloss_pre: 0.0093, lv0ddvo_structloss_pre: 0.0355, lv0ddvo_photoloss_next: 0.0082, lv0ddvo_structloss_next: 0.0285, loss: 0.1245
2026-01-25 02:40:02,512 - hdvo - INFO - Iter [400/40000]	lr: 9.998e-05, eta: 1:31:04, time: 0.138, data_time: 0.003, memory: 2228, lv0_smooth: 0.0017, lv0photo_stereo_r2lSM_ref: 0.0081, lv0struct_stereo_r2lSM_ref: 0.0335, lv0ddvo_photoloss_pre: 0.0098, lv0ddvo_structloss_pre: 0.0364, lv0ddvo_photoloss_next: 0.0093, lv0ddvo_structloss_next: 0.0298, loss: 0.1285
2026-01-25 02:40:09,030 - hdvo - INFO - Iter [450/40000]	lr: 9.997e-05, eta: 1:30:23, time: 0.130, data_time: 0.003, memory: 2228, lv0_smooth: 0.0017, lv0photo_stereo_r2lSM_ref: 0.0083, lv0struct_stereo_r2lSM_ref: 0.0333, lv0ddvo_photoloss_pre: 0.0090, lv0ddvo_structloss_pre: 0.0355, lv0ddvo_photoloss_next: 0.0084, lv0ddvo_structloss_next: 0.0292, loss: 0.1254
2026-01-25 02:40:15,725 - hdvo - INFO - Iter [500/40000]	lr: 9.996e-05, eta: 1:30:03, time: 0.134, data_time: 0.003, memory: 2228, lv0_smooth: 0.0016, lv0photo_stereo_r2lSM_ref: 0.0079, lv0struct_stereo_r2lSM_ref: 0.0332, lv0ddvo_photoloss_pre: 0.0083, lv0ddvo_structloss_pre: 0.0346, lv0ddvo_photoloss_next: 0.0076, lv0ddvo_structloss_next: 0.0289, loss: 0.1221
2026-01-25 02:40:22,411 - hdvo - INFO - Iter [550/40000]	lr: 9.995e-05, eta: 1:29:44, time: 0.133, data_time: 0.003, memory: 2228, lv0_smooth: 0.0016, lv0photo_stereo_r2lSM_ref: 0.0083, lv0struct_stereo_r2lSM_ref: 0.0335, lv0ddvo_photoloss_pre: 0.0094, lv0ddvo_structloss_pre: 0.0356, lv0ddvo_photoloss_next: 0.0086, lv0ddvo_structloss_next: 0.0293, loss: 0.1263
2026-01-25 02:40:29,095 - hdvo - INFO - Iter [600/40000]	lr: 9.995e-05, eta: 1:29:29, time: 0.134, data_time: 0.004, memory: 2228, lv0_smooth: 0.0016, lv0photo_stereo_r2lSM_ref: 0.0074, lv0struct_stereo_r2lSM_ref: 0.0326, lv0ddvo_photoloss_pre: 0.0085, lv0ddvo_structloss_pre: 0.0352, lv0ddvo_photoloss_next: 0.0079, lv0ddvo_structloss_next: 0.0290, loss: 0.1222
2026-01-25 02:40:35,995 - hdvo - INFO - Iter [650/40000]	lr: 9.994e-05, eta: 1:29:28, time: 0.138, data_time: 0.003, memory: 2228, lv0_smooth: 0.0016, lv0photo_stereo_r2lSM_ref: 0.0075, lv0struct_stereo_r2lSM_ref: 0.0325, lv0ddvo_photoloss_pre: 0.0081, lv0ddvo_structloss_pre: 0.0346, lv0ddvo_photoloss_next: 0.0077, lv0ddvo_structloss_next: 0.0289, loss: 0.1209
2026-01-25 02:40:42,976 - hdvo - INFO - Iter [700/40000]	lr: 9.993e-05, eta: 1:29:30, time: 0.140, data_time: 0.003, memory: 2228, lv0_smooth: 0.0016, lv0photo_stereo_r2lSM_ref: 0.0071, lv0struct_stereo_r2lSM_ref: 0.0324, lv0ddvo_photoloss_pre: 0.0086, lv0ddvo_structloss_pre: 0.0349, lv0ddvo_photoloss_next: 0.0076, lv0ddvo_structloss_next: 0.0289, loss: 0.1212
2026-01-25 02:40:49,681 - hdvo - INFO - Iter [750/40000]	lr: 9.991e-05, eta: 1:29:16, time: 0.134, data_time: 0.004, memory: 2228, lv0_smooth: 0.0016, lv0photo_stereo_r2lSM_ref: 0.0072, lv0struct_stereo_r2lSM_ref: 0.0323, lv0ddvo_photoloss_pre: 0.0088, lv0ddvo_structloss_pre: 0.0350, lv0ddvo_photoloss_next: 0.0080, lv0ddvo_structloss_next: 0.0292, loss: 0.1222
2026-01-25 02:40:56,393 - hdvo - INFO - Iter [800/40000]	lr: 9.990e-05, eta: 1:29:04, time: 0.134, data_time: 0.003, memory: 2228, lv0_smooth: 0.0016, lv0photo_stereo_r2lSM_ref: 0.0077, lv0struct_stereo_r2lSM_ref: 0.0329, lv0ddvo_photoloss_pre: 0.0096, lv0ddvo_structloss_pre: 0.0358, lv0ddvo_photoloss_next: 0.0087, lv0ddvo_structloss_next: 0.0297, loss: 0.1260
2026-01-25 02:41:03,103 - hdvo - INFO - Iter [850/40000]	lr: 9.989e-05, eta: 1:28:52, time: 0.134, data_time: 0.003, memory: 2228, lv0_smooth: 0.0016, lv0photo_stereo_r2lSM_ref: 0.0079, lv0struct_stereo_r2lSM_ref: 0.0331, lv0ddvo_photoloss_pre: 0.0092, lv0ddvo_structloss_pre: 0.0358, lv0ddvo_photoloss_next: 0.0081, lv0ddvo_structloss_next: 0.0288, loss: 0.1244
2026-01-25 02:41:09,867 - hdvo - INFO - Iter [900/40000]	lr: 9.988e-05, eta: 1:28:43, time: 0.135, data_time: 0.003, memory: 2228, lv0_smooth: 0.0017, lv0photo_stereo_r2lSM_ref: 0.0071, lv0struct_stereo_r2lSM_ref: 0.0325, lv0ddvo_photoloss_pre: 0.0077, lv0ddvo_structloss_pre: 0.0344, lv0ddvo_photoloss_next: 0.0070, lv0ddvo_structloss_next: 0.0285, loss: 0.1189
2026-01-25 02:41:16,424 - hdvo - INFO - Iter [950/40000]	lr: 9.986e-05, eta: 1:28:26, time: 0.131, data_time: 0.004, memory: 2228, lv0_smooth: 0.0016, lv0photo_stereo_r2lSM_ref: 0.0078, lv0struct_stereo_r2lSM_ref: 0.0331, lv0ddvo_photoloss_pre: 0.0095, lv0ddvo_structloss_pre: 0.0364, lv0ddvo_photoloss_next: 0.0086, lv0ddvo_structloss_next: 0.0296, loss: 0.1267
2026-01-25 02:41:23,068 - hdvo - INFO - Iter [1000/40000]	lr: 9.985e-05, eta: 1:28:14, time: 0.133, data_time: 0.003, memory: 2228, lv0_smooth: 0.0016, lv0photo_stereo_r2lSM_ref: 0.0070, lv0struct_stereo_r2lSM_ref: 0.0320, lv0ddvo_photoloss_pre: 0.0083, lv0ddvo_structloss_pre: 0.0346, lv0ddvo_photoloss_next: 0.0071, lv0ddvo_structloss_next: 0.0280, loss: 0.1185
2026-01-25 02:41:29,622 - hdvo - INFO - Iter [1050/40000]	lr: 9.983e-05, eta: 1:27:57, time: 0.131, data_time: 0.004, memory: 2228, lv0_smooth: 0.0015, lv0photo_stereo_r2lSM_ref: 0.0072, lv0struct_stereo_r2lSM_ref: 0.0319, lv0ddvo_photoloss_pre: 0.0090, lv0ddvo_structloss_pre: 0.0347, lv0ddvo_photoloss_next: 0.0081, lv0ddvo_structloss_next: 0.0286, loss: 0.1212
2026-01-25 02:41:36,188 - hdvo - INFO - Iter [1100/40000]	lr: 9.982e-05, eta: 1:27:43, time: 0.131, data_time: 0.004, memory: 2228, lv0_smooth: 0.0016, lv0photo_stereo_r2lSM_ref: 0.0075, lv0struct_stereo_r2lSM_ref: 0.0327, lv0ddvo_photoloss_pre: 0.0088, lv0ddvo_structloss_pre: 0.0354, lv0ddvo_photoloss_next: 0.0074, lv0ddvo_structloss_next: 0.0289, loss: 0.1223
2026-01-25 02:41:42,786 - hdvo - INFO - Iter [1150/40000]	lr: 9.980e-05, eta: 1:27:31, time: 0.132, data_time: 0.003, memory: 2228, lv0_smooth: 0.0016, lv0photo_stereo_r2lSM_ref: 0.0073, lv0struct_stereo_r2lSM_ref: 0.0324, lv0ddvo_photoloss_pre: 0.0081, lv0ddvo_structloss_pre: 0.0343, lv0ddvo_photoloss_next: 0.0075, lv0ddvo_structloss_next: 0.0287, loss: 0.1199
2026-01-25 02:41:49,346 - hdvo - INFO - Iter [1200/40000]	lr: 9.978e-05, eta: 1:27:18, time: 0.131, data_time: 0.003, memory: 2228, lv0_smooth: 0.0016, lv0photo_stereo_r2lSM_ref: 0.0078, lv0struct_stereo_r2lSM_ref: 0.0331, lv0ddvo_photoloss_pre: 0.0085, lv0ddvo_structloss_pre: 0.0348, lv0ddvo_photoloss_next: 0.0077, lv0ddvo_structloss_next: 0.0287, loss: 0.1222
2026-01-25 02:41:55,895 - hdvo - INFO - Iter [1250/40000]	lr: 9.976e-05, eta: 1:27:05, time: 0.131, data_time: 0.003, memory: 2228, lv0_smooth: 0.0016, lv0photo_stereo_r2lSM_ref: 0.0073, lv0struct_stereo_r2lSM_ref: 0.0324, lv0ddvo_photoloss_pre: 0.0094, lv0ddvo_structloss_pre: 0.0359, lv0ddvo_photoloss_next: 0.0086, lv0ddvo_structloss_next: 0.0298, loss: 0.1250
2026-01-25 02:42:02,474 - hdvo - INFO - Iter [1300/40000]	lr: 9.974e-05, eta: 1:26:54, time: 0.132, data_time: 0.003, memory: 2228, lv0_smooth: 0.0017, lv0photo_stereo_r2lSM_ref: 0.0072, lv0struct_stereo_r2lSM_ref: 0.0322, lv0ddvo_photoloss_pre: 0.0088, lv0ddvo_structloss_pre: 0.0352, lv0ddvo_photoloss_next: 0.0074, lv0ddvo_structloss_next: 0.0286, loss: 0.1210
2026-01-25 02:42:09,010 - hdvo - INFO - Iter [1350/40000]	lr: 9.972e-05, eta: 1:26:41, time: 0.131, data_time: 0.003, memory: 2228, lv0_smooth: 0.0017, lv0photo_stereo_r2lSM_ref: 0.0073, lv0struct_stereo_r2lSM_ref: 0.0325, lv0ddvo_photoloss_pre: 0.0090, lv0ddvo_structloss_pre: 0.0354, lv0ddvo_photoloss_next: 0.0081, lv0ddvo_structloss_next: 0.0295, loss: 0.1236
2026-01-25 02:42:15,636 - hdvo - INFO - Iter [1400/40000]	lr: 9.970e-05, eta: 1:26:31, time: 0.133, data_time: 0.004, memory: 2228, lv0_smooth: 0.0016, lv0photo_stereo_r2lSM_ref: 0.0073, lv0struct_stereo_r2lSM_ref: 0.0326, lv0ddvo_photoloss_pre: 0.0083, lv0ddvo_structloss_pre: 0.0350, lv0ddvo_photoloss_next: 0.0072, lv0ddvo_structloss_next: 0.0285, loss: 0.1205
2026-01-25 02:42:22,204 - hdvo - INFO - Iter [1450/40000]	lr: 9.968e-05, eta: 1:26:21, time: 0.131, data_time: 0.002, memory: 2228, lv0_smooth: 0.0016, lv0photo_stereo_r2lSM_ref: 0.0077, lv0struct_stereo_r2lSM_ref: 0.0327, lv0ddvo_photoloss_pre: 0.0089, lv0ddvo_structloss_pre: 0.0353, lv0ddvo_photoloss_next: 0.0080, lv0ddvo_structloss_next: 0.0293, loss: 0.1236
2026-01-25 02:42:28,754 - hdvo - INFO - Iter [1500/40000]	lr: 9.966e-05, eta: 1:26:09, time: 0.131, data_time: 0.003, memory: 2228, lv0_smooth: 0.0016, lv0photo_stereo_r2lSM_ref: 0.0072, lv0struct_stereo_r2lSM_ref: 0.0325, lv0ddvo_photoloss_pre: 0.0096, lv0ddvo_structloss_pre: 0.0354, lv0ddvo_photoloss_next: 0.0084, lv0ddvo_structloss_next: 0.0292, loss: 0.1239
2026-01-25 02:42:35,324 - hdvo - INFO - Iter [1550/40000]	lr: 9.963e-05, eta: 1:25:59, time: 0.131, data_time: 0.003, memory: 2228, lv0_smooth: 0.0016, lv0photo_stereo_r2lSM_ref: 0.0074, lv0struct_stereo_r2lSM_ref: 0.0327, lv0ddvo_photoloss_pre: 0.0087, lv0ddvo_structloss_pre: 0.0349, lv0ddvo_photoloss_next: 0.0073, lv0ddvo_structloss_next: 0.0290, loss: 0.1217
2026-01-25 02:42:42,010 - hdvo - INFO - Iter [1600/40000]	lr: 9.961e-05, eta: 1:25:52, time: 0.134, data_time: 0.003, memory: 2228, lv0_smooth: 0.0017, lv0photo_stereo_r2lSM_ref: 0.0077, lv0struct_stereo_r2lSM_ref: 0.0329, lv0ddvo_photoloss_pre: 0.0092, lv0ddvo_structloss_pre: 0.0355, lv0ddvo_photoloss_next: 0.0079, lv0ddvo_structloss_next: 0.0296, loss: 0.1244
2026-01-25 02:42:48,615 - hdvo - INFO - Iter [1650/40000]	lr: 9.959e-05, eta: 1:25:42, time: 0.132, data_time: 0.003, memory: 2228, lv0_smooth: 0.0017, lv0photo_stereo_r2lSM_ref: 0.0073, lv0struct_stereo_r2lSM_ref: 0.0328, lv0ddvo_photoloss_pre: 0.0088, lv0ddvo_structloss_pre: 0.0357, lv0ddvo_photoloss_next: 0.0078, lv0ddvo_structloss_next: 0.0299, loss: 0.1241
2026-01-25 02:42:55,186 - hdvo - INFO - Iter [1700/40000]	lr: 9.956e-05, eta: 1:25:33, time: 0.131, data_time: 0.004, memory: 2228, lv0_smooth: 0.0017, lv0photo_stereo_r2lSM_ref: 0.0069, lv0struct_stereo_r2lSM_ref: 0.0325, lv0ddvo_photoloss_pre: 0.0080, lv0ddvo_structloss_pre: 0.0351, lv0ddvo_photoloss_next: 0.0069, lv0ddvo_structloss_next: 0.0288, loss: 0.1199
2026-01-25 02:43:01,712 - hdvo - INFO - Iter [1750/40000]	lr: 9.953e-05, eta: 1:25:22, time: 0.131, data_time: 0.004, memory: 2228, lv0_smooth: 0.0017, lv0photo_stereo_r2lSM_ref: 0.0076, lv0struct_stereo_r2lSM_ref: 0.0329, lv0ddvo_photoloss_pre: 0.0088, lv0ddvo_structloss_pre: 0.0354, lv0ddvo_photoloss_next: 0.0078, lv0ddvo_structloss_next: 0.0295, loss: 0.1237
2026-01-25 02:43:08,312 - hdvo - INFO - Iter [1800/40000]	lr: 9.951e-05, eta: 1:25:14, time: 0.132, data_time: 0.004, memory: 2228, lv0_smooth: 0.0017, lv0photo_stereo_r2lSM_ref: 0.0074, lv0struct_stereo_r2lSM_ref: 0.0330, lv0ddvo_photoloss_pre: 0.0090, lv0ddvo_structloss_pre: 0.0357, lv0ddvo_photoloss_next: 0.0080, lv0ddvo_structloss_next: 0.0291, loss: 0.1239
2026-01-25 02:43:14,925 - hdvo - INFO - Iter [1850/40000]	lr: 9.948e-05, eta: 1:25:05, time: 0.132, data_time: 0.003, memory: 2228, lv0_smooth: 0.0017, lv0photo_stereo_r2lSM_ref: 0.0077, lv0struct_stereo_r2lSM_ref: 0.0330, lv0ddvo_photoloss_pre: 0.0091, lv0ddvo_structloss_pre: 0.0354, lv0ddvo_photoloss_next: 0.0080, lv0ddvo_structloss_next: 0.0296, loss: 0.1245
2026-01-25 02:43:21,453 - hdvo - INFO - Iter [1900/40000]	lr: 9.945e-05, eta: 1:24:55, time: 0.130, data_time: 0.002, memory: 2228, lv0_smooth: 0.0017, lv0photo_stereo_r2lSM_ref: 0.0073, lv0struct_stereo_r2lSM_ref: 0.0323, lv0ddvo_photoloss_pre: 0.0089, lv0ddvo_structloss_pre: 0.0350, lv0ddvo_photoloss_next: 0.0080, lv0ddvo_structloss_next: 0.0293, loss: 0.1224
2026-01-25 02:43:28,096 - hdvo - INFO - Iter [1950/40000]	lr: 9.942e-05, eta: 1:24:48, time: 0.133, data_time: 0.003, memory: 2228, lv0_smooth: 0.0017, lv0photo_stereo_r2lSM_ref: 0.0074, lv0struct_stereo_r2lSM_ref: 0.0326, lv0ddvo_photoloss_pre: 0.0089, lv0ddvo_structloss_pre: 0.0355, lv0ddvo_photoloss_next: 0.0078, lv0ddvo_structloss_next: 0.0292, loss: 0.1232
2026-01-25 02:43:34,800 - hdvo - INFO - Iter [2000/40000]	lr: 9.939e-05, eta: 1:24:41, time: 0.134, data_time: 0.003, memory: 2228, lv0_smooth: 0.0016, lv0photo_stereo_r2lSM_ref: 0.0071, lv0struct_stereo_r2lSM_ref: 0.0322, lv0ddvo_photoloss_pre: 0.0091, lv0ddvo_structloss_pre: 0.0358, lv0ddvo_photoloss_next: 0.0075, lv0ddvo_structloss_next: 0.0289, loss: 0.1223
2026-01-25 02:43:41,468 - hdvo - INFO - Iter [2050/40000]	lr: 9.936e-05, eta: 1:24:34, time: 0.133, data_time: 0.002, memory: 2228, lv0_smooth: 0.0016, lv0photo_stereo_r2lSM_ref: 0.0074, lv0struct_stereo_r2lSM_ref: 0.0326, lv0ddvo_photoloss_pre: 0.0095, lv0ddvo_structloss_pre: 0.0359, lv0ddvo_photoloss_next: 0.0082, lv0ddvo_structloss_next: 0.0296, loss: 0.1249
2026-01-25 02:43:48,055 - hdvo - INFO - Iter [2100/40000]	lr: 9.933e-05, eta: 1:24:26, time: 0.132, data_time: 0.003, memory: 2228, lv0_smooth: 0.0016, lv0photo_stereo_r2lSM_ref: 0.0073, lv0struct_stereo_r2lSM_ref: 0.0324, lv0ddvo_photoloss_pre: 0.0098, lv0ddvo_structloss_pre: 0.0349, lv0ddvo_photoloss_next: 0.0081, lv0ddvo_structloss_next: 0.0293, loss: 0.1233
2026-01-25 02:43:54,613 - hdvo - INFO - Iter [2150/40000]	lr: 9.930e-05, eta: 1:24:17, time: 0.131, data_time: 0.004, memory: 2228, lv0_smooth: 0.0016, lv0photo_stereo_r2lSM_ref: 0.0073, lv0struct_stereo_r2lSM_ref: 0.0327, lv0ddvo_photoloss_pre: 0.0095, lv0ddvo_structloss_pre: 0.0361, lv0ddvo_photoloss_next: 0.0081, lv0ddvo_structloss_next: 0.0292, loss: 0.1247
2026-01-25 02:44:01,173 - hdvo - INFO - Iter [2200/40000]	lr: 9.926e-05, eta: 1:24:08, time: 0.131, data_time: 0.002, memory: 2228, lv0_smooth: 0.0017, lv0photo_stereo_r2lSM_ref: 0.0071, lv0struct_stereo_r2lSM_ref: 0.0327, lv0ddvo_photoloss_pre: 0.0092, lv0ddvo_structloss_pre: 0.0354, lv0ddvo_photoloss_next: 0.0079, lv0ddvo_structloss_next: 0.0294, loss: 0.1233
2026-01-25 02:44:07,813 - hdvo - INFO - Iter [2250/40000]	lr: 9.923e-05, eta: 1:24:01, time: 0.133, data_time: 0.005, memory: 2228, lv0_smooth: 0.0016, lv0photo_stereo_r2lSM_ref: 0.0073, lv0struct_stereo_r2lSM_ref: 0.0325, lv0ddvo_photoloss_pre: 0.0092, lv0ddvo_structloss_pre: 0.0352, lv0ddvo_photoloss_next: 0.0078, lv0ddvo_structloss_next: 0.0294, loss: 0.1232
2026-01-25 02:44:14,354 - hdvo - INFO - Iter [2300/40000]	lr: 9.920e-05, eta: 1:23:52, time: 0.131, data_time: 0.002, memory: 2228, lv0_smooth: 0.0016, lv0photo_stereo_r2lSM_ref: 0.0077, lv0struct_stereo_r2lSM_ref: 0.0329, lv0ddvo_photoloss_pre: 0.0096, lv0ddvo_structloss_pre: 0.0356, lv0ddvo_photoloss_next: 0.0078, lv0ddvo_structloss_next: 0.0296, loss: 0.1249
2026-01-25 02:44:21,028 - hdvo - INFO - Iter [2350/40000]	lr: 9.916e-05, eta: 1:23:45, time: 0.133, data_time: 0.003, memory: 2228, lv0_smooth: 0.0016, lv0photo_stereo_r2lSM_ref: 0.0076, lv0struct_stereo_r2lSM_ref: 0.0324, lv0ddvo_photoloss_pre: 0.0088, lv0ddvo_structloss_pre: 0.0352, lv0ddvo_photoloss_next: 0.0078, lv0ddvo_structloss_next: 0.0292, loss: 0.1227
2026-01-25 02:44:27,537 - hdvo - INFO - Iter [2400/40000]	lr: 9.912e-05, eta: 1:23:36, time: 0.130, data_time: 0.003, memory: 2228, lv0_smooth: 0.0016, lv0photo_stereo_r2lSM_ref: 0.0075, lv0struct_stereo_r2lSM_ref: 0.0327, lv0ddvo_photoloss_pre: 0.0101, lv0ddvo_structloss_pre: 0.0359, lv0ddvo_photoloss_next: 0.0087, lv0ddvo_structloss_next: 0.0295, loss: 0.1260
2026-01-25 02:44:34,294 - hdvo - INFO - Iter [2450/40000]	lr: 9.909e-05, eta: 1:23:30, time: 0.135, data_time: 0.003, memory: 2228, lv0_smooth: 0.0016, lv0photo_stereo_r2lSM_ref: 0.0074, lv0struct_stereo_r2lSM_ref: 0.0327, lv0ddvo_photoloss_pre: 0.0091, lv0ddvo_structloss_pre: 0.0351, lv0ddvo_photoloss_next: 0.0079, lv0ddvo_structloss_next: 0.0298, loss: 0.1236
2026-01-25 02:44:40,946 - hdvo - INFO - Iter [2500/40000]	lr: 9.905e-05, eta: 1:23:23, time: 0.133, data_time: 0.003, memory: 2228, lv0_smooth: 0.0016, lv0photo_stereo_r2lSM_ref: 0.0072, lv0struct_stereo_r2lSM_ref: 0.0324, lv0ddvo_photoloss_pre: 0.0089, lv0ddvo_structloss_pre: 0.0353, lv0ddvo_photoloss_next: 0.0079, lv0ddvo_structloss_next: 0.0292, loss: 0.1225
2026-01-25 02:44:47,534 - hdvo - INFO - Iter [2550/40000]	lr: 9.901e-05, eta: 1:23:16, time: 0.132, data_time: 0.004, memory: 2228, lv0_smooth: 0.0016, lv0photo_stereo_r2lSM_ref: 0.0070, lv0struct_stereo_r2lSM_ref: 0.0323, lv0ddvo_photoloss_pre: 0.0081, lv0ddvo_structloss_pre: 0.0347, lv0ddvo_photoloss_next: 0.0073, lv0ddvo_structloss_next: 0.0286, loss: 0.1195
2026-01-25 02:44:54,163 - hdvo - INFO - Iter [2600/40000]	lr: 9.897e-05, eta: 1:23:08, time: 0.132, data_time: 0.004, memory: 2228, lv0_smooth: 0.0016, lv0photo_stereo_r2lSM_ref: 0.0070, lv0struct_stereo_r2lSM_ref: 0.0320, lv0ddvo_photoloss_pre: 0.0085, lv0ddvo_structloss_pre: 0.0348, lv0ddvo_photoloss_next: 0.0077, lv0ddvo_structloss_next: 0.0289, loss: 0.1204
2026-01-25 02:45:00,709 - hdvo - INFO - Iter [2650/40000]	lr: 9.893e-05, eta: 1:23:00, time: 0.131, data_time: 0.005, memory: 2228, lv0_smooth: 0.0016, lv0photo_stereo_r2lSM_ref: 0.0077, lv0struct_stereo_r2lSM_ref: 0.0328, lv0ddvo_photoloss_pre: 0.0090, lv0ddvo_structloss_pre: 0.0352, lv0ddvo_photoloss_next: 0.0079, lv0ddvo_structloss_next: 0.0292, loss: 0.1234
2026-01-25 02:45:07,311 - hdvo - INFO - Iter [2700/40000]	lr: 9.889e-05, eta: 1:22:52, time: 0.132, data_time: 0.003, memory: 2228, lv0_smooth: 0.0017, lv0photo_stereo_r2lSM_ref: 0.0073, lv0struct_stereo_r2lSM_ref: 0.0328, lv0ddvo_photoloss_pre: 0.0088, lv0ddvo_structloss_pre: 0.0355, lv0ddvo_photoloss_next: 0.0078, lv0ddvo_structloss_next: 0.0294, loss: 0.1233
2026-01-25 02:45:13,787 - hdvo - INFO - Iter [2750/40000]	lr: 9.885e-05, eta: 1:22:43, time: 0.130, data_time: 0.003, memory: 2228, lv0_smooth: 0.0017, lv0photo_stereo_r2lSM_ref: 0.0074, lv0struct_stereo_r2lSM_ref: 0.0328, lv0ddvo_photoloss_pre: 0.0097, lv0ddvo_structloss_pre: 0.0361, lv0ddvo_photoloss_next: 0.0086, lv0ddvo_structloss_next: 0.0297, loss: 0.1259
2026-01-25 02:45:20,405 - hdvo - INFO - Iter [2800/40000]	lr: 9.881e-05, eta: 1:22:36, time: 0.132, data_time: 0.003, memory: 2228, lv0_smooth: 0.0017, lv0photo_stereo_r2lSM_ref: 0.0069, lv0struct_stereo_r2lSM_ref: 0.0320, lv0ddvo_photoloss_pre: 0.0084, lv0ddvo_structloss_pre: 0.0352, lv0ddvo_photoloss_next: 0.0073, lv0ddvo_structloss_next: 0.0287, loss: 0.1203
2026-01-25 02:45:27,089 - hdvo - INFO - Iter [2850/40000]	lr: 9.877e-05, eta: 1:22:29, time: 0.133, data_time: 0.003, memory: 2228, lv0_smooth: 0.0016, lv0photo_stereo_r2lSM_ref: 0.0069, lv0struct_stereo_r2lSM_ref: 0.0322, lv0ddvo_photoloss_pre: 0.0084, lv0ddvo_structloss_pre: 0.0354, lv0ddvo_photoloss_next: 0.0074, lv0ddvo_structloss_next: 0.0289, loss: 0.1208
2026-01-25 02:45:33,700 - hdvo - INFO - Iter [2900/40000]	lr: 9.872e-05, eta: 1:22:22, time: 0.133, data_time: 0.004, memory: 2228, lv0_smooth: 0.0017, lv0photo_stereo_r2lSM_ref: 0.0074, lv0struct_stereo_r2lSM_ref: 0.0326, lv0ddvo_photoloss_pre: 0.0090, lv0ddvo_structloss_pre: 0.0356, lv0ddvo_photoloss_next: 0.0081, lv0ddvo_structloss_next: 0.0299, loss: 0.1244
2026-01-25 02:45:40,149 - hdvo - INFO - Iter [2950/40000]	lr: 9.868e-05, eta: 1:22:13, time: 0.129, data_time: 0.003, memory: 2228, lv0_smooth: 0.0017, lv0photo_stereo_r2lSM_ref: 0.0074, lv0struct_stereo_r2lSM_ref: 0.0328, lv0ddvo_photoloss_pre: 0.0097, lv0ddvo_structloss_pre: 0.0362, lv0ddvo_photoloss_next: 0.0084, lv0ddvo_structloss_next: 0.0300, loss: 0.1262
2026-01-25 02:45:46,761 - hdvo - INFO - Iter [3000/40000]	lr: 9.863e-05, eta: 1:22:06, time: 0.132, data_time: 0.003, memory: 2228, lv0_smooth: 0.0017, lv0photo_stereo_r2lSM_ref: 0.0069, lv0struct_stereo_r2lSM_ref: 0.0324, lv0ddvo_photoloss_pre: 0.0092, lv0ddvo_structloss_pre: 0.0358, lv0ddvo_photoloss_next: 0.0078, lv0ddvo_structloss_next: 0.0294, loss: 0.1230
2026-01-25 02:45:53,231 - hdvo - INFO - Iter [3050/40000]	lr: 9.859e-05, eta: 1:21:57, time: 0.130, data_time: 0.003, memory: 2228, lv0_smooth: 0.0017, lv0photo_stereo_r2lSM_ref: 0.0068, lv0struct_stereo_r2lSM_ref: 0.0321, lv0ddvo_photoloss_pre: 0.0080, lv0ddvo_structloss_pre: 0.0345, lv0ddvo_photoloss_next: 0.0073, lv0ddvo_structloss_next: 0.0287, loss: 0.1192
2026-01-25 02:45:59,826 - hdvo - INFO - Iter [3100/40000]	lr: 9.854e-05, eta: 1:21:49, time: 0.132, data_time: 0.002, memory: 2228, lv0_smooth: 0.0017, lv0photo_stereo_r2lSM_ref: 0.0078, lv0struct_stereo_r2lSM_ref: 0.0331, lv0ddvo_photoloss_pre: 0.0095, lv0ddvo_structloss_pre: 0.0361, lv0ddvo_photoloss_next: 0.0086, lv0ddvo_structloss_next: 0.0303, loss: 0.1270
2026-01-25 02:46:06,400 - hdvo - INFO - Iter [3150/40000]	lr: 9.849e-05, eta: 1:21:42, time: 0.131, data_time: 0.004, memory: 2228, lv0_smooth: 0.0017, lv0photo_stereo_r2lSM_ref: 0.0072, lv0struct_stereo_r2lSM_ref: 0.0325, lv0ddvo_photoloss_pre: 0.0093, lv0ddvo_structloss_pre: 0.0354, lv0ddvo_photoloss_next: 0.0081, lv0ddvo_structloss_next: 0.0296, loss: 0.1237
2026-01-25 02:46:12,966 - hdvo - INFO - Iter [3200/40000]	lr: 9.845e-05, eta: 1:21:34, time: 0.131, data_time: 0.003, memory: 2228, lv0_smooth: 0.0017, lv0photo_stereo_r2lSM_ref: 0.0074, lv0struct_stereo_r2lSM_ref: 0.0324, lv0ddvo_photoloss_pre: 0.0088, lv0ddvo_structloss_pre: 0.0347, lv0ddvo_photoloss_next: 0.0077, lv0ddvo_structloss_next: 0.0289, loss: 0.1216
2026-01-25 02:46:19,622 - hdvo - INFO - Iter [3250/40000]	lr: 9.840e-05, eta: 1:21:27, time: 0.133, data_time: 0.003, memory: 2228, lv0_smooth: 0.0017, lv0photo_stereo_r2lSM_ref: 0.0071, lv0struct_stereo_r2lSM_ref: 0.0326, lv0ddvo_photoloss_pre: 0.0085, lv0ddvo_structloss_pre: 0.0352, lv0ddvo_photoloss_next: 0.0071, lv0ddvo_structloss_next: 0.0292, loss: 0.1215
2026-01-25 02:46:26,264 - hdvo - INFO - Iter [3300/40000]	lr: 9.835e-05, eta: 1:21:21, time: 0.133, data_time: 0.005, memory: 2228, lv0_smooth: 0.0017, lv0photo_stereo_r2lSM_ref: 0.0076, lv0struct_stereo_r2lSM_ref: 0.0328, lv0ddvo_photoloss_pre: 0.0089, lv0ddvo_structloss_pre: 0.0355, lv0ddvo_photoloss_next: 0.0081, lv0ddvo_structloss_next: 0.0295, loss: 0.1241
2026-01-25 02:46:32,781 - hdvo - INFO - Iter [3350/40000]	lr: 9.830e-05, eta: 1:21:13, time: 0.130, data_time: 0.004, memory: 2228, lv0_smooth: 0.0017, lv0photo_stereo_r2lSM_ref: 0.0071, lv0struct_stereo_r2lSM_ref: 0.0323, lv0ddvo_photoloss_pre: 0.0091, lv0ddvo_structloss_pre: 0.0353, lv0ddvo_photoloss_next: 0.0075, lv0ddvo_structloss_next: 0.0289, loss: 0.1220
2026-01-25 02:46:39,360 - hdvo - INFO - Iter [3400/40000]	lr: 9.825e-05, eta: 1:21:05, time: 0.132, data_time: 0.003, memory: 2228, lv0_smooth: 0.0017, lv0photo_stereo_r2lSM_ref: 0.0071, lv0struct_stereo_r2lSM_ref: 0.0322, lv0ddvo_photoloss_pre: 0.0091, lv0ddvo_structloss_pre: 0.0346, lv0ddvo_photoloss_next: 0.0079, lv0ddvo_structloss_next: 0.0287, loss: 0.1212
2026-01-25 02:46:45,923 - hdvo - INFO - Iter [3450/40000]	lr: 9.819e-05, eta: 1:20:58, time: 0.131, data_time: 0.002, memory: 2228, lv0_smooth: 0.0016, lv0photo_stereo_r2lSM_ref: 0.0069, lv0struct_stereo_r2lSM_ref: 0.0322, lv0ddvo_photoloss_pre: 0.0084, lv0ddvo_structloss_pre: 0.0352, lv0ddvo_photoloss_next: 0.0072, lv0ddvo_structloss_next: 0.0287, loss: 0.1202
2026-01-25 02:46:52,555 - hdvo - INFO - Iter [3500/40000]	lr: 9.814e-05, eta: 1:20:51, time: 0.133, data_time: 0.004, memory: 2228, lv0_smooth: 0.0017, lv0photo_stereo_r2lSM_ref: 0.0074, lv0struct_stereo_r2lSM_ref: 0.0327, lv0ddvo_photoloss_pre: 0.0094, lv0ddvo_structloss_pre: 0.0355, lv0ddvo_photoloss_next: 0.0085, lv0ddvo_structloss_next: 0.0293, loss: 0.1245
2026-01-25 02:46:59,009 - hdvo - INFO - Iter [3550/40000]	lr: 9.809e-05, eta: 1:20:42, time: 0.129, data_time: 0.003, memory: 2228, lv0_smooth: 0.0017, lv0photo_stereo_r2lSM_ref: 0.0070, lv0struct_stereo_r2lSM_ref: 0.0324, lv0ddvo_photoloss_pre: 0.0089, lv0ddvo_structloss_pre: 0.0353, lv0ddvo_photoloss_next: 0.0077, lv0ddvo_structloss_next: 0.0296, loss: 0.1227
2026-01-25 02:47:05,548 - hdvo - INFO - Iter [3600/40000]	lr: 9.804e-05, eta: 1:20:35, time: 0.131, data_time: 0.004, memory: 2228, lv0_smooth: 0.0017, lv0photo_stereo_r2lSM_ref: 0.0074, lv0struct_stereo_r2lSM_ref: 0.0328, lv0ddvo_photoloss_pre: 0.0094, lv0ddvo_structloss_pre: 0.0360, lv0ddvo_photoloss_next: 0.0080, lv0ddvo_structloss_next: 0.0300, loss: 0.1254
2026-01-25 02:47:12,174 - hdvo - INFO - Iter [3650/40000]	lr: 9.798e-05, eta: 1:20:28, time: 0.133, data_time: 0.003, memory: 2228, lv0_smooth: 0.0017, lv0photo_stereo_r2lSM_ref: 0.0072, lv0struct_stereo_r2lSM_ref: 0.0324, lv0ddvo_photoloss_pre: 0.0085, lv0ddvo_structloss_pre: 0.0350, lv0ddvo_photoloss_next: 0.0075, lv0ddvo_structloss_next: 0.0291, loss: 0.1215
2026-01-25 02:47:18,695 - hdvo - INFO - Iter [3700/40000]	lr: 9.793e-05, eta: 1:20:20, time: 0.130, data_time: 0.003, memory: 2228, lv0_smooth: 0.0017, lv0photo_stereo_r2lSM_ref: 0.0071, lv0struct_stereo_r2lSM_ref: 0.0322, lv0ddvo_photoloss_pre: 0.0092, lv0ddvo_structloss_pre: 0.0357, lv0ddvo_photoloss_next: 0.0077, lv0ddvo_structloss_next: 0.0289, loss: 0.1225
2026-01-25 02:47:25,309 - hdvo - INFO - Iter [3750/40000]	lr: 9.787e-05, eta: 1:20:13, time: 0.132, data_time: 0.003, memory: 2228, lv0_smooth: 0.0017, lv0photo_stereo_r2lSM_ref: 0.0073, lv0struct_stereo_r2lSM_ref: 0.0325, lv0ddvo_photoloss_pre: 0.0083, lv0ddvo_structloss_pre: 0.0347, lv0ddvo_photoloss_next: 0.0076, lv0ddvo_structloss_next: 0.0293, loss: 0.1213
2026-01-25 02:47:31,954 - hdvo - INFO - Iter [3800/40000]	lr: 9.781e-05, eta: 1:20:07, time: 0.133, data_time: 0.004, memory: 2228, lv0_smooth: 0.0017, lv0photo_stereo_r2lSM_ref: 0.0073, lv0struct_stereo_r2lSM_ref: 0.0323, lv0ddvo_photoloss_pre: 0.0088, lv0ddvo_structloss_pre: 0.0355, lv0ddvo_photoloss_next: 0.0078, lv0ddvo_structloss_next: 0.0292, loss: 0.1226
2026-01-25 02:47:38,587 - hdvo - INFO - Iter [3850/40000]	lr: 9.776e-05, eta: 1:20:00, time: 0.132, data_time: 0.003, memory: 2228, lv0_smooth: 0.0016, lv0photo_stereo_r2lSM_ref: 0.0071, lv0struct_stereo_r2lSM_ref: 0.0319, lv0ddvo_photoloss_pre: 0.0090, lv0ddvo_structloss_pre: 0.0353, lv0ddvo_photoloss_next: 0.0083, lv0ddvo_structloss_next: 0.0290, loss: 0.1223
2026-01-25 02:47:45,102 - hdvo - INFO - Iter [3900/40000]	lr: 9.770e-05, eta: 1:19:52, time: 0.130, data_time: 0.004, memory: 2228, lv0_smooth: 0.0016, lv0photo_stereo_r2lSM_ref: 0.0070, lv0struct_stereo_r2lSM_ref: 0.0323, lv0ddvo_photoloss_pre: 0.0082, lv0ddvo_structloss_pre: 0.0352, lv0ddvo_photoloss_next: 0.0073, lv0ddvo_structloss_next: 0.0290, loss: 0.1207
2026-01-25 02:47:51,648 - hdvo - INFO - Iter [3950/40000]	lr: 9.764e-05, eta: 1:19:45, time: 0.131, data_time: 0.003, memory: 2228, lv0_smooth: 0.0017, lv0photo_stereo_r2lSM_ref: 0.0073, lv0struct_stereo_r2lSM_ref: 0.0326, lv0ddvo_photoloss_pre: 0.0089, lv0ddvo_structloss_pre: 0.0356, lv0ddvo_photoloss_next: 0.0076, lv0ddvo_structloss_next: 0.0295, loss: 0.1232
2026-01-25 02:47:58,140 - hdvo - INFO - Saving checkpoint at 4000 iterations
2026-01-25 02:47:58,857 - hdvo - INFO - Iter [4000/40000]	lr: 9.758e-05, eta: 1:19:43, time: 0.144, data_time: 0.004, memory: 2228, lv0_smooth: 0.0017, lv0photo_stereo_r2lSM_ref: 0.0070, lv0struct_stereo_r2lSM_ref: 0.0323, lv0ddvo_photoloss_pre: 0.0088, lv0ddvo_structloss_pre: 0.0348, lv0ddvo_photoloss_next: 0.0080, lv0ddvo_structloss_next: 0.0291, loss: 0.1218
2026-01-25 02:48:05,354 - hdvo - INFO - Iter [4050/40000]	lr: 9.752e-05, eta: 1:19:35, time: 0.130, data_time: 0.003, memory: 2228, lv0_smooth: 0.0017, lv0photo_stereo_r2lSM_ref: 0.0077, lv0struct_stereo_r2lSM_ref: 0.0329, lv0ddvo_photoloss_pre: 0.0106, lv0ddvo_structloss_pre: 0.0363, lv0ddvo_photoloss_next: 0.0093, lv0ddvo_structloss_next: 0.0299, loss: 0.1284
2026-01-25 02:48:11,958 - hdvo - INFO - Iter [4100/40000]	lr: 9.746e-05, eta: 1:19:28, time: 0.132, data_time: 0.004, memory: 2228, lv0_smooth: 0.0018, lv0photo_stereo_r2lSM_ref: 0.0068, lv0struct_stereo_r2lSM_ref: 0.0322, lv0ddvo_photoloss_pre: 0.0082, lv0ddvo_structloss_pre: 0.0349, lv0ddvo_photoloss_next: 0.0076, lv0ddvo_structloss_next: 0.0292, loss: 0.1207
2026-01-25 02:48:18,597 - hdvo - INFO - Iter [4150/40000]	lr: 9.740e-05, eta: 1:19:21, time: 0.133, data_time: 0.003, memory: 2228, lv0_smooth: 0.0017, lv0photo_stereo_r2lSM_ref: 0.0070, lv0struct_stereo_r2lSM_ref: 0.0323, lv0ddvo_photoloss_pre: 0.0085, lv0ddvo_structloss_pre: 0.0354, lv0ddvo_photoloss_next: 0.0075, lv0ddvo_structloss_next: 0.0294, loss: 0.1219
2026-01-25 02:48:25,175 - hdvo - INFO - Iter [4200/40000]	lr: 9.733e-05, eta: 1:19:14, time: 0.132, data_time: 0.003, memory: 2228, lv0_smooth: 0.0017, lv0photo_stereo_r2lSM_ref: 0.0073, lv0struct_stereo_r2lSM_ref: 0.0325, lv0ddvo_photoloss_pre: 0.0090, lv0ddvo_structloss_pre: 0.0352, lv0ddvo_photoloss_next: 0.0078, lv0ddvo_structloss_next: 0.0294, loss: 0.1229
2026-01-25 02:48:31,745 - hdvo - INFO - Iter [4250/40000]	lr: 9.727e-05, eta: 1:19:07, time: 0.131, data_time: 0.003, memory: 2228, lv0_smooth: 0.0017, lv0photo_stereo_r2lSM_ref: 0.0073, lv0struct_stereo_r2lSM_ref: 0.0326, lv0ddvo_photoloss_pre: 0.0086, lv0ddvo_structloss_pre: 0.0349, lv0ddvo_photoloss_next: 0.0074, lv0ddvo_structloss_next: 0.0292, loss: 0.1217
2026-01-25 02:48:38,312 - hdvo - INFO - Iter [4300/40000]	lr: 9.721e-05, eta: 1:19:00, time: 0.131, data_time: 0.004, memory: 2228, lv0_smooth: 0.0018, lv0photo_stereo_r2lSM_ref: 0.0071, lv0struct_stereo_r2lSM_ref: 0.0324, lv0ddvo_photoloss_pre: 0.0098, lv0ddvo_structloss_pre: 0.0359, lv0ddvo_photoloss_next: 0.0085, lv0ddvo_structloss_next: 0.0298, loss: 0.1253
2026-01-25 02:48:44,809 - hdvo - INFO - Iter [4350/40000]	lr: 9.714e-05, eta: 1:18:52, time: 0.130, data_time: 0.003, memory: 2228, lv0_smooth: 0.0017, lv0photo_stereo_r2lSM_ref: 0.0068, lv0struct_stereo_r2lSM_ref: 0.0320, lv0ddvo_photoloss_pre: 0.0086, lv0ddvo_structloss_pre: 0.0349, lv0ddvo_photoloss_next: 0.0072, lv0ddvo_structloss_next: 0.0289, loss: 0.1201
2026-01-25 02:48:51,440 - hdvo - INFO - Iter [4400/40000]	lr: 9.707e-05, eta: 1:18:45, time: 0.132, data_time: 0.003, memory: 2228, lv0_smooth: 0.0017, lv0photo_stereo_r2lSM_ref: 0.0067, lv0struct_stereo_r2lSM_ref: 0.0319, lv0ddvo_photoloss_pre: 0.0090, lv0ddvo_structloss_pre: 0.0350, lv0ddvo_photoloss_next: 0.0079, lv0ddvo_structloss_next: 0.0292, loss: 0.1214
2026-01-25 02:48:57,946 - hdvo - INFO - Iter [4450/40000]	lr: 9.701e-05, eta: 1:18:38, time: 0.130, data_time: 0.003, memory: 2228, lv0_smooth: 0.0017, lv0photo_stereo_r2lSM_ref: 0.0068, lv0struct_stereo_r2lSM_ref: 0.0317, lv0ddvo_photoloss_pre: 0.0082, lv0ddvo_structloss_pre: 0.0344, lv0ddvo_photoloss_next: 0.0071, lv0ddvo_structloss_next: 0.0286, loss: 0.1183
2026-01-25 02:49:04,529 - hdvo - INFO - Iter [4500/40000]	lr: 9.694e-05, eta: 1:18:31, time: 0.132, data_time: 0.003, memory: 2228, lv0_smooth: 0.0017, lv0photo_stereo_r2lSM_ref: 0.0072, lv0struct_stereo_r2lSM_ref: 0.0322, lv0ddvo_photoloss_pre: 0.0080, lv0ddvo_structloss_pre: 0.0348, lv0ddvo_photoloss_next: 0.0074, lv0ddvo_structloss_next: 0.0292, loss: 0.1206
2026-01-25 02:49:11,122 - hdvo - INFO - Iter [4550/40000]	lr: 9.687e-05, eta: 1:18:24, time: 0.132, data_time: 0.004, memory: 2228, lv0_smooth: 0.0017, lv0photo_stereo_r2lSM_ref: 0.0070, lv0struct_stereo_r2lSM_ref: 0.0322, lv0ddvo_photoloss_pre: 0.0088, lv0ddvo_structloss_pre: 0.0354, lv0ddvo_photoloss_next: 0.0076, lv0ddvo_structloss_next: 0.0295, loss: 0.1222
2026-01-25 02:49:17,670 - hdvo - INFO - Iter [4600/40000]	lr: 9.681e-05, eta: 1:18:16, time: 0.131, data_time: 0.003, memory: 2228, lv0_smooth: 0.0016, lv0photo_stereo_r2lSM_ref: 0.0070, lv0struct_stereo_r2lSM_ref: 0.0318, lv0ddvo_photoloss_pre: 0.0078, lv0ddvo_structloss_pre: 0.0340, lv0ddvo_photoloss_next: 0.0073, lv0ddvo_structloss_next: 0.0287, loss: 0.1182
2026-01-25 02:49:24,302 - hdvo - INFO - Iter [4650/40000]	lr: 9.674e-05, eta: 1:18:09, time: 0.132, data_time: 0.004, memory: 2228, lv0_smooth: 0.0017, lv0photo_stereo_r2lSM_ref: 0.0068, lv0struct_stereo_r2lSM_ref: 0.0321, lv0ddvo_photoloss_pre: 0.0088, lv0ddvo_structloss_pre: 0.0350, lv0ddvo_photoloss_next: 0.0076, lv0ddvo_structloss_next: 0.0292, loss: 0.1210
2026-01-25 02:49:30,957 - hdvo - INFO - Iter [4700/40000]	lr: 9.667e-05, eta: 1:18:03, time: 0.133, data_time: 0.003, memory: 2228, lv0_smooth: 0.0017, lv0photo_stereo_r2lSM_ref: 0.0073, lv0struct_stereo_r2lSM_ref: 0.0327, lv0ddvo_photoloss_pre: 0.0088, lv0ddvo_structloss_pre: 0.0356, lv0ddvo_photoloss_next: 0.0080, lv0ddvo_structloss_next: 0.0297, loss: 0.1238
2026-01-25 02:49:37,475 - hdvo - INFO - Iter [4750/40000]	lr: 9.660e-05, eta: 1:17:56, time: 0.130, data_time: 0.002, memory: 2228, lv0_smooth: 0.0017, lv0photo_stereo_r2lSM_ref: 0.0072, lv0struct_stereo_r2lSM_ref: 0.0325, lv0ddvo_photoloss_pre: 0.0084, lv0ddvo_structloss_pre: 0.0349, lv0ddvo_photoloss_next: 0.0071, lv0ddvo_structloss_next: 0.0286, loss: 0.1204
2026-01-25 02:49:44,031 - hdvo - INFO - Iter [4800/40000]	lr: 9.653e-05, eta: 1:17:48, time: 0.131, data_time: 0.004, memory: 2228, lv0_smooth: 0.0018, lv0photo_stereo_r2lSM_ref: 0.0072, lv0struct_stereo_r2lSM_ref: 0.0324, lv0ddvo_photoloss_pre: 0.0089, lv0ddvo_structloss_pre: 0.0358, lv0ddvo_photoloss_next: 0.0080, lv0ddvo_structloss_next: 0.0296, loss: 0.1237
2026-01-25 02:49:50,631 - hdvo - INFO - Iter [4850/40000]	lr: 9.645e-05, eta: 1:17:42, time: 0.132, data_time: 0.003, memory: 2228, lv0_smooth: 0.0017, lv0photo_stereo_r2lSM_ref: 0.0075, lv0struct_stereo_r2lSM_ref: 0.0331, lv0ddvo_photoloss_pre: 0.0091, lv0ddvo_structloss_pre: 0.0362, lv0ddvo_photoloss_next: 0.0080, lv0ddvo_structloss_next: 0.0301, loss: 0.1258
2026-01-25 02:49:57,258 - hdvo - INFO - Iter [4900/40000]	lr: 9.638e-05, eta: 1:17:35, time: 0.133, data_time: 0.003, memory: 2228, lv0_smooth: 0.0017, lv0photo_stereo_r2lSM_ref: 0.0075, lv0struct_stereo_r2lSM_ref: 0.0327, lv0ddvo_photoloss_pre: 0.0092, lv0ddvo_structloss_pre: 0.0360, lv0ddvo_photoloss_next: 0.0084, lv0ddvo_structloss_next: 0.0299, loss: 0.1255
2026-01-25 02:50:03,782 - hdvo - INFO - Iter [4950/40000]	lr: 9.631e-05, eta: 1:17:28, time: 0.130, data_time: 0.003, memory: 2228, lv0_smooth: 0.0017, lv0photo_stereo_r2lSM_ref: 0.0073, lv0struct_stereo_r2lSM_ref: 0.0324, lv0ddvo_photoloss_pre: 0.0087, lv0ddvo_structloss_pre: 0.0348, lv0ddvo_photoloss_next: 0.0080, lv0ddvo_structloss_next: 0.0290, loss: 0.1218
2026-01-25 02:50:10,429 - hdvo - INFO - Iter [5000/40000]	lr: 9.623e-05, eta: 1:17:21, time: 0.133, data_time: 0.003, memory: 2228, lv0_smooth: 0.0017, lv0photo_stereo_r2lSM_ref: 0.0073, lv0struct_stereo_r2lSM_ref: 0.0326, lv0ddvo_photoloss_pre: 0.0091, lv0ddvo_structloss_pre: 0.0355, lv0ddvo_photoloss_next: 0.0081, lv0ddvo_structloss_next: 0.0296, loss: 0.1238
2026-01-25 02:50:17,089 - hdvo - INFO - Iter [5050/40000]	lr: 9.616e-05, eta: 1:17:15, time: 0.133, data_time: 0.004, memory: 2228, lv0_smooth: 0.0017, lv0photo_stereo_r2lSM_ref: 0.0065, lv0struct_stereo_r2lSM_ref: 0.0316, lv0ddvo_photoloss_pre: 0.0080, lv0ddvo_structloss_pre: 0.0342, lv0ddvo_photoloss_next: 0.0071, lv0ddvo_structloss_next: 0.0282, loss: 0.1173
2026-01-25 02:50:26,045 - hdvo - INFO - Iter [5100/40000]	lr: 9.608e-05, eta: 1:17:24, time: 0.179, data_time: 0.052, memory: 2228, lv0_smooth: 0.0017, lv0photo_stereo_r2lSM_ref: 0.0072, lv0struct_stereo_r2lSM_ref: 0.0324, lv0ddvo_photoloss_pre: 0.0081, lv0ddvo_structloss_pre: 0.0346, lv0ddvo_photoloss_next: 0.0075, lv0ddvo_structloss_next: 0.0292, loss: 0.1206
2026-01-25 02:50:32,748 - hdvo - INFO - Iter [5150/40000]	lr: 9.601e-05, eta: 1:17:17, time: 0.134, data_time: 0.003, memory: 2228, lv0_smooth: 0.0017, lv0photo_stereo_r2lSM_ref: 0.0071, lv0struct_stereo_r2lSM_ref: 0.0323, lv0ddvo_photoloss_pre: 0.0087, lv0ddvo_structloss_pre: 0.0356, lv0ddvo_photoloss_next: 0.0078, lv0ddvo_structloss_next: 0.0297, loss: 0.1229
2026-01-25 02:50:39,402 - hdvo - INFO - Iter [5200/40000]	lr: 9.593e-05, eta: 1:17:11, time: 0.133, data_time: 0.003, memory: 2228, lv0_smooth: 0.0017, lv0photo_stereo_r2lSM_ref: 0.0072, lv0struct_stereo_r2lSM_ref: 0.0325, lv0ddvo_photoloss_pre: 0.0090, lv0ddvo_structloss_pre: 0.0356, lv0ddvo_photoloss_next: 0.0079, lv0ddvo_structloss_next: 0.0296, loss: 0.1235
2026-01-25 02:50:45,911 - hdvo - INFO - Iter [5250/40000]	lr: 9.585e-05, eta: 1:17:03, time: 0.131, data_time: 0.004, memory: 2228, lv0_smooth: 0.0018, lv0photo_stereo_r2lSM_ref: 0.0072, lv0struct_stereo_r2lSM_ref: 0.0322, lv0ddvo_photoloss_pre: 0.0086, lv0ddvo_structloss_pre: 0.0348, lv0ddvo_photoloss_next: 0.0073, lv0ddvo_structloss_next: 0.0288, loss: 0.1206
2026-01-25 02:50:52,707 - hdvo - INFO - Iter [5300/40000]	lr: 9.577e-05, eta: 1:16:57, time: 0.136, data_time: 0.004, memory: 2228, lv0_smooth: 0.0017, lv0photo_stereo_r2lSM_ref: 0.0074, lv0struct_stereo_r2lSM_ref: 0.0325, lv0ddvo_photoloss_pre: 0.0091, lv0ddvo_structloss_pre: 0.0353, lv0ddvo_photoloss_next: 0.0080, lv0ddvo_structloss_next: 0.0291, loss: 0.1231
2026-01-25 02:50:59,565 - hdvo - INFO - Iter [5350/40000]	lr: 9.570e-05, eta: 1:16:52, time: 0.137, data_time: 0.003, memory: 2228, lv0_smooth: 0.0017, lv0photo_stereo_r2lSM_ref: 0.0072, lv0struct_stereo_r2lSM_ref: 0.0326, lv0ddvo_photoloss_pre: 0.0091, lv0ddvo_structloss_pre: 0.0354, lv0ddvo_photoloss_next: 0.0082, lv0ddvo_structloss_next: 0.0292, loss: 0.1233
2026-01-25 02:51:06,166 - hdvo - INFO - Iter [5400/40000]	lr: 9.562e-05, eta: 1:16:45, time: 0.132, data_time: 0.004, memory: 2228, lv0_smooth: 0.0016, lv0photo_stereo_r2lSM_ref: 0.0069, lv0struct_stereo_r2lSM_ref: 0.0322, lv0ddvo_photoloss_pre: 0.0093, lv0ddvo_structloss_pre: 0.0359, lv0ddvo_photoloss_next: 0.0076, lv0ddvo_structloss_next: 0.0291, loss: 0.1227
2026-01-25 02:51:12,710 - hdvo - INFO - Iter [5450/40000]	lr: 9.554e-05, eta: 1:16:38, time: 0.131, data_time: 0.004, memory: 2228, lv0_smooth: 0.0017, lv0photo_stereo_r2lSM_ref: 0.0072, lv0struct_stereo_r2lSM_ref: 0.0321, lv0ddvo_photoloss_pre: 0.0088, lv0ddvo_structloss_pre: 0.0350, lv0ddvo_photoloss_next: 0.0073, lv0ddvo_structloss_next: 0.0286, loss: 0.1207
2026-01-25 02:51:19,318 - hdvo - INFO - Iter [5500/40000]	lr: 9.545e-05, eta: 1:16:31, time: 0.132, data_time: 0.003, memory: 2228, lv0_smooth: 0.0016, lv0photo_stereo_r2lSM_ref: 0.0070, lv0struct_stereo_r2lSM_ref: 0.0321, lv0ddvo_photoloss_pre: 0.0086, lv0ddvo_structloss_pre: 0.0349, lv0ddvo_photoloss_next: 0.0076, lv0ddvo_structloss_next: 0.0289, loss: 0.1207
2026-01-25 02:51:25,886 - hdvo - INFO - Iter [5550/40000]	lr: 9.537e-05, eta: 1:16:24, time: 0.131, data_time: 0.004, memory: 2228, lv0_smooth: 0.0017, lv0photo_stereo_r2lSM_ref: 0.0072, lv0struct_stereo_r2lSM_ref: 0.0326, lv0ddvo_photoloss_pre: 0.0097, lv0ddvo_structloss_pre: 0.0358, lv0ddvo_photoloss_next: 0.0078, lv0ddvo_structloss_next: 0.0295, loss: 0.1243
2026-01-25 02:51:32,480 - hdvo - INFO - Iter [5600/40000]	lr: 9.529e-05, eta: 1:16:17, time: 0.132, data_time: 0.004, memory: 2228, lv0_smooth: 0.0017, lv0photo_stereo_r2lSM_ref: 0.0078, lv0struct_stereo_r2lSM_ref: 0.0331, lv0ddvo_photoloss_pre: 0.0094, lv0ddvo_structloss_pre: 0.0359, lv0ddvo_photoloss_next: 0.0086, lv0ddvo_structloss_next: 0.0302, loss: 0.1267
2026-01-25 02:51:39,030 - hdvo - INFO - Iter [5650/40000]	lr: 9.521e-05, eta: 1:16:09, time: 0.131, data_time: 0.003, memory: 2228, lv0_smooth: 0.0017, lv0photo_stereo_r2lSM_ref: 0.0072, lv0struct_stereo_r2lSM_ref: 0.0321, lv0ddvo_photoloss_pre: 0.0084, lv0ddvo_structloss_pre: 0.0349, lv0ddvo_photoloss_next: 0.0073, lv0ddvo_structloss_next: 0.0291, loss: 0.1207
2026-01-25 02:51:45,791 - hdvo - INFO - Iter [5700/40000]	lr: 9.512e-05, eta: 1:16:03, time: 0.135, data_time: 0.003, memory: 2228, lv0_smooth: 0.0017, lv0photo_stereo_r2lSM_ref: 0.0071, lv0struct_stereo_r2lSM_ref: 0.0326, lv0ddvo_photoloss_pre: 0.0086, lv0ddvo_structloss_pre: 0.0358, lv0ddvo_photoloss_next: 0.0077, lv0ddvo_structloss_next: 0.0298, loss: 0.1234
2026-01-25 02:51:52,361 - hdvo - INFO - Iter [5750/40000]	lr: 9.504e-05, eta: 1:15:56, time: 0.132, data_time: 0.003, memory: 2228, lv0_smooth: 0.0017, lv0photo_stereo_r2lSM_ref: 0.0067, lv0struct_stereo_r2lSM_ref: 0.0318, lv0ddvo_photoloss_pre: 0.0086, lv0ddvo_structloss_pre: 0.0348, lv0ddvo_photoloss_next: 0.0075, lv0ddvo_structloss_next: 0.0290, loss: 0.1201
2026-01-25 02:51:58,960 - hdvo - INFO - Iter [5800/40000]	lr: 9.495e-05, eta: 1:15:49, time: 0.132, data_time: 0.004, memory: 2228, lv0_smooth: 0.0018, lv0photo_stereo_r2lSM_ref: 0.0071, lv0struct_stereo_r2lSM_ref: 0.0321, lv0ddvo_photoloss_pre: 0.0087, lv0ddvo_structloss_pre: 0.0349, lv0ddvo_photoloss_next: 0.0077, lv0ddvo_structloss_next: 0.0296, loss: 0.1218
2026-01-25 02:52:05,548 - hdvo - INFO - Iter [5850/40000]	lr: 9.487e-05, eta: 1:15:42, time: 0.132, data_time: 0.003, memory: 2228, lv0_smooth: 0.0018, lv0photo_stereo_r2lSM_ref: 0.0072, lv0struct_stereo_r2lSM_ref: 0.0324, lv0ddvo_photoloss_pre: 0.0094, lv0ddvo_structloss_pre: 0.0356, lv0ddvo_photoloss_next: 0.0084, lv0ddvo_structloss_next: 0.0298, loss: 0.1245
2026-01-25 02:52:12,076 - hdvo - INFO - Iter [5900/40000]	lr: 9.478e-05, eta: 1:15:35, time: 0.131, data_time: 0.003, memory: 2228, lv0_smooth: 0.0018, lv0photo_stereo_r2lSM_ref: 0.0069, lv0struct_stereo_r2lSM_ref: 0.0323, lv0ddvo_photoloss_pre: 0.0093, lv0ddvo_structloss_pre: 0.0358, lv0ddvo_photoloss_next: 0.0081, lv0ddvo_structloss_next: 0.0295, loss: 0.1238
2026-01-25 02:52:18,745 - hdvo - INFO - Iter [5950/40000]	lr: 9.469e-05, eta: 1:15:28, time: 0.133, data_time: 0.004, memory: 2228, lv0_smooth: 0.0018, lv0photo_stereo_r2lSM_ref: 0.0072, lv0struct_stereo_r2lSM_ref: 0.0325, lv0ddvo_photoloss_pre: 0.0088, lv0ddvo_structloss_pre: 0.0353, lv0ddvo_photoloss_next: 0.0077, lv0ddvo_structloss_next: 0.0295, loss: 0.1228
2026-01-25 02:52:25,409 - hdvo - INFO - Iter [6000/40000]	lr: 9.461e-05, eta: 1:15:22, time: 0.133, data_time: 0.003, memory: 2228, lv0_smooth: 0.0017, lv0photo_stereo_r2lSM_ref: 0.0070, lv0struct_stereo_r2lSM_ref: 0.0318, lv0ddvo_photoloss_pre: 0.0088, lv0ddvo_structloss_pre: 0.0351, lv0ddvo_photoloss_next: 0.0075, lv0ddvo_structloss_next: 0.0291, loss: 0.1210
2026-01-25 02:52:31,936 - hdvo - INFO - Iter [6050/40000]	lr: 9.452e-05, eta: 1:15:14, time: 0.131, data_time: 0.003, memory: 2228, lv0_smooth: 0.0017, lv0photo_stereo_r2lSM_ref: 0.0068, lv0struct_stereo_r2lSM_ref: 0.0321, lv0ddvo_photoloss_pre: 0.0082, lv0ddvo_structloss_pre: 0.0348, lv0ddvo_photoloss_next: 0.0070, lv0ddvo_structloss_next: 0.0288, loss: 0.1195
2026-01-25 02:52:38,501 - hdvo - INFO - Iter [6100/40000]	lr: 9.443e-05, eta: 1:15:07, time: 0.131, data_time: 0.003, memory: 2228, lv0_smooth: 0.0017, lv0photo_stereo_r2lSM_ref: 0.0068, lv0struct_stereo_r2lSM_ref: 0.0321, lv0ddvo_photoloss_pre: 0.0083, lv0ddvo_structloss_pre: 0.0350, lv0ddvo_photoloss_next: 0.0073, lv0ddvo_structloss_next: 0.0288, loss: 0.1199
2026-01-25 02:52:45,067 - hdvo - INFO - Iter [6150/40000]	lr: 9.434e-05, eta: 1:15:00, time: 0.131, data_time: 0.003, memory: 2228, lv0_smooth: 0.0017, lv0photo_stereo_r2lSM_ref: 0.0072, lv0struct_stereo_r2lSM_ref: 0.0328, lv0ddvo_photoloss_pre: 0.0092, lv0ddvo_structloss_pre: 0.0358, lv0ddvo_photoloss_next: 0.0081, lv0ddvo_structloss_next: 0.0299, loss: 0.1246
2026-01-25 02:52:51,601 - hdvo - INFO - Iter [6200/40000]	lr: 9.425e-05, eta: 1:14:53, time: 0.131, data_time: 0.003, memory: 2228, lv0_smooth: 0.0017, lv0photo_stereo_r2lSM_ref: 0.0070, lv0struct_stereo_r2lSM_ref: 0.0320, lv0ddvo_photoloss_pre: 0.0088, lv0ddvo_structloss_pre: 0.0351, lv0ddvo_photoloss_next: 0.0074, lv0ddvo_structloss_next: 0.0292, loss: 0.1212
2026-01-25 02:52:58,228 - hdvo - INFO - Iter [6250/40000]	lr: 9.416e-05, eta: 1:14:46, time: 0.133, data_time: 0.004, memory: 2228, lv0_smooth: 0.0017, lv0photo_stereo_r2lSM_ref: 0.0070, lv0struct_stereo_r2lSM_ref: 0.0322, lv0ddvo_photoloss_pre: 0.0092, lv0ddvo_structloss_pre: 0.0355, lv0ddvo_photoloss_next: 0.0075, lv0ddvo_structloss_next: 0.0292, loss: 0.1225
2026-01-25 02:53:04,730 - hdvo - INFO - Iter [6300/40000]	lr: 9.406e-05, eta: 1:14:39, time: 0.130, data_time: 0.002, memory: 2228, lv0_smooth: 0.0018, lv0photo_stereo_r2lSM_ref: 0.0072, lv0struct_stereo_r2lSM_ref: 0.0323, lv0ddvo_photoloss_pre: 0.0090, lv0ddvo_structloss_pre: 0.0353, lv0ddvo_photoloss_next: 0.0078, lv0ddvo_structloss_next: 0.0295, loss: 0.1228
2026-01-25 02:53:11,291 - hdvo - INFO - Iter [6350/40000]	lr: 9.397e-05, eta: 1:14:32, time: 0.131, data_time: 0.002, memory: 2228, lv0_smooth: 0.0018, lv0photo_stereo_r2lSM_ref: 0.0071, lv0struct_stereo_r2lSM_ref: 0.0327, lv0ddvo_photoloss_pre: 0.0086, lv0ddvo_structloss_pre: 0.0354, lv0ddvo_photoloss_next: 0.0070, lv0ddvo_structloss_next: 0.0295, loss: 0.1221
2026-01-25 02:53:17,864 - hdvo - INFO - Iter [6400/40000]	lr: 9.388e-05, eta: 1:14:25, time: 0.132, data_time: 0.004, memory: 2228, lv0_smooth: 0.0019, lv0photo_stereo_r2lSM_ref: 0.0075, lv0struct_stereo_r2lSM_ref: 0.0327, lv0ddvo_photoloss_pre: 0.0087, lv0ddvo_structloss_pre: 0.0353, lv0ddvo_photoloss_next: 0.0076, lv0ddvo_structloss_next: 0.0299, loss: 0.1237
2026-01-25 02:53:24,346 - hdvo - INFO - Iter [6450/40000]	lr: 9.379e-05, eta: 1:14:17, time: 0.129, data_time: 0.003, memory: 2228, lv0_smooth: 0.0019, lv0photo_stereo_r2lSM_ref: 0.0075, lv0struct_stereo_r2lSM_ref: 0.0330, lv0ddvo_photoloss_pre: 0.0097, lv0ddvo_structloss_pre: 0.0359, lv0ddvo_photoloss_next: 0.0083, lv0ddvo_structloss_next: 0.0308, loss: 0.1272
2026-01-25 02:53:31,033 - hdvo - INFO - Iter [6500/40000]	lr: 9.369e-05, eta: 1:14:11, time: 0.133, data_time: 0.003, memory: 2228, lv0_smooth: 0.0018, lv0photo_stereo_r2lSM_ref: 0.0070, lv0struct_stereo_r2lSM_ref: 0.0322, lv0ddvo_photoloss_pre: 0.0090, lv0ddvo_structloss_pre: 0.0357, lv0ddvo_photoloss_next: 0.0079, lv0ddvo_structloss_next: 0.0305, loss: 0.1242
2026-01-25 02:53:37,629 - hdvo - INFO - Iter [6550/40000]	lr: 9.360e-05, eta: 1:14:04, time: 0.132, data_time: 0.004, memory: 2228, lv0_smooth: 0.0019, lv0photo_stereo_r2lSM_ref: 0.0079, lv0struct_stereo_r2lSM_ref: 0.0335, lv0ddvo_photoloss_pre: 0.0101, lv0ddvo_structloss_pre: 0.0367, lv0ddvo_photoloss_next: 0.0088, lv0ddvo_structloss_next: 0.0308, loss: 0.1298
2026-01-25 02:53:44,184 - hdvo - INFO - Iter [6600/40000]	lr: 9.350e-05, eta: 1:13:57, time: 0.131, data_time: 0.002, memory: 2228, lv0_smooth: 0.0019, lv0photo_stereo_r2lSM_ref: 0.0071, lv0struct_stereo_r2lSM_ref: 0.0325, lv0ddvo_photoloss_pre: 0.0097, lv0ddvo_structloss_pre: 0.0362, lv0ddvo_photoloss_next: 0.0083, lv0ddvo_structloss_next: 0.0304, loss: 0.1261
2026-01-25 02:53:50,819 - hdvo - INFO - Iter [6650/40000]	lr: 9.340e-05, eta: 1:13:50, time: 0.133, data_time: 0.003, memory: 2228, lv0_smooth: 0.0018, lv0photo_stereo_r2lSM_ref: 0.0072, lv0struct_stereo_r2lSM_ref: 0.0327, lv0ddvo_photoloss_pre: 0.0089, lv0ddvo_structloss_pre: 0.0356, lv0ddvo_photoloss_next: 0.0075, lv0ddvo_structloss_next: 0.0296, loss: 0.1232
2026-01-25 02:53:57,438 - hdvo - INFO - Iter [6700/40000]	lr: 9.331e-05, eta: 1:13:43, time: 0.132, data_time: 0.003, memory: 2228, lv0_smooth: 0.0017, lv0photo_stereo_r2lSM_ref: 0.0078, lv0struct_stereo_r2lSM_ref: 0.0326, lv0ddvo_photoloss_pre: 0.0098, lv0ddvo_structloss_pre: 0.0357, lv0ddvo_photoloss_next: 0.0086, lv0ddvo_structloss_next: 0.0299, loss: 0.1261
2026-01-25 02:54:04,032 - hdvo - INFO - Iter [6750/40000]	lr: 9.321e-05, eta: 1:13:36, time: 0.132, data_time: 0.003, memory: 2228, lv0_smooth: 0.0017, lv0photo_stereo_r2lSM_ref: 0.0068, lv0struct_stereo_r2lSM_ref: 0.0319, lv0ddvo_photoloss_pre: 0.0081, lv0ddvo_structloss_pre: 0.0344, lv0ddvo_photoloss_next: 0.0074, lv0ddvo_structloss_next: 0.0293, loss: 0.1195
2026-01-25 02:54:10,689 - hdvo - INFO - Iter [6800/40000]	lr: 9.311e-05, eta: 1:13:30, time: 0.133, data_time: 0.003, memory: 2228, lv0_smooth: 0.0017, lv0photo_stereo_r2lSM_ref: 0.0070, lv0struct_stereo_r2lSM_ref: 0.0323, lv0ddvo_photoloss_pre: 0.0088, lv0ddvo_structloss_pre: 0.0354, lv0ddvo_photoloss_next: 0.0081, lv0ddvo_structloss_next: 0.0295, loss: 0.1227
2026-01-25 02:54:17,245 - hdvo - INFO - Iter [6850/40000]	lr: 9.301e-05, eta: 1:13:23, time: 0.131, data_time: 0.004, memory: 2228, lv0_smooth: 0.0018, lv0photo_stereo_r2lSM_ref: 0.0068, lv0struct_stereo_r2lSM_ref: 0.0319, lv0ddvo_photoloss_pre: 0.0083, lv0ddvo_structloss_pre: 0.0349, lv0ddvo_photoloss_next: 0.0075, lv0ddvo_structloss_next: 0.0295, loss: 0.1207
2026-01-25 02:54:23,767 - hdvo - INFO - Iter [6900/40000]	lr: 9.291e-05, eta: 1:13:15, time: 0.130, data_time: 0.003, memory: 2228, lv0_smooth: 0.0018, lv0photo_stereo_r2lSM_ref: 0.0075, lv0struct_stereo_r2lSM_ref: 0.0327, lv0ddvo_photoloss_pre: 0.0096, lv0ddvo_structloss_pre: 0.0359, lv0ddvo_photoloss_next: 0.0083, lv0ddvo_structloss_next: 0.0299, loss: 0.1258
2026-01-25 02:54:30,249 - hdvo - INFO - Iter [6950/40000]	lr: 9.281e-05, eta: 1:13:08, time: 0.130, data_time: 0.003, memory: 2228, lv0_smooth: 0.0018, lv0photo_stereo_r2lSM_ref: 0.0071, lv0struct_stereo_r2lSM_ref: 0.0328, lv0ddvo_photoloss_pre: 0.0081, lv0ddvo_structloss_pre: 0.0349, lv0ddvo_photoloss_next: 0.0072, lv0ddvo_structloss_next: 0.0292, loss: 0.1210
2026-01-25 02:54:36,842 - hdvo - INFO - Iter [7000/40000]	lr: 9.271e-05, eta: 1:13:01, time: 0.132, data_time: 0.003, memory: 2228, lv0_smooth: 0.0018, lv0photo_stereo_r2lSM_ref: 0.0069, lv0struct_stereo_r2lSM_ref: 0.0321, lv0ddvo_photoloss_pre: 0.0080, lv0ddvo_structloss_pre: 0.0345, lv0ddvo_photoloss_next: 0.0073, lv0ddvo_structloss_next: 0.0295, loss: 0.1199
2026-01-25 02:54:43,347 - hdvo - INFO - Iter [7050/40000]	lr: 9.261e-05, eta: 1:12:54, time: 0.130, data_time: 0.002, memory: 2228, lv0_smooth: 0.0018, lv0photo_stereo_r2lSM_ref: 0.0064, lv0struct_stereo_r2lSM_ref: 0.0313, lv0ddvo_photoloss_pre: 0.0079, lv0ddvo_structloss_pre: 0.0341, lv0ddvo_photoloss_next: 0.0068, lv0ddvo_structloss_next: 0.0288, loss: 0.1171
2026-01-25 02:54:49,990 - hdvo - INFO - Iter [7100/40000]	lr: 9.250e-05, eta: 1:12:47, time: 0.133, data_time: 0.003, memory: 2228, lv0_smooth: 0.0017, lv0photo_stereo_r2lSM_ref: 0.0073, lv0struct_stereo_r2lSM_ref: 0.0328, lv0ddvo_photoloss_pre: 0.0085, lv0ddvo_structloss_pre: 0.0350, lv0ddvo_photoloss_next: 0.0076, lv0ddvo_structloss_next: 0.0297, loss: 0.1226
2026-01-25 02:54:56,503 - hdvo - INFO - Iter [7150/40000]	lr: 9.240e-05, eta: 1:12:40, time: 0.131, data_time: 0.003, memory: 2228, lv0_smooth: 0.0018, lv0photo_stereo_r2lSM_ref: 0.0071, lv0struct_stereo_r2lSM_ref: 0.0324, lv0ddvo_photoloss_pre: 0.0084, lv0ddvo_structloss_pre: 0.0349, lv0ddvo_photoloss_next: 0.0072, lv0ddvo_structloss_next: 0.0292, loss: 0.1210
2026-01-25 02:55:03,002 - hdvo - INFO - Iter [7200/40000]	lr: 9.230e-05, eta: 1:12:33, time: 0.130, data_time: 0.003, memory: 2228, lv0_smooth: 0.0017, lv0photo_stereo_r2lSM_ref: 0.0068, lv0struct_stereo_r2lSM_ref: 0.0321, lv0ddvo_photoloss_pre: 0.0084, lv0ddvo_structloss_pre: 0.0348, lv0ddvo_photoloss_next: 0.0073, lv0ddvo_structloss_next: 0.0293, loss: 0.1203
2026-01-25 02:55:09,606 - hdvo - INFO - Iter [7250/40000]	lr: 9.219e-05, eta: 1:12:26, time: 0.132, data_time: 0.004, memory: 2228, lv0_smooth: 0.0018, lv0photo_stereo_r2lSM_ref: 0.0074, lv0struct_stereo_r2lSM_ref: 0.0326, lv0ddvo_photoloss_pre: 0.0090, lv0ddvo_structloss_pre: 0.0355, lv0ddvo_photoloss_next: 0.0078, lv0ddvo_structloss_next: 0.0294, loss: 0.1234
2026-01-25 02:55:16,124 - hdvo - INFO - Iter [7300/40000]	lr: 9.209e-05, eta: 1:12:19, time: 0.130, data_time: 0.002, memory: 2228, lv0_smooth: 0.0018, lv0photo_stereo_r2lSM_ref: 0.0072, lv0struct_stereo_r2lSM_ref: 0.0322, lv0ddvo_photoloss_pre: 0.0086, lv0ddvo_structloss_pre: 0.0353, lv0ddvo_photoloss_next: 0.0078, lv0ddvo_structloss_next: 0.0295, loss: 0.1225
2026-01-25 02:55:22,728 - hdvo - INFO - Iter [7350/40000]	lr: 9.198e-05, eta: 1:12:12, time: 0.132, data_time: 0.004, memory: 2228, lv0_smooth: 0.0018, lv0photo_stereo_r2lSM_ref: 0.0073, lv0struct_stereo_r2lSM_ref: 0.0327, lv0ddvo_photoloss_pre: 0.0093, lv0ddvo_structloss_pre: 0.0359, lv0ddvo_photoloss_next: 0.0080, lv0ddvo_structloss_next: 0.0303, loss: 0.1252
2026-01-25 02:55:29,214 - hdvo - INFO - Iter [7400/40000]	lr: 9.187e-05, eta: 1:12:05, time: 0.130, data_time: 0.002, memory: 2228, lv0_smooth: 0.0018, lv0photo_stereo_r2lSM_ref: 0.0074, lv0struct_stereo_r2lSM_ref: 0.0325, lv0ddvo_photoloss_pre: 0.0088, lv0ddvo_structloss_pre: 0.0356, lv0ddvo_photoloss_next: 0.0075, lv0ddvo_structloss_next: 0.0292, loss: 0.1227
2026-01-25 02:55:35,787 - hdvo - INFO - Iter [7450/40000]	lr: 9.177e-05, eta: 1:11:58, time: 0.131, data_time: 0.004, memory: 2228, lv0_smooth: 0.0018, lv0photo_stereo_r2lSM_ref: 0.0072, lv0struct_stereo_r2lSM_ref: 0.0324, lv0ddvo_photoloss_pre: 0.0094, lv0ddvo_structloss_pre: 0.0359, lv0ddvo_photoloss_next: 0.0079, lv0ddvo_structloss_next: 0.0295, loss: 0.1240
2026-01-25 02:55:42,377 - hdvo - INFO - Iter [7500/40000]	lr: 9.166e-05, eta: 1:11:51, time: 0.132, data_time: 0.004, memory: 2228, lv0_smooth: 0.0017, lv0photo_stereo_r2lSM_ref: 0.0074, lv0struct_stereo_r2lSM_ref: 0.0325, lv0ddvo_photoloss_pre: 0.0085, lv0ddvo_structloss_pre: 0.0347, lv0ddvo_photoloss_next: 0.0071, lv0ddvo_structloss_next: 0.0284, loss: 0.1203
2026-01-25 02:55:48,921 - hdvo - INFO - Iter [7550/40000]	lr: 9.155e-05, eta: 1:11:44, time: 0.131, data_time: 0.003, memory: 2228, lv0_smooth: 0.0017, lv0photo_stereo_r2lSM_ref: 0.0073, lv0struct_stereo_r2lSM_ref: 0.0323, lv0ddvo_photoloss_pre: 0.0092, lv0ddvo_structloss_pre: 0.0354, lv0ddvo_photoloss_next: 0.0075, lv0ddvo_structloss_next: 0.0290, loss: 0.1224
2026-01-25 02:55:55,476 - hdvo - INFO - Iter [7600/40000]	lr: 9.144e-05, eta: 1:11:37, time: 0.131, data_time: 0.003, memory: 2228, lv0_smooth: 0.0018, lv0photo_stereo_r2lSM_ref: 0.0069, lv0struct_stereo_r2lSM_ref: 0.0325, lv0ddvo_photoloss_pre: 0.0090, lv0ddvo_structloss_pre: 0.0359, lv0ddvo_photoloss_next: 0.0078, lv0ddvo_structloss_next: 0.0300, loss: 0.1239
2026-01-25 02:56:02,061 - hdvo - INFO - Iter [7650/40000]	lr: 9.133e-05, eta: 1:11:30, time: 0.131, data_time: 0.004, memory: 2228, lv0_smooth: 0.0017, lv0photo_stereo_r2lSM_ref: 0.0067, lv0struct_stereo_r2lSM_ref: 0.0319, lv0ddvo_photoloss_pre: 0.0087, lv0ddvo_structloss_pre: 0.0353, lv0ddvo_photoloss_next: 0.0072, lv0ddvo_structloss_next: 0.0294, loss: 0.1209
2026-01-25 02:56:08,584 - hdvo - INFO - Iter [7700/40000]	lr: 9.122e-05, eta: 1:11:23, time: 0.131, data_time: 0.003, memory: 2228, lv0_smooth: 0.0018, lv0photo_stereo_r2lSM_ref: 0.0071, lv0struct_stereo_r2lSM_ref: 0.0324, lv0ddvo_photoloss_pre: 0.0098, lv0ddvo_structloss_pre: 0.0357, lv0ddvo_photoloss_next: 0.0084, lv0ddvo_structloss_next: 0.0295, loss: 0.1246
2026-01-25 02:56:15,158 - hdvo - INFO - Iter [7750/40000]	lr: 9.111e-05, eta: 1:11:16, time: 0.132, data_time: 0.003, memory: 2228, lv0_smooth: 0.0018, lv0photo_stereo_r2lSM_ref: 0.0072, lv0struct_stereo_r2lSM_ref: 0.0324, lv0ddvo_photoloss_pre: 0.0090, lv0ddvo_structloss_pre: 0.0351, lv0ddvo_photoloss_next: 0.0073, lv0ddvo_structloss_next: 0.0291, loss: 0.1218
2026-01-25 02:56:21,784 - hdvo - INFO - Iter [7800/40000]	lr: 9.100e-05, eta: 1:11:10, time: 0.133, data_time: 0.003, memory: 2228, lv0_smooth: 0.0018, lv0photo_stereo_r2lSM_ref: 0.0070, lv0struct_stereo_r2lSM_ref: 0.0320, lv0ddvo_photoloss_pre: 0.0090, lv0ddvo_structloss_pre: 0.0350, lv0ddvo_photoloss_next: 0.0077, lv0ddvo_structloss_next: 0.0291, loss: 0.1214
2026-01-25 02:56:28,259 - hdvo - INFO - Iter [7850/40000]	lr: 9.089e-05, eta: 1:11:02, time: 0.129, data_time: 0.003, memory: 2228, lv0_smooth: 0.0018, lv0photo_stereo_r2lSM_ref: 0.0072, lv0struct_stereo_r2lSM_ref: 0.0323, lv0ddvo_photoloss_pre: 0.0088, lv0ddvo_structloss_pre: 0.0351, lv0ddvo_photoloss_next: 0.0076, lv0ddvo_structloss_next: 0.0296, loss: 0.1224
2026-01-25 02:56:34,872 - hdvo - INFO - Iter [7900/40000]	lr: 9.078e-05, eta: 1:10:56, time: 0.132, data_time: 0.005, memory: 2228, lv0_smooth: 0.0017, lv0photo_stereo_r2lSM_ref: 0.0072, lv0struct_stereo_r2lSM_ref: 0.0323, lv0ddvo_photoloss_pre: 0.0086, lv0ddvo_structloss_pre: 0.0351, lv0ddvo_photoloss_next: 0.0081, lv0ddvo_structloss_next: 0.0292, loss: 0.1222
2026-01-25 02:56:41,430 - hdvo - INFO - Iter [7950/40000]	lr: 9.066e-05, eta: 1:10:49, time: 0.131, data_time: 0.004, memory: 2228, lv0_smooth: 0.0017, lv0photo_stereo_r2lSM_ref: 0.0072, lv0struct_stereo_r2lSM_ref: 0.0321, lv0ddvo_photoloss_pre: 0.0095, lv0ddvo_structloss_pre: 0.0351, lv0ddvo_photoloss_next: 0.0083, lv0ddvo_structloss_next: 0.0290, loss: 0.1230
2026-01-25 02:56:47,898 - hdvo - INFO - Saving checkpoint at 8000 iterations
2026-01-25 02:56:48,577 - hdvo - INFO - Iter [8000/40000]	lr: 9.055e-05, eta: 1:10:44, time: 0.143, data_time: 0.004, memory: 2228, lv0_smooth: 0.0017, lv0photo_stereo_r2lSM_ref: 0.0073, lv0struct_stereo_r2lSM_ref: 0.0324, lv0ddvo_photoloss_pre: 0.0089, lv0ddvo_structloss_pre: 0.0355, lv0ddvo_photoloss_next: 0.0079, lv0ddvo_structloss_next: 0.0292, loss: 0.1229
2026-01-25 02:56:55,298 - hdvo - INFO - Iter [8050/40000]	lr: 9.043e-05, eta: 1:10:38, time: 0.134, data_time: 0.002, memory: 2228, lv0_smooth: 0.0018, lv0photo_stereo_r2lSM_ref: 0.0071, lv0struct_stereo_r2lSM_ref: 0.0325, lv0ddvo_photoloss_pre: 0.0094, lv0ddvo_structloss_pre: 0.0358, lv0ddvo_photoloss_next: 0.0077, lv0ddvo_structloss_next: 0.0295, loss: 0.1239
2026-01-25 02:57:01,867 - hdvo - INFO - Iter [8100/40000]	lr: 9.032e-05, eta: 1:10:31, time: 0.131, data_time: 0.004, memory: 2228, lv0_smooth: 0.0018, lv0photo_stereo_r2lSM_ref: 0.0069, lv0struct_stereo_r2lSM_ref: 0.0323, lv0ddvo_photoloss_pre: 0.0083, lv0ddvo_structloss_pre: 0.0350, lv0ddvo_photoloss_next: 0.0075, lv0ddvo_structloss_next: 0.0297, loss: 0.1216
2026-01-25 02:57:08,457 - hdvo - INFO - Iter [8150/40000]	lr: 9.020e-05, eta: 1:10:24, time: 0.132, data_time: 0.003, memory: 2228, lv0_smooth: 0.0018, lv0photo_stereo_r2lSM_ref: 0.0073, lv0struct_stereo_r2lSM_ref: 0.0326, lv0ddvo_photoloss_pre: 0.0089, lv0ddvo_structloss_pre: 0.0357, lv0ddvo_photoloss_next: 0.0078, lv0ddvo_structloss_next: 0.0302, loss: 0.1244
2026-01-25 02:57:15,044 - hdvo - INFO - Iter [8200/40000]	lr: 9.009e-05, eta: 1:10:17, time: 0.132, data_time: 0.002, memory: 2228, lv0_smooth: 0.0018, lv0photo_stereo_r2lSM_ref: 0.0071, lv0struct_stereo_r2lSM_ref: 0.0321, lv0ddvo_photoloss_pre: 0.0091, lv0ddvo_structloss_pre: 0.0348, lv0ddvo_photoloss_next: 0.0076, lv0ddvo_structloss_next: 0.0291, loss: 0.1215
2026-01-25 02:57:21,587 - hdvo - INFO - Iter [8250/40000]	lr: 8.997e-05, eta: 1:10:11, time: 0.131, data_time: 0.002, memory: 2228, lv0_smooth: 0.0018, lv0photo_stereo_r2lSM_ref: 0.0071, lv0struct_stereo_r2lSM_ref: 0.0323, lv0ddvo_photoloss_pre: 0.0093, lv0ddvo_structloss_pre: 0.0357, lv0ddvo_photoloss_next: 0.0082, lv0ddvo_structloss_next: 0.0298, loss: 0.1242
2026-01-25 02:57:28,068 - hdvo - INFO - Iter [8300/40000]	lr: 8.985e-05, eta: 1:10:03, time: 0.129, data_time: 0.004, memory: 2228, lv0_smooth: 0.0017, lv0photo_stereo_r2lSM_ref: 0.0070, lv0struct_stereo_r2lSM_ref: 0.0318, lv0ddvo_photoloss_pre: 0.0090, lv0ddvo_structloss_pre: 0.0353, lv0ddvo_photoloss_next: 0.0079, lv0ddvo_structloss_next: 0.0290, loss: 0.1216
2026-01-25 02:57:34,543 - hdvo - INFO - Iter [8350/40000]	lr: 8.973e-05, eta: 1:09:56, time: 0.130, data_time: 0.004, memory: 2228, lv0_smooth: 0.0018, lv0photo_stereo_r2lSM_ref: 0.0070, lv0struct_stereo_r2lSM_ref: 0.0320, lv0ddvo_photoloss_pre: 0.0086, lv0ddvo_structloss_pre: 0.0349, lv0ddvo_photoloss_next: 0.0073, lv0ddvo_structloss_next: 0.0290, loss: 0.1204
2026-01-25 02:57:41,211 - hdvo - INFO - Iter [8400/40000]	lr: 8.962e-05, eta: 1:09:50, time: 0.133, data_time: 0.004, memory: 2228, lv0_smooth: 0.0018, lv0photo_stereo_r2lSM_ref: 0.0071, lv0struct_stereo_r2lSM_ref: 0.0323, lv0ddvo_photoloss_pre: 0.0090, lv0ddvo_structloss_pre: 0.0353, lv0ddvo_photoloss_next: 0.0078, lv0ddvo_structloss_next: 0.0297, loss: 0.1230
2026-01-25 02:57:47,827 - hdvo - INFO - Iter [8450/40000]	lr: 8.950e-05, eta: 1:09:43, time: 0.132, data_time: 0.004, memory: 2228, lv0_smooth: 0.0018, lv0photo_stereo_r2lSM_ref: 0.0068, lv0struct_stereo_r2lSM_ref: 0.0319, lv0ddvo_photoloss_pre: 0.0087, lv0ddvo_structloss_pre: 0.0348, lv0ddvo_photoloss_next: 0.0073, lv0ddvo_structloss_next: 0.0294, loss: 0.1207
2026-01-25 02:57:54,485 - hdvo - INFO - Iter [8500/40000]	lr: 8.938e-05, eta: 1:09:36, time: 0.133, data_time: 0.004, memory: 2228, lv0_smooth: 0.0018, lv0photo_stereo_r2lSM_ref: 0.0068, lv0struct_stereo_r2lSM_ref: 0.0317, lv0ddvo_photoloss_pre: 0.0089, lv0ddvo_structloss_pre: 0.0351, lv0ddvo_photoloss_next: 0.0078, lv0ddvo_structloss_next: 0.0293, loss: 0.1213
2026-01-25 02:58:01,037 - hdvo - INFO - Iter [8550/40000]	lr: 8.925e-05, eta: 1:09:29, time: 0.131, data_time: 0.003, memory: 2228, lv0_smooth: 0.0018, lv0photo_stereo_r2lSM_ref: 0.0070, lv0struct_stereo_r2lSM_ref: 0.0321, lv0ddvo_photoloss_pre: 0.0084, lv0ddvo_structloss_pre: 0.0347, lv0ddvo_photoloss_next: 0.0072, lv0ddvo_structloss_next: 0.0291, loss: 0.1203
2026-01-25 02:58:07,597 - hdvo - INFO - Iter [8600/40000]	lr: 8.913e-05, eta: 1:09:23, time: 0.131, data_time: 0.004, memory: 2228, lv0_smooth: 0.0018, lv0photo_stereo_r2lSM_ref: 0.0066, lv0struct_stereo_r2lSM_ref: 0.0315, lv0ddvo_photoloss_pre: 0.0089, lv0ddvo_structloss_pre: 0.0350, lv0ddvo_photoloss_next: 0.0079, lv0ddvo_structloss_next: 0.0292, loss: 0.1209
2026-01-25 02:58:14,280 - hdvo - INFO - Iter [8650/40000]	lr: 8.901e-05, eta: 1:09:16, time: 0.134, data_time: 0.003, memory: 2228, lv0_smooth: 0.0018, lv0photo_stereo_r2lSM_ref: 0.0070, lv0struct_stereo_r2lSM_ref: 0.0322, lv0ddvo_photoloss_pre: 0.0089, lv0ddvo_structloss_pre: 0.0356, lv0ddvo_photoloss_next: 0.0074, lv0ddvo_structloss_next: 0.0294, loss: 0.1222
2026-01-25 02:58:20,797 - hdvo - INFO - Iter [8700/40000]	lr: 8.889e-05, eta: 1:09:09, time: 0.131, data_time: 0.003, memory: 2228, lv0_smooth: 0.0018, lv0photo_stereo_r2lSM_ref: 0.0070, lv0struct_stereo_r2lSM_ref: 0.0325, lv0ddvo_photoloss_pre: 0.0089, lv0ddvo_structloss_pre: 0.0360, lv0ddvo_photoloss_next: 0.0079, lv0ddvo_structloss_next: 0.0297, loss: 0.1237
2026-01-25 02:58:27,369 - hdvo - INFO - Iter [8750/40000]	lr: 8.877e-05, eta: 1:09:02, time: 0.131, data_time: 0.003, memory: 2228, lv0_smooth: 0.0017, lv0photo_stereo_r2lSM_ref: 0.0072, lv0struct_stereo_r2lSM_ref: 0.0327, lv0ddvo_photoloss_pre: 0.0090, lv0ddvo_structloss_pre: 0.0354, lv0ddvo_photoloss_next: 0.0081, lv0ddvo_structloss_next: 0.0293, loss: 0.1234
2026-01-25 02:58:33,914 - hdvo - INFO - Iter [8800/40000]	lr: 8.864e-05, eta: 1:08:55, time: 0.131, data_time: 0.003, memory: 2228, lv0_smooth: 0.0017, lv0photo_stereo_r2lSM_ref: 0.0071, lv0struct_stereo_r2lSM_ref: 0.0323, lv0ddvo_photoloss_pre: 0.0084, lv0ddvo_structloss_pre: 0.0353, lv0ddvo_photoloss_next: 0.0070, lv0ddvo_structloss_next: 0.0288, loss: 0.1206
2026-01-25 02:58:40,526 - hdvo - INFO - Iter [8850/40000]	lr: 8.852e-05, eta: 1:08:49, time: 0.132, data_time: 0.003, memory: 2228, lv0_smooth: 0.0018, lv0photo_stereo_r2lSM_ref: 0.0075, lv0struct_stereo_r2lSM_ref: 0.0328, lv0ddvo_photoloss_pre: 0.0095, lv0ddvo_structloss_pre: 0.0355, lv0ddvo_photoloss_next: 0.0078, lv0ddvo_structloss_next: 0.0295, loss: 0.1244
2026-01-25 02:58:47,082 - hdvo - INFO - Iter [8900/40000]	lr: 8.839e-05, eta: 1:08:42, time: 0.131, data_time: 0.003, memory: 2228, lv0_smooth: 0.0018, lv0photo_stereo_r2lSM_ref: 0.0068, lv0struct_stereo_r2lSM_ref: 0.0319, lv0ddvo_photoloss_pre: 0.0084, lv0ddvo_structloss_pre: 0.0354, lv0ddvo_photoloss_next: 0.0074, lv0ddvo_structloss_next: 0.0288, loss: 0.1205
2026-01-25 02:58:53,639 - hdvo - INFO - Iter [8950/40000]	lr: 8.827e-05, eta: 1:08:35, time: 0.131, data_time: 0.003, memory: 2228, lv0_smooth: 0.0018, lv0photo_stereo_r2lSM_ref: 0.0068, lv0struct_stereo_r2lSM_ref: 0.0320, lv0ddvo_photoloss_pre: 0.0085, lv0ddvo_structloss_pre: 0.0347, lv0ddvo_photoloss_next: 0.0077, lv0ddvo_structloss_next: 0.0295, loss: 0.1210
2026-01-25 02:59:00,208 - hdvo - INFO - Iter [9000/40000]	lr: 8.814e-05, eta: 1:08:28, time: 0.131, data_time: 0.004, memory: 2228, lv0_smooth: 0.0017, lv0photo_stereo_r2lSM_ref: 0.0067, lv0struct_stereo_r2lSM_ref: 0.0320, lv0ddvo_photoloss_pre: 0.0080, lv0ddvo_structloss_pre: 0.0345, lv0ddvo_photoloss_next: 0.0070, lv0ddvo_structloss_next: 0.0290, loss: 0.1189
2026-01-25 02:59:06,740 - hdvo - INFO - Iter [9050/40000]	lr: 8.802e-05, eta: 1:08:21, time: 0.131, data_time: 0.003, memory: 2228, lv0_smooth: 0.0018, lv0photo_stereo_r2lSM_ref: 0.0069, lv0struct_stereo_r2lSM_ref: 0.0319, lv0ddvo_photoloss_pre: 0.0090, lv0ddvo_structloss_pre: 0.0354, lv0ddvo_photoloss_next: 0.0079, lv0ddvo_structloss_next: 0.0294, loss: 0.1223
2026-01-25 02:59:13,462 - hdvo - INFO - Iter [9100/40000]	lr: 8.789e-05, eta: 1:08:15, time: 0.134, data_time: 0.003, memory: 2228, lv0_smooth: 0.0018, lv0photo_stereo_r2lSM_ref: 0.0069, lv0struct_stereo_r2lSM_ref: 0.0321, lv0ddvo_photoloss_pre: 0.0080, lv0ddvo_structloss_pre: 0.0347, lv0ddvo_photoloss_next: 0.0069, lv0ddvo_structloss_next: 0.0291, loss: 0.1196
2026-01-25 02:59:20,102 - hdvo - INFO - Iter [9150/40000]	lr: 8.776e-05, eta: 1:08:08, time: 0.133, data_time: 0.004, memory: 2228, lv0_smooth: 0.0017, lv0photo_stereo_r2lSM_ref: 0.0069, lv0struct_stereo_r2lSM_ref: 0.0319, lv0ddvo_photoloss_pre: 0.0086, lv0ddvo_structloss_pre: 0.0348, lv0ddvo_photoloss_next: 0.0075, lv0ddvo_structloss_next: 0.0292, loss: 0.1205
2026-01-25 02:59:26,745 - hdvo - INFO - Iter [9200/40000]	lr: 8.763e-05, eta: 1:08:02, time: 0.133, data_time: 0.004, memory: 2228, lv0_smooth: 0.0017, lv0photo_stereo_r2lSM_ref: 0.0069, lv0struct_stereo_r2lSM_ref: 0.0317, lv0ddvo_photoloss_pre: 0.0086, lv0ddvo_structloss_pre: 0.0348, lv0ddvo_photoloss_next: 0.0071, lv0ddvo_structloss_next: 0.0285, loss: 0.1194
2026-01-25 02:59:33,273 - hdvo - INFO - Iter [9250/40000]	lr: 8.750e-05, eta: 1:07:55, time: 0.131, data_time: 0.004, memory: 2228, lv0_smooth: 0.0017, lv0photo_stereo_r2lSM_ref: 0.0070, lv0struct_stereo_r2lSM_ref: 0.0324, lv0ddvo_photoloss_pre: 0.0089, lv0ddvo_structloss_pre: 0.0356, lv0ddvo_photoloss_next: 0.0076, lv0ddvo_structloss_next: 0.0293, loss: 0.1225
2026-01-25 02:59:40,069 - hdvo - INFO - Iter [9300/40000]	lr: 8.737e-05, eta: 1:07:49, time: 0.136, data_time: 0.002, memory: 2228, lv0_smooth: 0.0017, lv0photo_stereo_r2lSM_ref: 0.0071, lv0struct_stereo_r2lSM_ref: 0.0319, lv0ddvo_photoloss_pre: 0.0085, lv0ddvo_structloss_pre: 0.0349, lv0ddvo_photoloss_next: 0.0075, lv0ddvo_structloss_next: 0.0289, loss: 0.1206
2026-01-25 02:59:46,681 - hdvo - INFO - Iter [9350/40000]	lr: 8.724e-05, eta: 1:07:42, time: 0.132, data_time: 0.003, memory: 2228, lv0_smooth: 0.0018, lv0photo_stereo_r2lSM_ref: 0.0070, lv0struct_stereo_r2lSM_ref: 0.0321, lv0ddvo_photoloss_pre: 0.0094, lv0ddvo_structloss_pre: 0.0356, lv0ddvo_photoloss_next: 0.0081, lv0ddvo_structloss_next: 0.0296, loss: 0.1236
2026-01-25 02:59:53,342 - hdvo - INFO - Iter [9400/40000]	lr: 8.711e-05, eta: 1:07:35, time: 0.133, data_time: 0.004, memory: 2228, lv0_smooth: 0.0017, lv0photo_stereo_r2lSM_ref: 0.0069, lv0struct_stereo_r2lSM_ref: 0.0319, lv0ddvo_photoloss_pre: 0.0086, lv0ddvo_structloss_pre: 0.0349, lv0ddvo_photoloss_next: 0.0076, lv0ddvo_structloss_next: 0.0293, loss: 0.1209
2026-01-25 02:59:59,976 - hdvo - INFO - Iter [9450/40000]	lr: 8.698e-05, eta: 1:07:29, time: 0.133, data_time: 0.003, memory: 2228, lv0_smooth: 0.0018, lv0photo_stereo_r2lSM_ref: 0.0072, lv0struct_stereo_r2lSM_ref: 0.0323, lv0ddvo_photoloss_pre: 0.0087, lv0ddvo_structloss_pre: 0.0348, lv0ddvo_photoloss_next: 0.0076, lv0ddvo_structloss_next: 0.0294, loss: 0.1218
2026-01-25 03:00:06,495 - hdvo - INFO - Iter [9500/40000]	lr: 8.685e-05, eta: 1:07:22, time: 0.130, data_time: 0.003, memory: 2228, lv0_smooth: 0.0018, lv0photo_stereo_r2lSM_ref: 0.0076, lv0struct_stereo_r2lSM_ref: 0.0327, lv0ddvo_photoloss_pre: 0.0092, lv0ddvo_structloss_pre: 0.0358, lv0ddvo_photoloss_next: 0.0084, lv0ddvo_structloss_next: 0.0304, loss: 0.1259
2026-01-25 03:00:13,181 - hdvo - INFO - Iter [9550/40000]	lr: 8.672e-05, eta: 1:07:15, time: 0.134, data_time: 0.003, memory: 2228, lv0_smooth: 0.0018, lv0photo_stereo_r2lSM_ref: 0.0071, lv0struct_stereo_r2lSM_ref: 0.0320, lv0ddvo_photoloss_pre: 0.0081, lv0ddvo_structloss_pre: 0.0342, lv0ddvo_photoloss_next: 0.0076, lv0ddvo_structloss_next: 0.0292, loss: 0.1200
2026-01-25 03:00:19,801 - hdvo - INFO - Iter [9600/40000]	lr: 8.659e-05, eta: 1:07:09, time: 0.132, data_time: 0.004, memory: 2228, lv0_smooth: 0.0017, lv0photo_stereo_r2lSM_ref: 0.0066, lv0struct_stereo_r2lSM_ref: 0.0316, lv0ddvo_photoloss_pre: 0.0093, lv0ddvo_structloss_pre: 0.0351, lv0ddvo_photoloss_next: 0.0082, lv0ddvo_structloss_next: 0.0291, loss: 0.1216
2026-01-25 03:00:26,399 - hdvo - INFO - Iter [9650/40000]	lr: 8.645e-05, eta: 1:07:02, time: 0.133, data_time: 0.004, memory: 2228, lv0_smooth: 0.0017, lv0photo_stereo_r2lSM_ref: 0.0070, lv0struct_stereo_r2lSM_ref: 0.0321, lv0ddvo_photoloss_pre: 0.0089, lv0ddvo_structloss_pre: 0.0352, lv0ddvo_photoloss_next: 0.0077, lv0ddvo_structloss_next: 0.0290, loss: 0.1217
2026-01-25 03:00:32,966 - hdvo - INFO - Iter [9700/40000]	lr: 8.632e-05, eta: 1:06:55, time: 0.131, data_time: 0.002, memory: 2228, lv0_smooth: 0.0017, lv0photo_stereo_r2lSM_ref: 0.0071, lv0struct_stereo_r2lSM_ref: 0.0323, lv0ddvo_photoloss_pre: 0.0092, lv0ddvo_structloss_pre: 0.0353, lv0ddvo_photoloss_next: 0.0079, lv0ddvo_structloss_next: 0.0293, loss: 0.1229
2026-01-25 03:00:39,707 - hdvo - INFO - Iter [9750/40000]	lr: 8.618e-05, eta: 1:06:49, time: 0.135, data_time: 0.003, memory: 2228, lv0_smooth: 0.0018, lv0photo_stereo_r2lSM_ref: 0.0073, lv0struct_stereo_r2lSM_ref: 0.0325, lv0ddvo_photoloss_pre: 0.0085, lv0ddvo_structloss_pre: 0.0354, lv0ddvo_photoloss_next: 0.0076, lv0ddvo_structloss_next: 0.0296, loss: 0.1228
2026-01-25 03:00:46,336 - hdvo - INFO - Iter [9800/40000]	lr: 8.605e-05, eta: 1:06:42, time: 0.133, data_time: 0.003, memory: 2228, lv0_smooth: 0.0018, lv0photo_stereo_r2lSM_ref: 0.0072, lv0struct_stereo_r2lSM_ref: 0.0325, lv0ddvo_photoloss_pre: 0.0091, lv0ddvo_structloss_pre: 0.0352, lv0ddvo_photoloss_next: 0.0080, lv0ddvo_structloss_next: 0.0298, loss: 0.1237
2026-01-25 03:00:52,908 - hdvo - INFO - Iter [9850/40000]	lr: 8.591e-05, eta: 1:06:36, time: 0.131, data_time: 0.003, memory: 2228, lv0_smooth: 0.0017, lv0photo_stereo_r2lSM_ref: 0.0069, lv0struct_stereo_r2lSM_ref: 0.0320, lv0ddvo_photoloss_pre: 0.0077, lv0ddvo_structloss_pre: 0.0342, lv0ddvo_photoloss_next: 0.0069, lv0ddvo_structloss_next: 0.0290, loss: 0.1185
2026-01-25 03:00:59,484 - hdvo - INFO - Iter [9900/40000]	lr: 8.578e-05, eta: 1:06:29, time: 0.132, data_time: 0.003, memory: 2228, lv0_smooth: 0.0018, lv0photo_stereo_r2lSM_ref: 0.0070, lv0struct_stereo_r2lSM_ref: 0.0320, lv0ddvo_photoloss_pre: 0.0087, lv0ddvo_structloss_pre: 0.0348, lv0ddvo_photoloss_next: 0.0080, lv0ddvo_structloss_next: 0.0296, loss: 0.1219
2026-01-25 03:01:06,211 - hdvo - INFO - Iter [9950/40000]	lr: 8.564e-05, eta: 1:06:22, time: 0.135, data_time: 0.003, memory: 2228, lv0_smooth: 0.0017, lv0photo_stereo_r2lSM_ref: 0.0071, lv0struct_stereo_r2lSM_ref: 0.0318, lv0ddvo_photoloss_pre: 0.0084, lv0ddvo_structloss_pre: 0.0342, lv0ddvo_photoloss_next: 0.0073, lv0ddvo_structloss_next: 0.0286, loss: 0.1191
2026-01-25 03:01:12,982 - hdvo - INFO - Iter [10000/40000]	lr: 8.550e-05, eta: 1:06:16, time: 0.135, data_time: 0.004, memory: 2228, lv0_smooth: 0.0018, lv0photo_stereo_r2lSM_ref: 0.0075, lv0struct_stereo_r2lSM_ref: 0.0329, lv0ddvo_photoloss_pre: 0.0093, lv0ddvo_structloss_pre: 0.0362, lv0ddvo_photoloss_next: 0.0079, lv0ddvo_structloss_next: 0.0298, loss: 0.1254
2026-01-25 03:01:19,610 - hdvo - INFO - Iter [10050/40000]	lr: 8.537e-05, eta: 1:06:10, time: 0.133, data_time: 0.004, memory: 2228, lv0_smooth: 0.0018, lv0photo_stereo_r2lSM_ref: 0.0068, lv0struct_stereo_r2lSM_ref: 0.0318, lv0ddvo_photoloss_pre: 0.0084, lv0ddvo_structloss_pre: 0.0351, lv0ddvo_photoloss_next: 0.0072, lv0ddvo_structloss_next: 0.0292, loss: 0.1203
2026-01-25 03:01:26,202 - hdvo - INFO - Iter [10100/40000]	lr: 8.523e-05, eta: 1:06:03, time: 0.132, data_time: 0.004, memory: 2228, lv0_smooth: 0.0018, lv0photo_stereo_r2lSM_ref: 0.0071, lv0struct_stereo_r2lSM_ref: 0.0324, lv0ddvo_photoloss_pre: 0.0082, lv0ddvo_structloss_pre: 0.0347, lv0ddvo_photoloss_next: 0.0072, lv0ddvo_structloss_next: 0.0290, loss: 0.1205
2026-01-25 03:01:32,957 - hdvo - INFO - Iter [10150/40000]	lr: 8.509e-05, eta: 1:05:57, time: 0.135, data_time: 0.003, memory: 2228, lv0_smooth: 0.0018, lv0photo_stereo_r2lSM_ref: 0.0069, lv0struct_stereo_r2lSM_ref: 0.0321, lv0ddvo_photoloss_pre: 0.0088, lv0ddvo_structloss_pre: 0.0353, lv0ddvo_photoloss_next: 0.0078, lv0ddvo_structloss_next: 0.0296, loss: 0.1222
2026-01-25 03:01:41,989 - hdvo - INFO - Iter [10200/40000]	lr: 8.495e-05, eta: 1:05:57, time: 0.181, data_time: 0.053, memory: 2228, lv0_smooth: 0.0018, lv0photo_stereo_r2lSM_ref: 0.0065, lv0struct_stereo_r2lSM_ref: 0.0316, lv0ddvo_photoloss_pre: 0.0072, lv0ddvo_structloss_pre: 0.0340, lv0ddvo_photoloss_next: 0.0064, lv0ddvo_structloss_next: 0.0285, loss: 0.1160
2026-01-25 03:01:48,540 - hdvo - INFO - Iter [10250/40000]	lr: 8.481e-05, eta: 1:05:50, time: 0.131, data_time: 0.002, memory: 2228, lv0_smooth: 0.0018, lv0photo_stereo_r2lSM_ref: 0.0067, lv0struct_stereo_r2lSM_ref: 0.0323, lv0ddvo_photoloss_pre: 0.0083, lv0ddvo_structloss_pre: 0.0347, lv0ddvo_photoloss_next: 0.0072, lv0ddvo_structloss_next: 0.0292, loss: 0.1203
2026-01-25 03:01:55,195 - hdvo - INFO - Iter [10300/40000]	lr: 8.467e-05, eta: 1:05:43, time: 0.133, data_time: 0.003, memory: 2228, lv0_smooth: 0.0018, lv0photo_stereo_r2lSM_ref: 0.0070, lv0struct_stereo_r2lSM_ref: 0.0322, lv0ddvo_photoloss_pre: 0.0086, lv0ddvo_structloss_pre: 0.0348, lv0ddvo_photoloss_next: 0.0073, lv0ddvo_structloss_next: 0.0289, loss: 0.1208
2026-01-25 03:02:01,885 - hdvo - INFO - Iter [10350/40000]	lr: 8.453e-05, eta: 1:05:37, time: 0.134, data_time: 0.003, memory: 2228, lv0_smooth: 0.0018, lv0photo_stereo_r2lSM_ref: 0.0071, lv0struct_stereo_r2lSM_ref: 0.0323, lv0ddvo_photoloss_pre: 0.0091, lv0ddvo_structloss_pre: 0.0356, lv0ddvo_photoloss_next: 0.0080, lv0ddvo_structloss_next: 0.0299, loss: 0.1237
2026-01-25 03:02:08,510 - hdvo - INFO - Iter [10400/40000]	lr: 8.439e-05, eta: 1:05:30, time: 0.133, data_time: 0.003, memory: 2228, lv0_smooth: 0.0018, lv0photo_stereo_r2lSM_ref: 0.0070, lv0struct_stereo_r2lSM_ref: 0.0320, lv0ddvo_photoloss_pre: 0.0090, lv0ddvo_structloss_pre: 0.0349, lv0ddvo_photoloss_next: 0.0080, lv0ddvo_structloss_next: 0.0292, loss: 0.1219
2026-01-25 03:02:15,107 - hdvo - INFO - Iter [10450/40000]	lr: 8.425e-05, eta: 1:05:24, time: 0.132, data_time: 0.005, memory: 2228, lv0_smooth: 0.0017, lv0photo_stereo_r2lSM_ref: 0.0072, lv0struct_stereo_r2lSM_ref: 0.0320, lv0ddvo_photoloss_pre: 0.0088, lv0ddvo_structloss_pre: 0.0346, lv0ddvo_photoloss_next: 0.0076, lv0ddvo_structloss_next: 0.0286, loss: 0.1206
2026-01-25 03:02:21,778 - hdvo - INFO - Iter [10500/40000]	lr: 8.410e-05, eta: 1:05:17, time: 0.133, data_time: 0.003, memory: 2228, lv0_smooth: 0.0017, lv0photo_stereo_r2lSM_ref: 0.0068, lv0struct_stereo_r2lSM_ref: 0.0318, lv0ddvo_photoloss_pre: 0.0082, lv0ddvo_structloss_pre: 0.0351, lv0ddvo_photoloss_next: 0.0070, lv0ddvo_structloss_next: 0.0291, loss: 0.1197
2026-01-25 03:02:28,363 - hdvo - INFO - Iter [10550/40000]	lr: 8.396e-05, eta: 1:05:10, time: 0.132, data_time: 0.003, memory: 2228, lv0_smooth: 0.0017, lv0photo_stereo_r2lSM_ref: 0.0069, lv0struct_stereo_r2lSM_ref: 0.0320, lv0ddvo_photoloss_pre: 0.0088, lv0ddvo_structloss_pre: 0.0351, lv0ddvo_photoloss_next: 0.0078, lv0ddvo_structloss_next: 0.0297, loss: 0.1221
2026-01-25 03:02:34,921 - hdvo - INFO - Iter [10600/40000]	lr: 8.382e-05, eta: 1:05:03, time: 0.131, data_time: 0.003, memory: 2228, lv0_smooth: 0.0018, lv0photo_stereo_r2lSM_ref: 0.0077, lv0struct_stereo_r2lSM_ref: 0.0326, lv0ddvo_photoloss_pre: 0.0087, lv0ddvo_structloss_pre: 0.0355, lv0ddvo_photoloss_next: 0.0077, lv0ddvo_structloss_next: 0.0295, loss: 0.1235
2026-01-25 03:02:41,569 - hdvo - INFO - Iter [10650/40000]	lr: 8.367e-05, eta: 1:04:57, time: 0.133, data_time: 0.003, memory: 2228, lv0_smooth: 0.0018, lv0photo_stereo_r2lSM_ref: 0.0070, lv0struct_stereo_r2lSM_ref: 0.0323, lv0ddvo_photoloss_pre: 0.0094, lv0ddvo_structloss_pre: 0.0357, lv0ddvo_photoloss_next: 0.0077, lv0ddvo_structloss_next: 0.0296, loss: 0.1233
2026-01-25 03:02:48,066 - hdvo - INFO - Iter [10700/40000]	lr: 8.353e-05, eta: 1:04:50, time: 0.130, data_time: 0.004, memory: 2228, lv0_smooth: 0.0017, lv0photo_stereo_r2lSM_ref: 0.0066, lv0struct_stereo_r2lSM_ref: 0.0318, lv0ddvo_photoloss_pre: 0.0084, lv0ddvo_structloss_pre: 0.0347, lv0ddvo_photoloss_next: 0.0072, lv0ddvo_structloss_next: 0.0290, loss: 0.1194
2026-01-25 03:02:54,823 - hdvo - INFO - Iter [10750/40000]	lr: 8.338e-05, eta: 1:04:43, time: 0.135, data_time: 0.004, memory: 2228, lv0_smooth: 0.0018, lv0photo_stereo_r2lSM_ref: 0.0072, lv0struct_stereo_r2lSM_ref: 0.0325, lv0ddvo_photoloss_pre: 0.0096, lv0ddvo_structloss_pre: 0.0357, lv0ddvo_photoloss_next: 0.0085, lv0ddvo_structloss_next: 0.0300, loss: 0.1252
2026-01-25 03:03:01,453 - hdvo - INFO - Iter [10800/40000]	lr: 8.324e-05, eta: 1:04:37, time: 0.133, data_time: 0.003, memory: 2228, lv0_smooth: 0.0017, lv0photo_stereo_r2lSM_ref: 0.0070, lv0struct_stereo_r2lSM_ref: 0.0318, lv0ddvo_photoloss_pre: 0.0081, lv0ddvo_structloss_pre: 0.0342, lv0ddvo_photoloss_next: 0.0073, lv0ddvo_structloss_next: 0.0290, loss: 0.1191
2026-01-25 03:03:08,043 - hdvo - INFO - Iter [10850/40000]	lr: 8.309e-05, eta: 1:04:30, time: 0.132, data_time: 0.003, memory: 2228, lv0_smooth: 0.0018, lv0photo_stereo_r2lSM_ref: 0.0069, lv0struct_stereo_r2lSM_ref: 0.0323, lv0ddvo_photoloss_pre: 0.0085, lv0ddvo_structloss_pre: 0.0354, lv0ddvo_photoloss_next: 0.0073, lv0ddvo_structloss_next: 0.0296, loss: 0.1219
2026-01-25 03:03:14,748 - hdvo - INFO - Iter [10900/40000]	lr: 8.295e-05, eta: 1:04:24, time: 0.134, data_time: 0.002, memory: 2228, lv0_smooth: 0.0018, lv0photo_stereo_r2lSM_ref: 0.0074, lv0struct_stereo_r2lSM_ref: 0.0326, lv0ddvo_photoloss_pre: 0.0089, lv0ddvo_structloss_pre: 0.0351, lv0ddvo_photoloss_next: 0.0079, lv0ddvo_structloss_next: 0.0291, loss: 0.1228
2026-01-25 03:03:21,452 - hdvo - INFO - Iter [10950/40000]	lr: 8.280e-05, eta: 1:04:17, time: 0.134, data_time: 0.003, memory: 2228, lv0_smooth: 0.0018, lv0photo_stereo_r2lSM_ref: 0.0073, lv0struct_stereo_r2lSM_ref: 0.0326, lv0ddvo_photoloss_pre: 0.0082, lv0ddvo_structloss_pre: 0.0352, lv0ddvo_photoloss_next: 0.0073, lv0ddvo_structloss_next: 0.0297, loss: 0.1222
2026-01-25 03:03:28,083 - hdvo - INFO - Iter [11000/40000]	lr: 8.265e-05, eta: 1:04:10, time: 0.133, data_time: 0.003, memory: 2228, lv0_smooth: 0.0018, lv0photo_stereo_r2lSM_ref: 0.0070, lv0struct_stereo_r2lSM_ref: 0.0320, lv0ddvo_photoloss_pre: 0.0097, lv0ddvo_structloss_pre: 0.0355, lv0ddvo_photoloss_next: 0.0077, lv0ddvo_structloss_next: 0.0297, loss: 0.1235
2026-01-25 03:03:34,782 - hdvo - INFO - Iter [11050/40000]	lr: 8.250e-05, eta: 1:04:04, time: 0.134, data_time: 0.003, memory: 2228, lv0_smooth: 0.0018, lv0photo_stereo_r2lSM_ref: 0.0074, lv0struct_stereo_r2lSM_ref: 0.0327, lv0ddvo_photoloss_pre: 0.0093, lv0ddvo_structloss_pre: 0.0362, lv0ddvo_photoloss_next: 0.0077, lv0ddvo_structloss_next: 0.0301, loss: 0.1252
2026-01-25 03:03:41,329 - hdvo - INFO - Iter [11100/40000]	lr: 8.235e-05, eta: 1:03:57, time: 0.131, data_time: 0.002, memory: 2228, lv0_smooth: 0.0018, lv0photo_stereo_r2lSM_ref: 0.0071, lv0struct_stereo_r2lSM_ref: 0.0325, lv0ddvo_photoloss_pre: 0.0087, lv0ddvo_structloss_pre: 0.0352, lv0ddvo_photoloss_next: 0.0076, lv0ddvo_structloss_next: 0.0294, loss: 0.1223
2026-01-25 03:03:48,049 - hdvo - INFO - Iter [11150/40000]	lr: 8.221e-05, eta: 1:03:51, time: 0.134, data_time: 0.003, memory: 2228, lv0_smooth: 0.0018, lv0photo_stereo_r2lSM_ref: 0.0069, lv0struct_stereo_r2lSM_ref: 0.0321, lv0ddvo_photoloss_pre: 0.0081, lv0ddvo_structloss_pre: 0.0351, lv0ddvo_photoloss_next: 0.0071, lv0ddvo_structloss_next: 0.0296, loss: 0.1206
2026-01-25 03:03:54,658 - hdvo - INFO - Iter [11200/40000]	lr: 8.206e-05, eta: 1:03:44, time: 0.132, data_time: 0.003, memory: 2228, lv0_smooth: 0.0018, lv0photo_stereo_r2lSM_ref: 0.0070, lv0struct_stereo_r2lSM_ref: 0.0317, lv0ddvo_photoloss_pre: 0.0083, lv0ddvo_structloss_pre: 0.0345, lv0ddvo_photoloss_next: 0.0072, lv0ddvo_structloss_next: 0.0289, loss: 0.1195
2026-01-25 03:04:01,168 - hdvo - INFO - Iter [11250/40000]	lr: 8.191e-05, eta: 1:03:37, time: 0.130, data_time: 0.003, memory: 2228, lv0_smooth: 0.0018, lv0photo_stereo_r2lSM_ref: 0.0070, lv0struct_stereo_r2lSM_ref: 0.0321, lv0ddvo_photoloss_pre: 0.0086, lv0ddvo_structloss_pre: 0.0348, lv0ddvo_photoloss_next: 0.0074, lv0ddvo_structloss_next: 0.0291, loss: 0.1208
2026-01-25 03:04:07,771 - hdvo - INFO - Iter [11300/40000]	lr: 8.175e-05, eta: 1:03:30, time: 0.132, data_time: 0.004, memory: 2228, lv0_smooth: 0.0018, lv0photo_stereo_r2lSM_ref: 0.0067, lv0struct_stereo_r2lSM_ref: 0.0320, lv0ddvo_photoloss_pre: 0.0084, lv0ddvo_structloss_pre: 0.0354, lv0ddvo_photoloss_next: 0.0074, lv0ddvo_structloss_next: 0.0296, loss: 0.1213
2026-01-25 03:04:14,401 - hdvo - INFO - Iter [11350/40000]	lr: 8.160e-05, eta: 1:03:24, time: 0.133, data_time: 0.003, memory: 2228, lv0_smooth: 0.0018, lv0photo_stereo_r2lSM_ref: 0.0069, lv0struct_stereo_r2lSM_ref: 0.0320, lv0ddvo_photoloss_pre: 0.0087, lv0ddvo_structloss_pre: 0.0352, lv0ddvo_photoloss_next: 0.0080, lv0ddvo_structloss_next: 0.0297, loss: 0.1224
2026-01-25 03:04:21,068 - hdvo - INFO - Iter [11400/40000]	lr: 8.145e-05, eta: 1:03:17, time: 0.133, data_time: 0.004, memory: 2228, lv0_smooth: 0.0019, lv0photo_stereo_r2lSM_ref: 0.0068, lv0struct_stereo_r2lSM_ref: 0.0319, lv0ddvo_photoloss_pre: 0.0082, lv0ddvo_structloss_pre: 0.0349, lv0ddvo_photoloss_next: 0.0067, lv0ddvo_structloss_next: 0.0291, loss: 0.1194
2026-01-25 03:04:27,707 - hdvo - INFO - Iter [11450/40000]	lr: 8.130e-05, eta: 1:03:10, time: 0.133, data_time: 0.004, memory: 2228, lv0_smooth: 0.0018, lv0photo_stereo_r2lSM_ref: 0.0068, lv0struct_stereo_r2lSM_ref: 0.0321, lv0ddvo_photoloss_pre: 0.0091, lv0ddvo_structloss_pre: 0.0356, lv0ddvo_photoloss_next: 0.0079, lv0ddvo_structloss_next: 0.0297, loss: 0.1230
2026-01-25 03:04:34,326 - hdvo - INFO - Iter [11500/40000]	lr: 8.115e-05, eta: 1:03:04, time: 0.132, data_time: 0.003, memory: 2228, lv0_smooth: 0.0018, lv0photo_stereo_r2lSM_ref: 0.0069, lv0struct_stereo_r2lSM_ref: 0.0321, lv0ddvo_photoloss_pre: 0.0085, lv0ddvo_structloss_pre: 0.0354, lv0ddvo_photoloss_next: 0.0078, lv0ddvo_structloss_next: 0.0298, loss: 0.1223
2026-01-25 03:04:40,893 - hdvo - INFO - Iter [11550/40000]	lr: 8.100e-05, eta: 1:02:57, time: 0.131, data_time: 0.003, memory: 2228, lv0_smooth: 0.0018, lv0photo_stereo_r2lSM_ref: 0.0070, lv0struct_stereo_r2lSM_ref: 0.0320, lv0ddvo_photoloss_pre: 0.0085, lv0ddvo_structloss_pre: 0.0350, lv0ddvo_photoloss_next: 0.0077, lv0ddvo_structloss_next: 0.0291, loss: 0.1212
2026-01-25 03:04:47,440 - hdvo - INFO - Iter [11600/40000]	lr: 8.084e-05, eta: 1:02:50, time: 0.131, data_time: 0.003, memory: 2228, lv0_smooth: 0.0018, lv0photo_stereo_r2lSM_ref: 0.0069, lv0struct_stereo_r2lSM_ref: 0.0315, lv0ddvo_photoloss_pre: 0.0090, lv0ddvo_structloss_pre: 0.0356, lv0ddvo_photoloss_next: 0.0074, lv0ddvo_structloss_next: 0.0291, loss: 0.1212
2026-01-25 03:04:54,091 - hdvo - INFO - Iter [11650/40000]	lr: 8.069e-05, eta: 1:02:43, time: 0.133, data_time: 0.002, memory: 2228, lv0_smooth: 0.0017, lv0photo_stereo_r2lSM_ref: 0.0073, lv0struct_stereo_r2lSM_ref: 0.0324, lv0ddvo_photoloss_pre: 0.0094, lv0ddvo_structloss_pre: 0.0363, lv0ddvo_photoloss_next: 0.0082, lv0ddvo_structloss_next: 0.0298, loss: 0.1252
2026-01-25 03:05:00,619 - hdvo - INFO - Iter [11700/40000]	lr: 8.053e-05, eta: 1:02:36, time: 0.130, data_time: 0.004, memory: 2228, lv0_smooth: 0.0018, lv0photo_stereo_r2lSM_ref: 0.0067, lv0struct_stereo_r2lSM_ref: 0.0319, lv0ddvo_photoloss_pre: 0.0088, lv0ddvo_structloss_pre: 0.0353, lv0ddvo_photoloss_next: 0.0076, lv0ddvo_structloss_next: 0.0292, loss: 0.1213
2026-01-25 03:05:07,177 - hdvo - INFO - Iter [11750/40000]	lr: 8.038e-05, eta: 1:02:30, time: 0.131, data_time: 0.002, memory: 2228, lv0_smooth: 0.0018, lv0photo_stereo_r2lSM_ref: 0.0066, lv0struct_stereo_r2lSM_ref: 0.0315, lv0ddvo_photoloss_pre: 0.0085, lv0ddvo_structloss_pre: 0.0343, lv0ddvo_photoloss_next: 0.0071, lv0ddvo_structloss_next: 0.0288, loss: 0.1188
2026-01-25 03:05:13,847 - hdvo - INFO - Iter [11800/40000]	lr: 8.022e-05, eta: 1:02:23, time: 0.133, data_time: 0.004, memory: 2228, lv0_smooth: 0.0018, lv0photo_stereo_r2lSM_ref: 0.0070, lv0struct_stereo_r2lSM_ref: 0.0322, lv0ddvo_photoloss_pre: 0.0090, lv0ddvo_structloss_pre: 0.0353, lv0ddvo_photoloss_next: 0.0077, lv0ddvo_structloss_next: 0.0292, loss: 0.1222
2026-01-25 03:05:20,418 - hdvo - INFO - Iter [11850/40000]	lr: 8.007e-05, eta: 1:02:16, time: 0.131, data_time: 0.002, memory: 2228, lv0_smooth: 0.0018, lv0photo_stereo_r2lSM_ref: 0.0067, lv0struct_stereo_r2lSM_ref: 0.0319, lv0ddvo_photoloss_pre: 0.0086, lv0ddvo_structloss_pre: 0.0347, lv0ddvo_photoloss_next: 0.0080, lv0ddvo_structloss_next: 0.0298, loss: 0.1215
2026-01-25 03:05:26,997 - hdvo - INFO - Iter [11900/40000]	lr: 7.991e-05, eta: 1:02:09, time: 0.132, data_time: 0.004, memory: 2228, lv0_smooth: 0.0018, lv0photo_stereo_r2lSM_ref: 0.0072, lv0struct_stereo_r2lSM_ref: 0.0323, lv0ddvo_photoloss_pre: 0.0094, lv0ddvo_structloss_pre: 0.0360, lv0ddvo_photoloss_next: 0.0077, lv0ddvo_structloss_next: 0.0298, loss: 0.1241
2026-01-25 03:05:33,676 - hdvo - INFO - Iter [11950/40000]	lr: 7.976e-05, eta: 1:02:03, time: 0.134, data_time: 0.004, memory: 2228, lv0_smooth: 0.0018, lv0photo_stereo_r2lSM_ref: 0.0070, lv0struct_stereo_r2lSM_ref: 0.0324, lv0ddvo_photoloss_pre: 0.0085, lv0ddvo_structloss_pre: 0.0355, lv0ddvo_photoloss_next: 0.0075, lv0ddvo_structloss_next: 0.0295, loss: 0.1221
2026-01-25 03:05:40,289 - hdvo - INFO - Saving checkpoint at 12000 iterations
2026-01-25 03:05:40,965 - hdvo - INFO - Iter [12000/40000]	lr: 7.960e-05, eta: 1:01:58, time: 0.146, data_time: 0.004, memory: 2228, lv0_smooth: 0.0018, lv0photo_stereo_r2lSM_ref: 0.0073, lv0struct_stereo_r2lSM_ref: 0.0323, lv0ddvo_photoloss_pre: 0.0095, lv0ddvo_structloss_pre: 0.0354, lv0ddvo_photoloss_next: 0.0084, lv0ddvo_structloss_next: 0.0296, loss: 0.1244
2026-01-25 03:05:47,642 - hdvo - INFO - Iter [12050/40000]	lr: 7.944e-05, eta: 1:01:51, time: 0.133, data_time: 0.002, memory: 2228, lv0_smooth: 0.0018, lv0photo_stereo_r2lSM_ref: 0.0069, lv0struct_stereo_r2lSM_ref: 0.0319, lv0ddvo_photoloss_pre: 0.0090, lv0ddvo_structloss_pre: 0.0350, lv0ddvo_photoloss_next: 0.0080, lv0ddvo_structloss_next: 0.0296, loss: 0.1222
2026-01-25 03:05:54,248 - hdvo - INFO - Iter [12100/40000]	lr: 7.928e-05, eta: 1:01:44, time: 0.132, data_time: 0.003, memory: 2228, lv0_smooth: 0.0017, lv0photo_stereo_r2lSM_ref: 0.0065, lv0struct_stereo_r2lSM_ref: 0.0315, lv0ddvo_photoloss_pre: 0.0085, lv0ddvo_structloss_pre: 0.0347, lv0ddvo_photoloss_next: 0.0076, lv0ddvo_structloss_next: 0.0290, loss: 0.1195
2026-01-25 03:06:00,911 - hdvo - INFO - Iter [12150/40000]	lr: 7.912e-05, eta: 1:01:38, time: 0.133, data_time: 0.003, memory: 2228, lv0_smooth: 0.0017, lv0photo_stereo_r2lSM_ref: 0.0067, lv0struct_stereo_r2lSM_ref: 0.0317, lv0ddvo_photoloss_pre: 0.0081, lv0ddvo_structloss_pre: 0.0346, lv0ddvo_photoloss_next: 0.0071, lv0ddvo_structloss_next: 0.0287, loss: 0.1186
2026-01-25 03:06:07,490 - hdvo - INFO - Iter [12200/40000]	lr: 7.897e-05, eta: 1:01:31, time: 0.132, data_time: 0.003, memory: 2228, lv0_smooth: 0.0017, lv0photo_stereo_r2lSM_ref: 0.0070, lv0struct_stereo_r2lSM_ref: 0.0320, lv0ddvo_photoloss_pre: 0.0080, lv0ddvo_structloss_pre: 0.0339, lv0ddvo_photoloss_next: 0.0071, lv0ddvo_structloss_next: 0.0284, loss: 0.1181
2026-01-25 03:06:14,143 - hdvo - INFO - Iter [12250/40000]	lr: 7.881e-05, eta: 1:01:24, time: 0.133, data_time: 0.003, memory: 2228, lv0_smooth: 0.0017, lv0photo_stereo_r2lSM_ref: 0.0070, lv0struct_stereo_r2lSM_ref: 0.0322, lv0ddvo_photoloss_pre: 0.0091, lv0ddvo_structloss_pre: 0.0355, lv0ddvo_photoloss_next: 0.0076, lv0ddvo_structloss_next: 0.0295, loss: 0.1226
2026-01-25 03:06:20,678 - hdvo - INFO - Iter [12300/40000]	lr: 7.865e-05, eta: 1:01:18, time: 0.131, data_time: 0.004, memory: 2228, lv0_smooth: 0.0018, lv0photo_stereo_r2lSM_ref: 0.0070, lv0struct_stereo_r2lSM_ref: 0.0323, lv0ddvo_photoloss_pre: 0.0089, lv0ddvo_structloss_pre: 0.0354, lv0ddvo_photoloss_next: 0.0076, lv0ddvo_structloss_next: 0.0294, loss: 0.1224
2026-01-25 03:06:27,370 - hdvo - INFO - Iter [12350/40000]	lr: 7.849e-05, eta: 1:01:11, time: 0.134, data_time: 0.004, memory: 2228, lv0_smooth: 0.0018, lv0photo_stereo_r2lSM_ref: 0.0067, lv0struct_stereo_r2lSM_ref: 0.0320, lv0ddvo_photoloss_pre: 0.0081, lv0ddvo_structloss_pre: 0.0353, lv0ddvo_photoloss_next: 0.0069, lv0ddvo_structloss_next: 0.0291, loss: 0.1199
2026-01-25 03:06:34,071 - hdvo - INFO - Iter [12400/40000]	lr: 7.833e-05, eta: 1:01:05, time: 0.134, data_time: 0.003, memory: 2228, lv0_smooth: 0.0018, lv0photo_stereo_r2lSM_ref: 0.0070, lv0struct_stereo_r2lSM_ref: 0.0319, lv0ddvo_photoloss_pre: 0.0086, lv0ddvo_structloss_pre: 0.0349, lv0ddvo_photoloss_next: 0.0075, lv0ddvo_structloss_next: 0.0290, loss: 0.1207
2026-01-25 03:06:40,756 - hdvo - INFO - Iter [12450/40000]	lr: 7.817e-05, eta: 1:00:58, time: 0.134, data_time: 0.004, memory: 2228, lv0_smooth: 0.0018, lv0photo_stereo_r2lSM_ref: 0.0072, lv0struct_stereo_r2lSM_ref: 0.0321, lv0ddvo_photoloss_pre: 0.0086, lv0ddvo_structloss_pre: 0.0350, lv0ddvo_photoloss_next: 0.0074, lv0ddvo_structloss_next: 0.0293, loss: 0.1214
2026-01-25 03:06:47,329 - hdvo - INFO - Iter [12500/40000]	lr: 7.800e-05, eta: 1:00:51, time: 0.131, data_time: 0.003, memory: 2228, lv0_smooth: 0.0018, lv0photo_stereo_r2lSM_ref: 0.0074, lv0struct_stereo_r2lSM_ref: 0.0323, lv0ddvo_photoloss_pre: 0.0089, lv0ddvo_structloss_pre: 0.0355, lv0ddvo_photoloss_next: 0.0078, lv0ddvo_structloss_next: 0.0295, loss: 0.1233
2026-01-25 03:06:53,955 - hdvo - INFO - Iter [12550/40000]	lr: 7.784e-05, eta: 1:00:45, time: 0.133, data_time: 0.003, memory: 2228, lv0_smooth: 0.0018, lv0photo_stereo_r2lSM_ref: 0.0071, lv0struct_stereo_r2lSM_ref: 0.0323, lv0ddvo_photoloss_pre: 0.0095, lv0ddvo_structloss_pre: 0.0363, lv0ddvo_photoloss_next: 0.0079, lv0ddvo_structloss_next: 0.0296, loss: 0.1246
2026-01-25 03:07:00,632 - hdvo - INFO - Iter [12600/40000]	lr: 7.768e-05, eta: 1:00:38, time: 0.134, data_time: 0.003, memory: 2228, lv0_smooth: 0.0018, lv0photo_stereo_r2lSM_ref: 0.0071, lv0struct_stereo_r2lSM_ref: 0.0321, lv0ddvo_photoloss_pre: 0.0087, lv0ddvo_structloss_pre: 0.0350, lv0ddvo_photoloss_next: 0.0072, lv0ddvo_structloss_next: 0.0292, loss: 0.1211
2026-01-25 03:07:07,168 - hdvo - INFO - Iter [12650/40000]	lr: 7.752e-05, eta: 1:00:31, time: 0.131, data_time: 0.003, memory: 2228, lv0_smooth: 0.0018, lv0photo_stereo_r2lSM_ref: 0.0071, lv0struct_stereo_r2lSM_ref: 0.0322, lv0ddvo_photoloss_pre: 0.0084, lv0ddvo_structloss_pre: 0.0350, lv0ddvo_photoloss_next: 0.0074, lv0ddvo_structloss_next: 0.0291, loss: 0.1209
2026-01-25 03:07:13,808 - hdvo - INFO - Iter [12700/40000]	lr: 7.735e-05, eta: 1:00:25, time: 0.133, data_time: 0.003, memory: 2228, lv0_smooth: 0.0018, lv0photo_stereo_r2lSM_ref: 0.0067, lv0struct_stereo_r2lSM_ref: 0.0321, lv0ddvo_photoloss_pre: 0.0076, lv0ddvo_structloss_pre: 0.0343, lv0ddvo_photoloss_next: 0.0066, lv0ddvo_structloss_next: 0.0288, loss: 0.1179
2026-01-25 03:07:20,453 - hdvo - INFO - Iter [12750/40000]	lr: 7.719e-05, eta: 1:00:18, time: 0.132, data_time: 0.003, memory: 2228, lv0_smooth: 0.0019, lv0photo_stereo_r2lSM_ref: 0.0066, lv0struct_stereo_r2lSM_ref: 0.0316, lv0ddvo_photoloss_pre: 0.0084, lv0ddvo_structloss_pre: 0.0350, lv0ddvo_photoloss_next: 0.0070, lv0ddvo_structloss_next: 0.0294, loss: 0.1199
2026-01-25 03:07:27,073 - hdvo - INFO - Iter [12800/40000]	lr: 7.703e-05, eta: 1:00:11, time: 0.133, data_time: 0.004, memory: 2228, lv0_smooth: 0.0018, lv0photo_stereo_r2lSM_ref: 0.0072, lv0struct_stereo_r2lSM_ref: 0.0328, lv0ddvo_photoloss_pre: 0.0093, lv0ddvo_structloss_pre: 0.0356, lv0ddvo_photoloss_next: 0.0080, lv0ddvo_structloss_next: 0.0296, loss: 0.1244
2026-01-25 03:07:33,742 - hdvo - INFO - Iter [12850/40000]	lr: 7.686e-05, eta: 1:00:05, time: 0.133, data_time: 0.003, memory: 2228, lv0_smooth: 0.0018, lv0photo_stereo_r2lSM_ref: 0.0070, lv0struct_stereo_r2lSM_ref: 0.0321, lv0ddvo_photoloss_pre: 0.0091, lv0ddvo_structloss_pre: 0.0349, lv0ddvo_photoloss_next: 0.0081, lv0ddvo_structloss_next: 0.0297, loss: 0.1227
2026-01-25 03:07:40,403 - hdvo - INFO - Iter [12900/40000]	lr: 7.670e-05, eta: 0:59:58, time: 0.133, data_time: 0.003, memory: 2228, lv0_smooth: 0.0018, lv0photo_stereo_r2lSM_ref: 0.0069, lv0struct_stereo_r2lSM_ref: 0.0321, lv0ddvo_photoloss_pre: 0.0093, lv0ddvo_structloss_pre: 0.0353, lv0ddvo_photoloss_next: 0.0079, lv0ddvo_structloss_next: 0.0298, loss: 0.1230
2026-01-25 03:07:46,962 - hdvo - INFO - Iter [12950/40000]	lr: 7.653e-05, eta: 0:59:51, time: 0.131, data_time: 0.003, memory: 2228, lv0_smooth: 0.0018, lv0photo_stereo_r2lSM_ref: 0.0071, lv0struct_stereo_r2lSM_ref: 0.0321, lv0ddvo_photoloss_pre: 0.0088, lv0ddvo_structloss_pre: 0.0346, lv0ddvo_photoloss_next: 0.0073, lv0ddvo_structloss_next: 0.0291, loss: 0.1209
2026-01-25 03:07:53,636 - hdvo - INFO - Iter [13000/40000]	lr: 7.637e-05, eta: 0:59:45, time: 0.133, data_time: 0.002, memory: 2228, lv0_smooth: 0.0018, lv0photo_stereo_r2lSM_ref: 0.0075, lv0struct_stereo_r2lSM_ref: 0.0325, lv0ddvo_photoloss_pre: 0.0090, lv0ddvo_structloss_pre: 0.0350, lv0ddvo_photoloss_next: 0.0078, lv0ddvo_structloss_next: 0.0294, loss: 0.1230
2026-01-25 03:08:00,213 - hdvo - INFO - Iter [13050/40000]	lr: 7.620e-05, eta: 0:59:38, time: 0.132, data_time: 0.003, memory: 2228, lv0_smooth: 0.0019, lv0photo_stereo_r2lSM_ref: 0.0074, lv0struct_stereo_r2lSM_ref: 0.0328, lv0ddvo_photoloss_pre: 0.0091, lv0ddvo_structloss_pre: 0.0354, lv0ddvo_photoloss_next: 0.0081, lv0ddvo_structloss_next: 0.0299, loss: 0.1246
2026-01-25 03:08:06,810 - hdvo - INFO - Iter [13100/40000]	lr: 7.603e-05, eta: 0:59:31, time: 0.132, data_time: 0.003, memory: 2228, lv0_smooth: 0.0019, lv0photo_stereo_r2lSM_ref: 0.0072, lv0struct_stereo_r2lSM_ref: 0.0324, lv0ddvo_photoloss_pre: 0.0090, lv0ddvo_structloss_pre: 0.0349, lv0ddvo_photoloss_next: 0.0075, lv0ddvo_structloss_next: 0.0293, loss: 0.1223
2026-01-25 03:08:13,410 - hdvo - INFO - Iter [13150/40000]	lr: 7.587e-05, eta: 0:59:24, time: 0.132, data_time: 0.003, memory: 2228, lv0_smooth: 0.0018, lv0photo_stereo_r2lSM_ref: 0.0070, lv0struct_stereo_r2lSM_ref: 0.0322, lv0ddvo_photoloss_pre: 0.0089, lv0ddvo_structloss_pre: 0.0354, lv0ddvo_photoloss_next: 0.0076, lv0ddvo_structloss_next: 0.0296, loss: 0.1225
2026-01-25 03:08:19,923 - hdvo - INFO - Iter [13200/40000]	lr: 7.570e-05, eta: 0:59:18, time: 0.131, data_time: 0.004, memory: 2228, lv0_smooth: 0.0018, lv0photo_stereo_r2lSM_ref: 0.0074, lv0struct_stereo_r2lSM_ref: 0.0323, lv0ddvo_photoloss_pre: 0.0094, lv0ddvo_structloss_pre: 0.0356, lv0ddvo_photoloss_next: 0.0083, lv0ddvo_structloss_next: 0.0298, loss: 0.1246
2026-01-25 03:08:26,512 - hdvo - INFO - Iter [13250/40000]	lr: 7.553e-05, eta: 0:59:11, time: 0.132, data_time: 0.003, memory: 2228, lv0_smooth: 0.0018, lv0photo_stereo_r2lSM_ref: 0.0074, lv0struct_stereo_r2lSM_ref: 0.0322, lv0ddvo_photoloss_pre: 0.0091, lv0ddvo_structloss_pre: 0.0354, lv0ddvo_photoloss_next: 0.0083, lv0ddvo_structloss_next: 0.0297, loss: 0.1240
2026-01-25 03:08:33,109 - hdvo - INFO - Iter [13300/40000]	lr: 7.537e-05, eta: 0:59:04, time: 0.132, data_time: 0.003, memory: 2228, lv0_smooth: 0.0018, lv0photo_stereo_r2lSM_ref: 0.0071, lv0struct_stereo_r2lSM_ref: 0.0318, lv0ddvo_photoloss_pre: 0.0086, lv0ddvo_structloss_pre: 0.0346, lv0ddvo_photoloss_next: 0.0077, lv0ddvo_structloss_next: 0.0292, loss: 0.1208
2026-01-25 03:08:39,791 - hdvo - INFO - Iter [13350/40000]	lr: 7.520e-05, eta: 0:58:58, time: 0.134, data_time: 0.003, memory: 2228, lv0_smooth: 0.0018, lv0photo_stereo_r2lSM_ref: 0.0072, lv0struct_stereo_r2lSM_ref: 0.0321, lv0ddvo_photoloss_pre: 0.0091, lv0ddvo_structloss_pre: 0.0351, lv0ddvo_photoloss_next: 0.0078, lv0ddvo_structloss_next: 0.0294, loss: 0.1225
2026-01-25 03:08:46,392 - hdvo - INFO - Iter [13400/40000]	lr: 7.503e-05, eta: 0:58:51, time: 0.132, data_time: 0.002, memory: 2228, lv0_smooth: 0.0018, lv0photo_stereo_r2lSM_ref: 0.0070, lv0struct_stereo_r2lSM_ref: 0.0320, lv0ddvo_photoloss_pre: 0.0090, lv0ddvo_structloss_pre: 0.0353, lv0ddvo_photoloss_next: 0.0078, lv0ddvo_structloss_next: 0.0294, loss: 0.1223
2026-01-25 03:08:53,043 - hdvo - INFO - Iter [13450/40000]	lr: 7.486e-05, eta: 0:58:44, time: 0.133, data_time: 0.003, memory: 2228, lv0_smooth: 0.0018, lv0photo_stereo_r2lSM_ref: 0.0066, lv0struct_stereo_r2lSM_ref: 0.0317, lv0ddvo_photoloss_pre: 0.0079, lv0ddvo_structloss_pre: 0.0344, lv0ddvo_photoloss_next: 0.0069, lv0ddvo_structloss_next: 0.0287, loss: 0.1180
2026-01-25 03:08:59,491 - hdvo - INFO - Iter [13500/40000]	lr: 7.469e-05, eta: 0:58:37, time: 0.129, data_time: 0.003, memory: 2228, lv0_smooth: 0.0018, lv0photo_stereo_r2lSM_ref: 0.0073, lv0struct_stereo_r2lSM_ref: 0.0323, lv0ddvo_photoloss_pre: 0.0097, lv0ddvo_structloss_pre: 0.0357, lv0ddvo_photoloss_next: 0.0084, lv0ddvo_structloss_next: 0.0298, loss: 0.1251
2026-01-25 03:09:06,122 - hdvo - INFO - Iter [13550/40000]	lr: 7.452e-05, eta: 0:58:31, time: 0.132, data_time: 0.003, memory: 2228, lv0_smooth: 0.0018, lv0photo_stereo_r2lSM_ref: 0.0071, lv0struct_stereo_r2lSM_ref: 0.0325, lv0ddvo_photoloss_pre: 0.0095, lv0ddvo_structloss_pre: 0.0360, lv0ddvo_photoloss_next: 0.0079, lv0ddvo_structloss_next: 0.0300, loss: 0.1248
2026-01-25 03:09:12,837 - hdvo - INFO - Iter [13600/40000]	lr: 7.435e-05, eta: 0:58:24, time: 0.135, data_time: 0.004, memory: 2228, lv0_smooth: 0.0018, lv0photo_stereo_r2lSM_ref: 0.0070, lv0struct_stereo_r2lSM_ref: 0.0320, lv0ddvo_photoloss_pre: 0.0088, lv0ddvo_structloss_pre: 0.0349, lv0ddvo_photoloss_next: 0.0088, lv0ddvo_structloss_next: 0.0297, loss: 0.1230
2026-01-25 03:09:19,396 - hdvo - INFO - Iter [13650/40000]	lr: 7.418e-05, eta: 0:58:17, time: 0.131, data_time: 0.004, memory: 2228, lv0_smooth: 0.0018, lv0photo_stereo_r2lSM_ref: 0.0069, lv0struct_stereo_r2lSM_ref: 0.0322, lv0ddvo_photoloss_pre: 0.0086, lv0ddvo_structloss_pre: 0.0353, lv0ddvo_photoloss_next: 0.0074, lv0ddvo_structloss_next: 0.0296, loss: 0.1218
2026-01-25 03:09:26,018 - hdvo - INFO - Iter [13700/40000]	lr: 7.401e-05, eta: 0:58:11, time: 0.133, data_time: 0.003, memory: 2228, lv0_smooth: 0.0019, lv0photo_stereo_r2lSM_ref: 0.0070, lv0struct_stereo_r2lSM_ref: 0.0323, lv0ddvo_photoloss_pre: 0.0083, lv0ddvo_structloss_pre: 0.0352, lv0ddvo_photoloss_next: 0.0072, lv0ddvo_structloss_next: 0.0297, loss: 0.1216
2026-01-25 03:09:32,690 - hdvo - INFO - Iter [13750/40000]	lr: 7.384e-05, eta: 0:58:04, time: 0.133, data_time: 0.004, memory: 2228, lv0_smooth: 0.0018, lv0photo_stereo_r2lSM_ref: 0.0073, lv0struct_stereo_r2lSM_ref: 0.0323, lv0ddvo_photoloss_pre: 0.0086, lv0ddvo_structloss_pre: 0.0350, lv0ddvo_photoloss_next: 0.0075, lv0ddvo_structloss_next: 0.0294, loss: 0.1220
2026-01-25 03:09:39,356 - hdvo - INFO - Iter [13800/40000]	lr: 7.367e-05, eta: 0:57:58, time: 0.134, data_time: 0.003, memory: 2228, lv0_smooth: 0.0018, lv0photo_stereo_r2lSM_ref: 0.0075, lv0struct_stereo_r2lSM_ref: 0.0324, lv0ddvo_photoloss_pre: 0.0099, lv0ddvo_structloss_pre: 0.0358, lv0ddvo_photoloss_next: 0.0085, lv0ddvo_structloss_next: 0.0298, loss: 0.1258
2026-01-25 03:09:46,048 - hdvo - INFO - Iter [13850/40000]	lr: 7.349e-05, eta: 0:57:51, time: 0.134, data_time: 0.003, memory: 2228, lv0_smooth: 0.0018, lv0photo_stereo_r2lSM_ref: 0.0071, lv0struct_stereo_r2lSM_ref: 0.0322, lv0ddvo_photoloss_pre: 0.0086, lv0ddvo_structloss_pre: 0.0349, lv0ddvo_photoloss_next: 0.0075, lv0ddvo_structloss_next: 0.0295, loss: 0.1217
2026-01-25 03:09:52,711 - hdvo - INFO - Iter [13900/40000]	lr: 7.332e-05, eta: 0:57:44, time: 0.133, data_time: 0.004, memory: 2228, lv0_smooth: 0.0019, lv0photo_stereo_r2lSM_ref: 0.0068, lv0struct_stereo_r2lSM_ref: 0.0321, lv0ddvo_photoloss_pre: 0.0082, lv0ddvo_structloss_pre: 0.0351, lv0ddvo_photoloss_next: 0.0070, lv0ddvo_structloss_next: 0.0293, loss: 0.1204
2026-01-25 03:09:59,333 - hdvo - INFO - Iter [13950/40000]	lr: 7.315e-05, eta: 0:57:38, time: 0.132, data_time: 0.004, memory: 2228, lv0_smooth: 0.0019, lv0photo_stereo_r2lSM_ref: 0.0073, lv0struct_stereo_r2lSM_ref: 0.0323, lv0ddvo_photoloss_pre: 0.0092, lv0ddvo_structloss_pre: 0.0354, lv0ddvo_photoloss_next: 0.0079, lv0ddvo_structloss_next: 0.0295, loss: 0.1235
2026-01-25 03:10:06,126 - hdvo - INFO - Iter [14000/40000]	lr: 7.298e-05, eta: 0:57:31, time: 0.136, data_time: 0.002, memory: 2228, lv0_smooth: 0.0019, lv0photo_stereo_r2lSM_ref: 0.0072, lv0struct_stereo_r2lSM_ref: 0.0320, lv0ddvo_photoloss_pre: 0.0093, lv0ddvo_structloss_pre: 0.0350, lv0ddvo_photoloss_next: 0.0079, lv0ddvo_structloss_next: 0.0295, loss: 0.1227
2026-01-25 03:10:12,812 - hdvo - INFO - Iter [14050/40000]	lr: 7.280e-05, eta: 0:57:25, time: 0.134, data_time: 0.003, memory: 2228, lv0_smooth: 0.0018, lv0photo_stereo_r2lSM_ref: 0.0070, lv0struct_stereo_r2lSM_ref: 0.0324, lv0ddvo_photoloss_pre: 0.0087, lv0ddvo_structloss_pre: 0.0354, lv0ddvo_photoloss_next: 0.0078, lv0ddvo_structloss_next: 0.0301, loss: 0.1232
2026-01-25 03:10:19,407 - hdvo - INFO - Iter [14100/40000]	lr: 7.263e-05, eta: 0:57:18, time: 0.132, data_time: 0.002, memory: 2228, lv0_smooth: 0.0019, lv0photo_stereo_r2lSM_ref: 0.0070, lv0struct_stereo_r2lSM_ref: 0.0325, lv0ddvo_photoloss_pre: 0.0089, lv0ddvo_structloss_pre: 0.0358, lv0ddvo_photoloss_next: 0.0077, lv0ddvo_structloss_next: 0.0299, loss: 0.1237
2026-01-25 03:10:26,013 - hdvo - INFO - Iter [14150/40000]	lr: 7.245e-05, eta: 0:57:11, time: 0.132, data_time: 0.003, memory: 2228, lv0_smooth: 0.0018, lv0photo_stereo_r2lSM_ref: 0.0071, lv0struct_stereo_r2lSM_ref: 0.0324, lv0ddvo_photoloss_pre: 0.0083, lv0ddvo_structloss_pre: 0.0351, lv0ddvo_photoloss_next: 0.0078, lv0ddvo_structloss_next: 0.0297, loss: 0.1222
2026-01-25 03:10:32,628 - hdvo - INFO - Iter [14200/40000]	lr: 7.228e-05, eta: 0:57:05, time: 0.132, data_time: 0.003, memory: 2228, lv0_smooth: 0.0018, lv0photo_stereo_r2lSM_ref: 0.0071, lv0struct_stereo_r2lSM_ref: 0.0327, lv0ddvo_photoloss_pre: 0.0087, lv0ddvo_structloss_pre: 0.0354, lv0ddvo_photoloss_next: 0.0078, lv0ddvo_structloss_next: 0.0299, loss: 0.1233
2026-01-25 03:10:39,301 - hdvo - INFO - Iter [14250/40000]	lr: 7.211e-05, eta: 0:56:58, time: 0.133, data_time: 0.002, memory: 2228, lv0_smooth: 0.0018, lv0photo_stereo_r2lSM_ref: 0.0069, lv0struct_stereo_r2lSM_ref: 0.0318, lv0ddvo_photoloss_pre: 0.0086, lv0ddvo_structloss_pre: 0.0344, lv0ddvo_photoloss_next: 0.0071, lv0ddvo_structloss_next: 0.0285, loss: 0.1191
2026-01-25 03:10:46,173 - hdvo - INFO - Iter [14300/40000]	lr: 7.193e-05, eta: 0:56:52, time: 0.138, data_time: 0.003, memory: 2228, lv0_smooth: 0.0018, lv0photo_stereo_r2lSM_ref: 0.0072, lv0struct_stereo_r2lSM_ref: 0.0322, lv0ddvo_photoloss_pre: 0.0088, lv0ddvo_structloss_pre: 0.0352, lv0ddvo_photoloss_next: 0.0078, lv0ddvo_structloss_next: 0.0295, loss: 0.1225
2026-01-25 03:10:52,748 - hdvo - INFO - Iter [14350/40000]	lr: 7.176e-05, eta: 0:56:45, time: 0.132, data_time: 0.004, memory: 2228, lv0_smooth: 0.0018, lv0photo_stereo_r2lSM_ref: 0.0066, lv0struct_stereo_r2lSM_ref: 0.0317, lv0ddvo_photoloss_pre: 0.0083, lv0ddvo_structloss_pre: 0.0349, lv0ddvo_photoloss_next: 0.0074, lv0ddvo_structloss_next: 0.0291, loss: 0.1199
2026-01-25 03:10:59,308 - hdvo - INFO - Iter [14400/40000]	lr: 7.158e-05, eta: 0:56:38, time: 0.131, data_time: 0.004, memory: 2228, lv0_smooth: 0.0018, lv0photo_stereo_r2lSM_ref: 0.0069, lv0struct_stereo_r2lSM_ref: 0.0324, lv0ddvo_photoloss_pre: 0.0083, lv0ddvo_structloss_pre: 0.0356, lv0ddvo_photoloss_next: 0.0074, lv0ddvo_structloss_next: 0.0297, loss: 0.1220
2026-01-25 03:11:05,936 - hdvo - INFO - Iter [14450/40000]	lr: 7.140e-05, eta: 0:56:32, time: 0.133, data_time: 0.002, memory: 2228, lv0_smooth: 0.0019, lv0photo_stereo_r2lSM_ref: 0.0070, lv0struct_stereo_r2lSM_ref: 0.0324, lv0ddvo_photoloss_pre: 0.0083, lv0ddvo_structloss_pre: 0.0352, lv0ddvo_photoloss_next: 0.0076, lv0ddvo_structloss_next: 0.0298, loss: 0.1222
2026-01-25 03:11:12,609 - hdvo - INFO - Iter [14500/40000]	lr: 7.123e-05, eta: 0:56:25, time: 0.133, data_time: 0.003, memory: 2228, lv0_smooth: 0.0018, lv0photo_stereo_r2lSM_ref: 0.0067, lv0struct_stereo_r2lSM_ref: 0.0318, lv0ddvo_photoloss_pre: 0.0087, lv0ddvo_structloss_pre: 0.0350, lv0ddvo_photoloss_next: 0.0073, lv0ddvo_structloss_next: 0.0289, loss: 0.1202
2026-01-25 03:11:19,143 - hdvo - INFO - Iter [14550/40000]	lr: 7.105e-05, eta: 0:56:18, time: 0.131, data_time: 0.003, memory: 2228, lv0_smooth: 0.0018, lv0photo_stereo_r2lSM_ref: 0.0071, lv0struct_stereo_r2lSM_ref: 0.0319, lv0ddvo_photoloss_pre: 0.0092, lv0ddvo_structloss_pre: 0.0347, lv0ddvo_photoloss_next: 0.0076, lv0ddvo_structloss_next: 0.0292, loss: 0.1214
2026-01-25 03:11:25,768 - hdvo - INFO - Iter [14600/40000]	lr: 7.087e-05, eta: 0:56:12, time: 0.132, data_time: 0.003, memory: 2228, lv0_smooth: 0.0018, lv0photo_stereo_r2lSM_ref: 0.0070, lv0struct_stereo_r2lSM_ref: 0.0319, lv0ddvo_photoloss_pre: 0.0087, lv0ddvo_structloss_pre: 0.0346, lv0ddvo_photoloss_next: 0.0080, lv0ddvo_structloss_next: 0.0292, loss: 0.1213
2026-01-25 03:11:32,584 - hdvo - INFO - Iter [14650/40000]	lr: 7.070e-05, eta: 0:56:05, time: 0.136, data_time: 0.004, memory: 2228, lv0_smooth: 0.0019, lv0photo_stereo_r2lSM_ref: 0.0075, lv0struct_stereo_r2lSM_ref: 0.0329, lv0ddvo_photoloss_pre: 0.0094, lv0ddvo_structloss_pre: 0.0361, lv0ddvo_photoloss_next: 0.0079, lv0ddvo_structloss_next: 0.0305, loss: 0.1263
2026-01-25 03:11:39,388 - hdvo - INFO - Iter [14700/40000]	lr: 7.052e-05, eta: 0:55:59, time: 0.136, data_time: 0.003, memory: 2228, lv0_smooth: 0.0018, lv0photo_stereo_r2lSM_ref: 0.0072, lv0struct_stereo_r2lSM_ref: 0.0324, lv0ddvo_photoloss_pre: 0.0086, lv0ddvo_structloss_pre: 0.0353, lv0ddvo_photoloss_next: 0.0079, lv0ddvo_structloss_next: 0.0299, loss: 0.1232
2026-01-25 03:11:46,002 - hdvo - INFO - Iter [14750/40000]	lr: 7.034e-05, eta: 0:55:52, time: 0.132, data_time: 0.003, memory: 2228, lv0_smooth: 0.0018, lv0photo_stereo_r2lSM_ref: 0.0071, lv0struct_stereo_r2lSM_ref: 0.0321, lv0ddvo_photoloss_pre: 0.0089, lv0ddvo_structloss_pre: 0.0356, lv0ddvo_photoloss_next: 0.0073, lv0ddvo_structloss_next: 0.0289, loss: 0.1217
2026-01-25 03:11:52,648 - hdvo - INFO - Iter [14800/40000]	lr: 7.016e-05, eta: 0:55:46, time: 0.133, data_time: 0.005, memory: 2228, lv0_smooth: 0.0018, lv0photo_stereo_r2lSM_ref: 0.0074, lv0struct_stereo_r2lSM_ref: 0.0326, lv0ddvo_photoloss_pre: 0.0091, lv0ddvo_structloss_pre: 0.0358, lv0ddvo_photoloss_next: 0.0077, lv0ddvo_structloss_next: 0.0296, loss: 0.1242
2026-01-25 03:11:59,203 - hdvo - INFO - Iter [14850/40000]	lr: 6.998e-05, eta: 0:55:39, time: 0.131, data_time: 0.004, memory: 2228, lv0_smooth: 0.0018, lv0photo_stereo_r2lSM_ref: 0.0071, lv0struct_stereo_r2lSM_ref: 0.0319, lv0ddvo_photoloss_pre: 0.0084, lv0ddvo_structloss_pre: 0.0345, lv0ddvo_photoloss_next: 0.0075, lv0ddvo_structloss_next: 0.0291, loss: 0.1203
2026-01-25 03:12:05,778 - hdvo - INFO - Iter [14900/40000]	lr: 6.981e-05, eta: 0:55:32, time: 0.132, data_time: 0.004, memory: 2228, lv0_smooth: 0.0018, lv0photo_stereo_r2lSM_ref: 0.0071, lv0struct_stereo_r2lSM_ref: 0.0320, lv0ddvo_photoloss_pre: 0.0085, lv0ddvo_structloss_pre: 0.0347, lv0ddvo_photoloss_next: 0.0074, lv0ddvo_structloss_next: 0.0291, loss: 0.1206
2026-01-25 03:12:12,347 - hdvo - INFO - Iter [14950/40000]	lr: 6.963e-05, eta: 0:55:25, time: 0.131, data_time: 0.003, memory: 2228, lv0_smooth: 0.0018, lv0photo_stereo_r2lSM_ref: 0.0075, lv0struct_stereo_r2lSM_ref: 0.0329, lv0ddvo_photoloss_pre: 0.0088, lv0ddvo_structloss_pre: 0.0355, lv0ddvo_photoloss_next: 0.0078, lv0ddvo_structloss_next: 0.0296, loss: 0.1240
2026-01-25 03:12:18,899 - hdvo - INFO - Iter [15000/40000]	lr: 6.945e-05, eta: 0:55:19, time: 0.131, data_time: 0.003, memory: 2228, lv0_smooth: 0.0018, lv0photo_stereo_r2lSM_ref: 0.0063, lv0struct_stereo_r2lSM_ref: 0.0317, lv0ddvo_photoloss_pre: 0.0078, lv0ddvo_structloss_pre: 0.0349, lv0ddvo_photoloss_next: 0.0068, lv0ddvo_structloss_next: 0.0293, loss: 0.1187
2026-01-25 03:12:25,407 - hdvo - INFO - Iter [15050/40000]	lr: 6.927e-05, eta: 0:55:12, time: 0.130, data_time: 0.003, memory: 2228, lv0_smooth: 0.0017, lv0photo_stereo_r2lSM_ref: 0.0066, lv0struct_stereo_r2lSM_ref: 0.0316, lv0ddvo_photoloss_pre: 0.0084, lv0ddvo_structloss_pre: 0.0348, lv0ddvo_photoloss_next: 0.0071, lv0ddvo_structloss_next: 0.0290, loss: 0.1192
2026-01-25 03:12:31,947 - hdvo - INFO - Iter [15100/40000]	lr: 6.909e-05, eta: 0:55:05, time: 0.131, data_time: 0.003, memory: 2228, lv0_smooth: 0.0018, lv0photo_stereo_r2lSM_ref: 0.0069, lv0struct_stereo_r2lSM_ref: 0.0320, lv0ddvo_photoloss_pre: 0.0094, lv0ddvo_structloss_pre: 0.0350, lv0ddvo_photoloss_next: 0.0081, lv0ddvo_structloss_next: 0.0293, loss: 0.1224
2026-01-25 03:12:38,592 - hdvo - INFO - Iter [15150/40000]	lr: 6.891e-05, eta: 0:54:58, time: 0.133, data_time: 0.003, memory: 2228, lv0_smooth: 0.0018, lv0photo_stereo_r2lSM_ref: 0.0068, lv0struct_stereo_r2lSM_ref: 0.0318, lv0ddvo_photoloss_pre: 0.0087, lv0ddvo_structloss_pre: 0.0348, lv0ddvo_photoloss_next: 0.0073, lv0ddvo_structloss_next: 0.0289, loss: 0.1199
2026-01-25 03:12:45,114 - hdvo - INFO - Iter [15200/40000]	lr: 6.873e-05, eta: 0:54:51, time: 0.130, data_time: 0.004, memory: 2228, lv0_smooth: 0.0018, lv0photo_stereo_r2lSM_ref: 0.0069, lv0struct_stereo_r2lSM_ref: 0.0319, lv0ddvo_photoloss_pre: 0.0090, lv0ddvo_structloss_pre: 0.0354, lv0ddvo_photoloss_next: 0.0077, lv0ddvo_structloss_next: 0.0290, loss: 0.1218
2026-01-25 03:12:51,652 - hdvo - INFO - Iter [15250/40000]	lr: 6.854e-05, eta: 0:54:45, time: 0.131, data_time: 0.004, memory: 2228, lv0_smooth: 0.0018, lv0photo_stereo_r2lSM_ref: 0.0072, lv0struct_stereo_r2lSM_ref: 0.0325, lv0ddvo_photoloss_pre: 0.0091, lv0ddvo_structloss_pre: 0.0355, lv0ddvo_photoloss_next: 0.0074, lv0ddvo_structloss_next: 0.0294, loss: 0.1230
2026-01-25 03:13:00,738 - hdvo - INFO - Iter [15300/40000]	lr: 6.836e-05, eta: 0:54:42, time: 0.182, data_time: 0.055, memory: 2228, lv0_smooth: 0.0018, lv0photo_stereo_r2lSM_ref: 0.0067, lv0struct_stereo_r2lSM_ref: 0.0318, lv0ddvo_photoloss_pre: 0.0092, lv0ddvo_structloss_pre: 0.0351, lv0ddvo_photoloss_next: 0.0080, lv0ddvo_structloss_next: 0.0295, loss: 0.1220
2026-01-25 03:13:07,348 - hdvo - INFO - Iter [15350/40000]	lr: 6.818e-05, eta: 0:54:35, time: 0.132, data_time: 0.004, memory: 2228, lv0_smooth: 0.0018, lv0photo_stereo_r2lSM_ref: 0.0065, lv0struct_stereo_r2lSM_ref: 0.0317, lv0ddvo_photoloss_pre: 0.0080, lv0ddvo_structloss_pre: 0.0342, lv0ddvo_photoloss_next: 0.0067, lv0ddvo_structloss_next: 0.0287, loss: 0.1177
2026-01-25 03:13:13,996 - hdvo - INFO - Iter [15400/40000]	lr: 6.800e-05, eta: 0:54:29, time: 0.133, data_time: 0.003, memory: 2228, lv0_smooth: 0.0018, lv0photo_stereo_r2lSM_ref: 0.0070, lv0struct_stereo_r2lSM_ref: 0.0322, lv0ddvo_photoloss_pre: 0.0086, lv0ddvo_structloss_pre: 0.0353, lv0ddvo_photoloss_next: 0.0072, lv0ddvo_structloss_next: 0.0291, loss: 0.1212
2026-01-25 03:13:20,552 - hdvo - INFO - Iter [15450/40000]	lr: 6.782e-05, eta: 0:54:22, time: 0.131, data_time: 0.004, memory: 2228, lv0_smooth: 0.0019, lv0photo_stereo_r2lSM_ref: 0.0070, lv0struct_stereo_r2lSM_ref: 0.0323, lv0ddvo_photoloss_pre: 0.0092, lv0ddvo_structloss_pre: 0.0357, lv0ddvo_photoloss_next: 0.0083, lv0ddvo_structloss_next: 0.0300, loss: 0.1245
2026-01-25 03:13:27,176 - hdvo - INFO - Iter [15500/40000]	lr: 6.764e-05, eta: 0:54:15, time: 0.132, data_time: 0.004, memory: 2228, lv0_smooth: 0.0019, lv0photo_stereo_r2lSM_ref: 0.0071, lv0struct_stereo_r2lSM_ref: 0.0321, lv0ddvo_photoloss_pre: 0.0086, lv0ddvo_structloss_pre: 0.0351, lv0ddvo_photoloss_next: 0.0077, lv0ddvo_structloss_next: 0.0296, loss: 0.1221
2026-01-25 03:13:33,794 - hdvo - INFO - Iter [15550/40000]	lr: 6.745e-05, eta: 0:54:08, time: 0.133, data_time: 0.003, memory: 2228, lv0_smooth: 0.0019, lv0photo_stereo_r2lSM_ref: 0.0071, lv0struct_stereo_r2lSM_ref: 0.0324, lv0ddvo_photoloss_pre: 0.0093, lv0ddvo_structloss_pre: 0.0354, lv0ddvo_photoloss_next: 0.0078, lv0ddvo_structloss_next: 0.0298, loss: 0.1237
2026-01-25 03:13:40,413 - hdvo - INFO - Iter [15600/40000]	lr: 6.727e-05, eta: 0:54:02, time: 0.132, data_time: 0.003, memory: 2228, lv0_smooth: 0.0019, lv0photo_stereo_r2lSM_ref: 0.0070, lv0struct_stereo_r2lSM_ref: 0.0321, lv0ddvo_photoloss_pre: 0.0092, lv0ddvo_structloss_pre: 0.0349, lv0ddvo_photoloss_next: 0.0080, lv0ddvo_structloss_next: 0.0295, loss: 0.1224
2026-01-25 03:13:47,050 - hdvo - INFO - Iter [15650/40000]	lr: 6.709e-05, eta: 0:53:55, time: 0.133, data_time: 0.004, memory: 2228, lv0_smooth: 0.0018, lv0photo_stereo_r2lSM_ref: 0.0066, lv0struct_stereo_r2lSM_ref: 0.0320, lv0ddvo_photoloss_pre: 0.0083, lv0ddvo_structloss_pre: 0.0350, lv0ddvo_photoloss_next: 0.0074, lv0ddvo_structloss_next: 0.0296, loss: 0.1207
2026-01-25 03:13:53,695 - hdvo - INFO - Iter [15700/40000]	lr: 6.690e-05, eta: 0:53:49, time: 0.133, data_time: 0.003, memory: 2228, lv0_smooth: 0.0018, lv0photo_stereo_r2lSM_ref: 0.0070, lv0struct_stereo_r2lSM_ref: 0.0322, lv0ddvo_photoloss_pre: 0.0088, lv0ddvo_structloss_pre: 0.0351, lv0ddvo_photoloss_next: 0.0078, lv0ddvo_structloss_next: 0.0297, loss: 0.1223
2026-01-25 03:14:00,336 - hdvo - INFO - Iter [15750/40000]	lr: 6.672e-05, eta: 0:53:42, time: 0.133, data_time: 0.004, memory: 2228, lv0_smooth: 0.0018, lv0photo_stereo_r2lSM_ref: 0.0071, lv0struct_stereo_r2lSM_ref: 0.0320, lv0ddvo_photoloss_pre: 0.0086, lv0ddvo_structloss_pre: 0.0350, lv0ddvo_photoloss_next: 0.0076, lv0ddvo_structloss_next: 0.0295, loss: 0.1216
2026-01-25 03:14:07,029 - hdvo - INFO - Iter [15800/40000]	lr: 6.654e-05, eta: 0:53:35, time: 0.134, data_time: 0.004, memory: 2228, lv0_smooth: 0.0018, lv0photo_stereo_r2lSM_ref: 0.0066, lv0struct_stereo_r2lSM_ref: 0.0320, lv0ddvo_photoloss_pre: 0.0091, lv0ddvo_structloss_pre: 0.0354, lv0ddvo_photoloss_next: 0.0076, lv0ddvo_structloss_next: 0.0292, loss: 0.1217
2026-01-25 03:14:13,623 - hdvo - INFO - Iter [15850/40000]	lr: 6.635e-05, eta: 0:53:29, time: 0.132, data_time: 0.004, memory: 2228, lv0_smooth: 0.0019, lv0photo_stereo_r2lSM_ref: 0.0069, lv0struct_stereo_r2lSM_ref: 0.0324, lv0ddvo_photoloss_pre: 0.0092, lv0ddvo_structloss_pre: 0.0360, lv0ddvo_photoloss_next: 0.0080, lv0ddvo_structloss_next: 0.0299, loss: 0.1242
2026-01-25 03:14:20,400 - hdvo - INFO - Iter [15900/40000]	lr: 6.617e-05, eta: 0:53:22, time: 0.135, data_time: 0.004, memory: 2228, lv0_smooth: 0.0019, lv0photo_stereo_r2lSM_ref: 0.0074, lv0struct_stereo_r2lSM_ref: 0.0325, lv0ddvo_photoloss_pre: 0.0092, lv0ddvo_structloss_pre: 0.0355, lv0ddvo_photoloss_next: 0.0077, lv0ddvo_structloss_next: 0.0297, loss: 0.1239
2026-01-25 03:14:27,064 - hdvo - INFO - Iter [15950/40000]	lr: 6.598e-05, eta: 0:53:15, time: 0.133, data_time: 0.003, memory: 2228, lv0_smooth: 0.0019, lv0photo_stereo_r2lSM_ref: 0.0077, lv0struct_stereo_r2lSM_ref: 0.0328, lv0ddvo_photoloss_pre: 0.0092, lv0ddvo_structloss_pre: 0.0353, lv0ddvo_photoloss_next: 0.0078, lv0ddvo_structloss_next: 0.0294, loss: 0.1240
2026-01-25 03:14:33,647 - hdvo - INFO - Saving checkpoint at 16000 iterations
2026-01-25 03:14:34,561 - hdvo - INFO - Iter [16000/40000]	lr: 6.580e-05, eta: 0:53:10, time: 0.150, data_time: 0.004, memory: 2228, lv0_smooth: 0.0018, lv0photo_stereo_r2lSM_ref: 0.0071, lv0struct_stereo_r2lSM_ref: 0.0320, lv0ddvo_photoloss_pre: 0.0089, lv0ddvo_structloss_pre: 0.0349, lv0ddvo_photoloss_next: 0.0082, lv0ddvo_structloss_next: 0.0296, loss: 0.1225
2026-01-25 03:14:41,195 - hdvo - INFO - Iter [16050/40000]	lr: 6.562e-05, eta: 0:53:03, time: 0.133, data_time: 0.003, memory: 2228, lv0_smooth: 0.0019, lv0photo_stereo_r2lSM_ref: 0.0075, lv0struct_stereo_r2lSM_ref: 0.0325, lv0ddvo_photoloss_pre: 0.0095, lv0ddvo_structloss_pre: 0.0357, lv0ddvo_photoloss_next: 0.0083, lv0ddvo_structloss_next: 0.0303, loss: 0.1257
2026-01-25 03:14:47,765 - hdvo - INFO - Iter [16100/40000]	lr: 6.543e-05, eta: 0:52:57, time: 0.131, data_time: 0.004, memory: 2228, lv0_smooth: 0.0019, lv0photo_stereo_r2lSM_ref: 0.0073, lv0struct_stereo_r2lSM_ref: 0.0324, lv0ddvo_photoloss_pre: 0.0078, lv0ddvo_structloss_pre: 0.0344, lv0ddvo_photoloss_next: 0.0073, lv0ddvo_structloss_next: 0.0293, loss: 0.1205
2026-01-25 03:14:54,461 - hdvo - INFO - Iter [16150/40000]	lr: 6.524e-05, eta: 0:52:50, time: 0.134, data_time: 0.004, memory: 2228, lv0_smooth: 0.0019, lv0photo_stereo_r2lSM_ref: 0.0068, lv0struct_stereo_r2lSM_ref: 0.0320, lv0ddvo_photoloss_pre: 0.0086, lv0ddvo_structloss_pre: 0.0354, lv0ddvo_photoloss_next: 0.0075, lv0ddvo_structloss_next: 0.0296, loss: 0.1217
2026-01-25 03:15:01,017 - hdvo - INFO - Iter [16200/40000]	lr: 6.506e-05, eta: 0:52:43, time: 0.131, data_time: 0.003, memory: 2228, lv0_smooth: 0.0018, lv0photo_stereo_r2lSM_ref: 0.0065, lv0struct_stereo_r2lSM_ref: 0.0317, lv0ddvo_photoloss_pre: 0.0091, lv0ddvo_structloss_pre: 0.0354, lv0ddvo_photoloss_next: 0.0078, lv0ddvo_structloss_next: 0.0295, loss: 0.1217
2026-01-25 03:15:07,658 - hdvo - INFO - Iter [16250/40000]	lr: 6.487e-05, eta: 0:52:37, time: 0.133, data_time: 0.003, memory: 2228, lv0_smooth: 0.0018, lv0photo_stereo_r2lSM_ref: 0.0071, lv0struct_stereo_r2lSM_ref: 0.0321, lv0ddvo_photoloss_pre: 0.0089, lv0ddvo_structloss_pre: 0.0351, lv0ddvo_photoloss_next: 0.0079, lv0ddvo_structloss_next: 0.0293, loss: 0.1222
2026-01-25 03:15:14,286 - hdvo - INFO - Iter [16300/40000]	lr: 6.469e-05, eta: 0:52:30, time: 0.132, data_time: 0.003, memory: 2228, lv0_smooth: 0.0018, lv0photo_stereo_r2lSM_ref: 0.0071, lv0struct_stereo_r2lSM_ref: 0.0323, lv0ddvo_photoloss_pre: 0.0090, lv0ddvo_structloss_pre: 0.0350, lv0ddvo_photoloss_next: 0.0077, lv0ddvo_structloss_next: 0.0293, loss: 0.1222
2026-01-25 03:15:20,856 - hdvo - INFO - Iter [16350/40000]	lr: 6.450e-05, eta: 0:52:23, time: 0.132, data_time: 0.005, memory: 2228, lv0_smooth: 0.0018, lv0photo_stereo_r2lSM_ref: 0.0067, lv0struct_stereo_r2lSM_ref: 0.0320, lv0ddvo_photoloss_pre: 0.0084, lv0ddvo_structloss_pre: 0.0353, lv0ddvo_photoloss_next: 0.0071, lv0ddvo_structloss_next: 0.0291, loss: 0.1204
2026-01-25 03:15:27,522 - hdvo - INFO - Iter [16400/40000]	lr: 6.431e-05, eta: 0:52:17, time: 0.133, data_time: 0.004, memory: 2228, lv0_smooth: 0.0019, lv0photo_stereo_r2lSM_ref: 0.0070, lv0struct_stereo_r2lSM_ref: 0.0323, lv0ddvo_photoloss_pre: 0.0090, lv0ddvo_structloss_pre: 0.0355, lv0ddvo_photoloss_next: 0.0076, lv0ddvo_structloss_next: 0.0297, loss: 0.1231
2026-01-25 03:15:34,133 - hdvo - INFO - Iter [16450/40000]	lr: 6.413e-05, eta: 0:52:10, time: 0.132, data_time: 0.003, memory: 2228, lv0_smooth: 0.0019, lv0photo_stereo_r2lSM_ref: 0.0070, lv0struct_stereo_r2lSM_ref: 0.0320, lv0ddvo_photoloss_pre: 0.0091, lv0ddvo_structloss_pre: 0.0353, lv0ddvo_photoloss_next: 0.0078, lv0ddvo_structloss_next: 0.0297, loss: 0.1227
2026-01-25 03:15:40,777 - hdvo - INFO - Iter [16500/40000]	lr: 6.394e-05, eta: 0:52:03, time: 0.133, data_time: 0.003, memory: 2228, lv0_smooth: 0.0019, lv0photo_stereo_r2lSM_ref: 0.0071, lv0struct_stereo_r2lSM_ref: 0.0320, lv0ddvo_photoloss_pre: 0.0088, lv0ddvo_structloss_pre: 0.0347, lv0ddvo_photoloss_next: 0.0073, lv0ddvo_structloss_next: 0.0293, loss: 0.1210
2026-01-25 03:15:47,424 - hdvo - INFO - Iter [16550/40000]	lr: 6.375e-05, eta: 0:51:57, time: 0.133, data_time: 0.003, memory: 2228, lv0_smooth: 0.0018, lv0photo_stereo_r2lSM_ref: 0.0076, lv0struct_stereo_r2lSM_ref: 0.0327, lv0ddvo_photoloss_pre: 0.0097, lv0ddvo_structloss_pre: 0.0362, lv0ddvo_photoloss_next: 0.0081, lv0ddvo_structloss_next: 0.0298, loss: 0.1259
2026-01-25 03:15:54,023 - hdvo - INFO - Iter [16600/40000]	lr: 6.357e-05, eta: 0:51:50, time: 0.132, data_time: 0.003, memory: 2228, lv0_smooth: 0.0019, lv0photo_stereo_r2lSM_ref: 0.0075, lv0struct_stereo_r2lSM_ref: 0.0327, lv0ddvo_photoloss_pre: 0.0093, lv0ddvo_structloss_pre: 0.0359, lv0ddvo_photoloss_next: 0.0080, lv0ddvo_structloss_next: 0.0301, loss: 0.1254
2026-01-25 03:16:00,561 - hdvo - INFO - Iter [16650/40000]	lr: 6.338e-05, eta: 0:51:43, time: 0.131, data_time: 0.003, memory: 2228, lv0_smooth: 0.0018, lv0photo_stereo_r2lSM_ref: 0.0068, lv0struct_stereo_r2lSM_ref: 0.0316, lv0ddvo_photoloss_pre: 0.0091, lv0ddvo_structloss_pre: 0.0351, lv0ddvo_photoloss_next: 0.0078, lv0ddvo_structloss_next: 0.0294, loss: 0.1216
2026-01-25 03:16:07,146 - hdvo - INFO - Iter [16700/40000]	lr: 6.319e-05, eta: 0:51:36, time: 0.132, data_time: 0.003, memory: 2228, lv0_smooth: 0.0018, lv0photo_stereo_r2lSM_ref: 0.0067, lv0struct_stereo_r2lSM_ref: 0.0316, lv0ddvo_photoloss_pre: 0.0078, lv0ddvo_structloss_pre: 0.0344, lv0ddvo_photoloss_next: 0.0069, lv0ddvo_structloss_next: 0.0289, loss: 0.1181
2026-01-25 03:16:13,761 - hdvo - INFO - Iter [16750/40000]	lr: 6.300e-05, eta: 0:51:30, time: 0.132, data_time: 0.003, memory: 2228, lv0_smooth: 0.0018, lv0photo_stereo_r2lSM_ref: 0.0072, lv0struct_stereo_r2lSM_ref: 0.0326, lv0ddvo_photoloss_pre: 0.0092, lv0ddvo_structloss_pre: 0.0360, lv0ddvo_photoloss_next: 0.0079, lv0ddvo_structloss_next: 0.0302, loss: 0.1250
2026-01-25 03:16:20,278 - hdvo - INFO - Iter [16800/40000]	lr: 6.281e-05, eta: 0:51:23, time: 0.130, data_time: 0.003, memory: 2228, lv0_smooth: 0.0018, lv0photo_stereo_r2lSM_ref: 0.0069, lv0struct_stereo_r2lSM_ref: 0.0318, lv0ddvo_photoloss_pre: 0.0079, lv0ddvo_structloss_pre: 0.0344, lv0ddvo_photoloss_next: 0.0072, lv0ddvo_structloss_next: 0.0289, loss: 0.1188
2026-01-25 03:16:26,925 - hdvo - INFO - Iter [16850/40000]	lr: 6.263e-05, eta: 0:51:16, time: 0.133, data_time: 0.003, memory: 2228, lv0_smooth: 0.0018, lv0photo_stereo_r2lSM_ref: 0.0071, lv0struct_stereo_r2lSM_ref: 0.0322, lv0ddvo_photoloss_pre: 0.0085, lv0ddvo_structloss_pre: 0.0347, lv0ddvo_photoloss_next: 0.0071, lv0ddvo_structloss_next: 0.0289, loss: 0.1203
2026-01-25 03:16:33,565 - hdvo - INFO - Iter [16900/40000]	lr: 6.244e-05, eta: 0:51:10, time: 0.133, data_time: 0.004, memory: 2228, lv0_smooth: 0.0018, lv0photo_stereo_r2lSM_ref: 0.0067, lv0struct_stereo_r2lSM_ref: 0.0316, lv0ddvo_photoloss_pre: 0.0086, lv0ddvo_structloss_pre: 0.0348, lv0ddvo_photoloss_next: 0.0072, lv0ddvo_structloss_next: 0.0289, loss: 0.1198
2026-01-25 03:16:40,186 - hdvo - INFO - Iter [16950/40000]	lr: 6.225e-05, eta: 0:51:03, time: 0.132, data_time: 0.003, memory: 2228, lv0_smooth: 0.0018, lv0photo_stereo_r2lSM_ref: 0.0070, lv0struct_stereo_r2lSM_ref: 0.0320, lv0ddvo_photoloss_pre: 0.0085, lv0ddvo_structloss_pre: 0.0350, lv0ddvo_photoloss_next: 0.0074, lv0ddvo_structloss_next: 0.0290, loss: 0.1208
2026-01-25 03:16:46,926 - hdvo - INFO - Iter [17000/40000]	lr: 6.206e-05, eta: 0:50:56, time: 0.135, data_time: 0.004, memory: 2228, lv0_smooth: 0.0019, lv0photo_stereo_r2lSM_ref: 0.0072, lv0struct_stereo_r2lSM_ref: 0.0325, lv0ddvo_photoloss_pre: 0.0087, lv0ddvo_structloss_pre: 0.0354, lv0ddvo_photoloss_next: 0.0074, lv0ddvo_structloss_next: 0.0295, loss: 0.1225
2026-01-25 03:16:53,605 - hdvo - INFO - Iter [17050/40000]	lr: 6.187e-05, eta: 0:50:50, time: 0.134, data_time: 0.003, memory: 2228, lv0_smooth: 0.0019, lv0photo_stereo_r2lSM_ref: 0.0069, lv0struct_stereo_r2lSM_ref: 0.0320, lv0ddvo_photoloss_pre: 0.0088, lv0ddvo_structloss_pre: 0.0350, lv0ddvo_photoloss_next: 0.0075, lv0ddvo_structloss_next: 0.0294, loss: 0.1214
2026-01-25 03:17:00,289 - hdvo - INFO - Iter [17100/40000]	lr: 6.168e-05, eta: 0:50:43, time: 0.134, data_time: 0.003, memory: 2228, lv0_smooth: 0.0019, lv0photo_stereo_r2lSM_ref: 0.0073, lv0struct_stereo_r2lSM_ref: 0.0326, lv0ddvo_photoloss_pre: 0.0087, lv0ddvo_structloss_pre: 0.0357, lv0ddvo_photoloss_next: 0.0077, lv0ddvo_structloss_next: 0.0300, loss: 0.1239
2026-01-25 03:17:06,908 - hdvo - INFO - Iter [17150/40000]	lr: 6.149e-05, eta: 0:50:37, time: 0.132, data_time: 0.003, memory: 2228, lv0_smooth: 0.0018, lv0photo_stereo_r2lSM_ref: 0.0070, lv0struct_stereo_r2lSM_ref: 0.0322, lv0ddvo_photoloss_pre: 0.0085, lv0ddvo_structloss_pre: 0.0352, lv0ddvo_photoloss_next: 0.0074, lv0ddvo_structloss_next: 0.0295, loss: 0.1216
2026-01-25 03:17:13,624 - hdvo - INFO - Iter [17200/40000]	lr: 6.130e-05, eta: 0:50:30, time: 0.135, data_time: 0.003, memory: 2228, lv0_smooth: 0.0018, lv0photo_stereo_r2lSM_ref: 0.0069, lv0struct_stereo_r2lSM_ref: 0.0318, lv0ddvo_photoloss_pre: 0.0083, lv0ddvo_structloss_pre: 0.0345, lv0ddvo_photoloss_next: 0.0072, lv0ddvo_structloss_next: 0.0289, loss: 0.1194
2026-01-25 03:17:20,283 - hdvo - INFO - Iter [17250/40000]	lr: 6.111e-05, eta: 0:50:23, time: 0.133, data_time: 0.004, memory: 2228, lv0_smooth: 0.0017, lv0photo_stereo_r2lSM_ref: 0.0066, lv0struct_stereo_r2lSM_ref: 0.0316, lv0ddvo_photoloss_pre: 0.0089, lv0ddvo_structloss_pre: 0.0353, lv0ddvo_photoloss_next: 0.0073, lv0ddvo_structloss_next: 0.0287, loss: 0.1201
2026-01-25 03:17:26,910 - hdvo - INFO - Iter [17300/40000]	lr: 6.092e-05, eta: 0:50:17, time: 0.132, data_time: 0.003, memory: 2228, lv0_smooth: 0.0017, lv0photo_stereo_r2lSM_ref: 0.0072, lv0struct_stereo_r2lSM_ref: 0.0320, lv0ddvo_photoloss_pre: 0.0093, lv0ddvo_structloss_pre: 0.0351, lv0ddvo_photoloss_next: 0.0076, lv0ddvo_structloss_next: 0.0288, loss: 0.1216
2026-01-25 03:17:33,541 - hdvo - INFO - Iter [17350/40000]	lr: 6.073e-05, eta: 0:50:10, time: 0.133, data_time: 0.004, memory: 2228, lv0_smooth: 0.0018, lv0photo_stereo_r2lSM_ref: 0.0068, lv0struct_stereo_r2lSM_ref: 0.0315, lv0ddvo_photoloss_pre: 0.0083, lv0ddvo_structloss_pre: 0.0340, lv0ddvo_photoloss_next: 0.0072, lv0ddvo_structloss_next: 0.0278, loss: 0.1173
2026-01-25 03:17:40,059 - hdvo - INFO - Iter [17400/40000]	lr: 6.054e-05, eta: 0:50:03, time: 0.130, data_time: 0.003, memory: 2228, lv0_smooth: 0.0017, lv0photo_stereo_r2lSM_ref: 0.0067, lv0struct_stereo_r2lSM_ref: 0.0315, lv0ddvo_photoloss_pre: 0.0092, lv0ddvo_structloss_pre: 0.0352, lv0ddvo_photoloss_next: 0.0082, lv0ddvo_structloss_next: 0.0293, loss: 0.1218
2026-01-25 03:17:46,720 - hdvo - INFO - Iter [17450/40000]	lr: 6.035e-05, eta: 0:49:57, time: 0.133, data_time: 0.003, memory: 2228, lv0_smooth: 0.0018, lv0photo_stereo_r2lSM_ref: 0.0065, lv0struct_stereo_r2lSM_ref: 0.0315, lv0ddvo_photoloss_pre: 0.0086, lv0ddvo_structloss_pre: 0.0351, lv0ddvo_photoloss_next: 0.0073, lv0ddvo_structloss_next: 0.0289, loss: 0.1197
2026-01-25 03:17:53,286 - hdvo - INFO - Iter [17500/40000]	lr: 6.016e-05, eta: 0:49:50, time: 0.132, data_time: 0.003, memory: 2228, lv0_smooth: 0.0018, lv0photo_stereo_r2lSM_ref: 0.0067, lv0struct_stereo_r2lSM_ref: 0.0317, lv0ddvo_photoloss_pre: 0.0089, lv0ddvo_structloss_pre: 0.0346, lv0ddvo_photoloss_next: 0.0073, lv0ddvo_structloss_next: 0.0291, loss: 0.1202
2026-01-25 03:17:59,886 - hdvo - INFO - Iter [17550/40000]	lr: 5.997e-05, eta: 0:49:43, time: 0.132, data_time: 0.003, memory: 2228, lv0_smooth: 0.0018, lv0photo_stereo_r2lSM_ref: 0.0070, lv0struct_stereo_r2lSM_ref: 0.0320, lv0ddvo_photoloss_pre: 0.0082, lv0ddvo_structloss_pre: 0.0346, lv0ddvo_photoloss_next: 0.0068, lv0ddvo_structloss_next: 0.0285, loss: 0.1189
2026-01-25 03:18:06,463 - hdvo - INFO - Iter [17600/40000]	lr: 5.978e-05, eta: 0:49:36, time: 0.132, data_time: 0.003, memory: 2228, lv0_smooth: 0.0018, lv0photo_stereo_r2lSM_ref: 0.0067, lv0struct_stereo_r2lSM_ref: 0.0319, lv0ddvo_photoloss_pre: 0.0086, lv0ddvo_structloss_pre: 0.0350, lv0ddvo_photoloss_next: 0.0073, lv0ddvo_structloss_next: 0.0293, loss: 0.1206
2026-01-25 03:18:13,053 - hdvo - INFO - Iter [17650/40000]	lr: 5.959e-05, eta: 0:49:30, time: 0.131, data_time: 0.004, memory: 2228, lv0_smooth: 0.0018, lv0photo_stereo_r2lSM_ref: 0.0065, lv0struct_stereo_r2lSM_ref: 0.0317, lv0ddvo_photoloss_pre: 0.0079, lv0ddvo_structloss_pre: 0.0347, lv0ddvo_photoloss_next: 0.0068, lv0ddvo_structloss_next: 0.0288, loss: 0.1181
2026-01-25 03:18:19,609 - hdvo - INFO - Iter [17700/40000]	lr: 5.940e-05, eta: 0:49:23, time: 0.131, data_time: 0.004, memory: 2228, lv0_smooth: 0.0018, lv0photo_stereo_r2lSM_ref: 0.0071, lv0struct_stereo_r2lSM_ref: 0.0317, lv0ddvo_photoloss_pre: 0.0091, lv0ddvo_structloss_pre: 0.0357, lv0ddvo_photoloss_next: 0.0077, lv0ddvo_structloss_next: 0.0296, loss: 0.1227
2026-01-25 03:18:26,240 - hdvo - INFO - Iter [17750/40000]	lr: 5.921e-05, eta: 0:49:16, time: 0.133, data_time: 0.004, memory: 2228, lv0_smooth: 0.0018, lv0photo_stereo_r2lSM_ref: 0.0068, lv0struct_stereo_r2lSM_ref: 0.0317, lv0ddvo_photoloss_pre: 0.0082, lv0ddvo_structloss_pre: 0.0349, lv0ddvo_photoloss_next: 0.0072, lv0ddvo_structloss_next: 0.0293, loss: 0.1198
2026-01-25 03:18:32,971 - hdvo - INFO - Iter [17800/40000]	lr: 5.901e-05, eta: 0:49:10, time: 0.135, data_time: 0.004, memory: 2228, lv0_smooth: 0.0018, lv0photo_stereo_r2lSM_ref: 0.0068, lv0struct_stereo_r2lSM_ref: 0.0319, lv0ddvo_photoloss_pre: 0.0080, lv0ddvo_structloss_pre: 0.0346, lv0ddvo_photoloss_next: 0.0072, lv0ddvo_structloss_next: 0.0290, loss: 0.1193
2026-01-25 03:18:39,722 - hdvo - INFO - Iter [17850/40000]	lr: 5.882e-05, eta: 0:49:03, time: 0.135, data_time: 0.003, memory: 2228, lv0_smooth: 0.0017, lv0photo_stereo_r2lSM_ref: 0.0068, lv0struct_stereo_r2lSM_ref: 0.0322, lv0ddvo_photoloss_pre: 0.0082, lv0ddvo_structloss_pre: 0.0346, lv0ddvo_photoloss_next: 0.0073, lv0ddvo_structloss_next: 0.0296, loss: 0.1206
2026-01-25 03:18:46,259 - hdvo - INFO - Iter [17900/40000]	lr: 5.863e-05, eta: 0:48:56, time: 0.131, data_time: 0.003, memory: 2228, lv0_smooth: 0.0018, lv0photo_stereo_r2lSM_ref: 0.0069, lv0struct_stereo_r2lSM_ref: 0.0318, lv0ddvo_photoloss_pre: 0.0087, lv0ddvo_structloss_pre: 0.0355, lv0ddvo_photoloss_next: 0.0071, lv0ddvo_structloss_next: 0.0291, loss: 0.1209
2026-01-25 03:18:52,965 - hdvo - INFO - Iter [17950/40000]	lr: 5.844e-05, eta: 0:48:50, time: 0.134, data_time: 0.003, memory: 2228, lv0_smooth: 0.0018, lv0photo_stereo_r2lSM_ref: 0.0065, lv0struct_stereo_r2lSM_ref: 0.0314, lv0ddvo_photoloss_pre: 0.0085, lv0ddvo_structloss_pre: 0.0342, lv0ddvo_photoloss_next: 0.0072, lv0ddvo_structloss_next: 0.0287, loss: 0.1183
2026-01-25 03:18:59,556 - hdvo - INFO - Iter [18000/40000]	lr: 5.825e-05, eta: 0:48:43, time: 0.132, data_time: 0.004, memory: 2228, lv0_smooth: 0.0018, lv0photo_stereo_r2lSM_ref: 0.0068, lv0struct_stereo_r2lSM_ref: 0.0320, lv0ddvo_photoloss_pre: 0.0083, lv0ddvo_structloss_pre: 0.0352, lv0ddvo_photoloss_next: 0.0072, lv0ddvo_structloss_next: 0.0293, loss: 0.1206
2026-01-25 03:19:06,110 - hdvo - INFO - Iter [18050/40000]	lr: 5.806e-05, eta: 0:48:36, time: 0.131, data_time: 0.002, memory: 2228, lv0_smooth: 0.0017, lv0photo_stereo_r2lSM_ref: 0.0069, lv0struct_stereo_r2lSM_ref: 0.0323, lv0ddvo_photoloss_pre: 0.0089, lv0ddvo_structloss_pre: 0.0357, lv0ddvo_photoloss_next: 0.0080, lv0ddvo_structloss_next: 0.0298, loss: 0.1232
2026-01-25 03:19:12,659 - hdvo - INFO - Iter [18100/40000]	lr: 5.786e-05, eta: 0:48:30, time: 0.131, data_time: 0.004, memory: 2228, lv0_smooth: 0.0018, lv0photo_stereo_r2lSM_ref: 0.0066, lv0struct_stereo_r2lSM_ref: 0.0319, lv0ddvo_photoloss_pre: 0.0080, lv0ddvo_structloss_pre: 0.0346, lv0ddvo_photoloss_next: 0.0071, lv0ddvo_structloss_next: 0.0289, loss: 0.1191
2026-01-25 03:19:19,278 - hdvo - INFO - Iter [18150/40000]	lr: 5.767e-05, eta: 0:48:23, time: 0.132, data_time: 0.003, memory: 2228, lv0_smooth: 0.0018, lv0photo_stereo_r2lSM_ref: 0.0068, lv0struct_stereo_r2lSM_ref: 0.0316, lv0ddvo_photoloss_pre: 0.0083, lv0ddvo_structloss_pre: 0.0343, lv0ddvo_photoloss_next: 0.0073, lv0ddvo_structloss_next: 0.0287, loss: 0.1188
2026-01-25 03:19:25,970 - hdvo - INFO - Iter [18200/40000]	lr: 5.748e-05, eta: 0:48:16, time: 0.134, data_time: 0.003, memory: 2228, lv0_smooth: 0.0018, lv0photo_stereo_r2lSM_ref: 0.0071, lv0struct_stereo_r2lSM_ref: 0.0322, lv0ddvo_photoloss_pre: 0.0089, lv0ddvo_structloss_pre: 0.0351, lv0ddvo_photoloss_next: 0.0076, lv0ddvo_structloss_next: 0.0294, loss: 0.1221
2026-01-25 03:19:32,554 - hdvo - INFO - Iter [18250/40000]	lr: 5.729e-05, eta: 0:48:10, time: 0.132, data_time: 0.003, memory: 2228, lv0_smooth: 0.0017, lv0photo_stereo_r2lSM_ref: 0.0068, lv0struct_stereo_r2lSM_ref: 0.0315, lv0ddvo_photoloss_pre: 0.0086, lv0ddvo_structloss_pre: 0.0348, lv0ddvo_photoloss_next: 0.0074, lv0ddvo_structloss_next: 0.0287, loss: 0.1195
2026-01-25 03:19:39,211 - hdvo - INFO - Iter [18300/40000]	lr: 5.709e-05, eta: 0:48:03, time: 0.133, data_time: 0.004, memory: 2228, lv0_smooth: 0.0018, lv0photo_stereo_r2lSM_ref: 0.0069, lv0struct_stereo_r2lSM_ref: 0.0320, lv0ddvo_photoloss_pre: 0.0087, lv0ddvo_structloss_pre: 0.0350, lv0ddvo_photoloss_next: 0.0072, lv0ddvo_structloss_next: 0.0291, loss: 0.1207
2026-01-25 03:19:45,790 - hdvo - INFO - Iter [18350/40000]	lr: 5.690e-05, eta: 0:47:56, time: 0.131, data_time: 0.004, memory: 2228, lv0_smooth: 0.0018, lv0photo_stereo_r2lSM_ref: 0.0071, lv0struct_stereo_r2lSM_ref: 0.0322, lv0ddvo_photoloss_pre: 0.0088, lv0ddvo_structloss_pre: 0.0353, lv0ddvo_photoloss_next: 0.0076, lv0ddvo_structloss_next: 0.0293, loss: 0.1221
2026-01-25 03:19:52,350 - hdvo - INFO - Iter [18400/40000]	lr: 5.671e-05, eta: 0:47:50, time: 0.131, data_time: 0.003, memory: 2228, lv0_smooth: 0.0018, lv0photo_stereo_r2lSM_ref: 0.0072, lv0struct_stereo_r2lSM_ref: 0.0325, lv0ddvo_photoloss_pre: 0.0099, lv0ddvo_structloss_pre: 0.0359, lv0ddvo_photoloss_next: 0.0082, lv0ddvo_structloss_next: 0.0301, loss: 0.1256
2026-01-25 03:19:58,985 - hdvo - INFO - Iter [18450/40000]	lr: 5.651e-05, eta: 0:47:43, time: 0.132, data_time: 0.003, memory: 2228, lv0_smooth: 0.0019, lv0photo_stereo_r2lSM_ref: 0.0071, lv0struct_stereo_r2lSM_ref: 0.0322, lv0ddvo_photoloss_pre: 0.0089, lv0ddvo_structloss_pre: 0.0354, lv0ddvo_photoloss_next: 0.0076, lv0ddvo_structloss_next: 0.0294, loss: 0.1224
2026-01-25 03:20:05,682 - hdvo - INFO - Iter [18500/40000]	lr: 5.632e-05, eta: 0:47:36, time: 0.134, data_time: 0.004, memory: 2228, lv0_smooth: 0.0019, lv0photo_stereo_r2lSM_ref: 0.0073, lv0struct_stereo_r2lSM_ref: 0.0322, lv0ddvo_photoloss_pre: 0.0085, lv0ddvo_structloss_pre: 0.0348, lv0ddvo_photoloss_next: 0.0073, lv0ddvo_structloss_next: 0.0295, loss: 0.1215
2026-01-25 03:20:12,341 - hdvo - INFO - Iter [18550/40000]	lr: 5.613e-05, eta: 0:47:30, time: 0.133, data_time: 0.002, memory: 2228, lv0_smooth: 0.0018, lv0photo_stereo_r2lSM_ref: 0.0074, lv0struct_stereo_r2lSM_ref: 0.0323, lv0ddvo_photoloss_pre: 0.0090, lv0ddvo_structloss_pre: 0.0351, lv0ddvo_photoloss_next: 0.0077, lv0ddvo_structloss_next: 0.0291, loss: 0.1224
2026-01-25 03:20:18,962 - hdvo - INFO - Iter [18600/40000]	lr: 5.594e-05, eta: 0:47:23, time: 0.132, data_time: 0.003, memory: 2228, lv0_smooth: 0.0019, lv0photo_stereo_r2lSM_ref: 0.0071, lv0struct_stereo_r2lSM_ref: 0.0326, lv0ddvo_photoloss_pre: 0.0089, lv0ddvo_structloss_pre: 0.0355, lv0ddvo_photoloss_next: 0.0078, lv0ddvo_structloss_next: 0.0295, loss: 0.1233
2026-01-25 03:20:25,649 - hdvo - INFO - Iter [18650/40000]	lr: 5.574e-05, eta: 0:47:16, time: 0.134, data_time: 0.003, memory: 2228, lv0_smooth: 0.0018, lv0photo_stereo_r2lSM_ref: 0.0075, lv0struct_stereo_r2lSM_ref: 0.0324, lv0ddvo_photoloss_pre: 0.0094, lv0ddvo_structloss_pre: 0.0354, lv0ddvo_photoloss_next: 0.0082, lv0ddvo_structloss_next: 0.0298, loss: 0.1245
2026-01-25 03:20:32,297 - hdvo - INFO - Iter [18700/40000]	lr: 5.555e-05, eta: 0:47:10, time: 0.133, data_time: 0.003, memory: 2228, lv0_smooth: 0.0019, lv0photo_stereo_r2lSM_ref: 0.0068, lv0struct_stereo_r2lSM_ref: 0.0322, lv0ddvo_photoloss_pre: 0.0082, lv0ddvo_structloss_pre: 0.0347, lv0ddvo_photoloss_next: 0.0074, lv0ddvo_structloss_next: 0.0292, loss: 0.1203
2026-01-25 03:20:38,967 - hdvo - INFO - Iter [18750/40000]	lr: 5.536e-05, eta: 0:47:03, time: 0.133, data_time: 0.003, memory: 2228, lv0_smooth: 0.0019, lv0photo_stereo_r2lSM_ref: 0.0068, lv0struct_stereo_r2lSM_ref: 0.0319, lv0ddvo_photoloss_pre: 0.0088, lv0ddvo_structloss_pre: 0.0354, lv0ddvo_photoloss_next: 0.0078, lv0ddvo_structloss_next: 0.0296, loss: 0.1222
2026-01-25 03:20:45,616 - hdvo - INFO - Iter [18800/40000]	lr: 5.516e-05, eta: 0:46:57, time: 0.133, data_time: 0.004, memory: 2228, lv0_smooth: 0.0018, lv0photo_stereo_r2lSM_ref: 0.0071, lv0struct_stereo_r2lSM_ref: 0.0320, lv0ddvo_photoloss_pre: 0.0091, lv0ddvo_structloss_pre: 0.0354, lv0ddvo_photoloss_next: 0.0075, lv0ddvo_structloss_next: 0.0291, loss: 0.1219
2026-01-25 03:20:52,406 - hdvo - INFO - Iter [18850/40000]	lr: 5.497e-05, eta: 0:46:50, time: 0.135, data_time: 0.003, memory: 2228, lv0_smooth: 0.0018, lv0photo_stereo_r2lSM_ref: 0.0069, lv0struct_stereo_r2lSM_ref: 0.0321, lv0ddvo_photoloss_pre: 0.0085, lv0ddvo_structloss_pre: 0.0351, lv0ddvo_photoloss_next: 0.0075, lv0ddvo_structloss_next: 0.0295, loss: 0.1214
2026-01-25 03:20:59,101 - hdvo - INFO - Iter [18900/40000]	lr: 5.478e-05, eta: 0:46:43, time: 0.134, data_time: 0.004, memory: 2228, lv0_smooth: 0.0019, lv0photo_stereo_r2lSM_ref: 0.0071, lv0struct_stereo_r2lSM_ref: 0.0321, lv0ddvo_photoloss_pre: 0.0087, lv0ddvo_structloss_pre: 0.0348, lv0ddvo_photoloss_next: 0.0074, lv0ddvo_structloss_next: 0.0294, loss: 0.1214
2026-01-25 03:21:05,644 - hdvo - INFO - Iter [18950/40000]	lr: 5.458e-05, eta: 0:46:37, time: 0.131, data_time: 0.003, memory: 2228, lv0_smooth: 0.0019, lv0photo_stereo_r2lSM_ref: 0.0068, lv0struct_stereo_r2lSM_ref: 0.0320, lv0ddvo_photoloss_pre: 0.0081, lv0ddvo_structloss_pre: 0.0343, lv0ddvo_photoloss_next: 0.0071, lv0ddvo_structloss_next: 0.0289, loss: 0.1191
2026-01-25 03:21:12,252 - hdvo - INFO - Iter [19000/40000]	lr: 5.439e-05, eta: 0:46:30, time: 0.132, data_time: 0.003, memory: 2228, lv0_smooth: 0.0019, lv0photo_stereo_r2lSM_ref: 0.0072, lv0struct_stereo_r2lSM_ref: 0.0324, lv0ddvo_photoloss_pre: 0.0085, lv0ddvo_structloss_pre: 0.0355, lv0ddvo_photoloss_next: 0.0076, lv0ddvo_structloss_next: 0.0301, loss: 0.1232
2026-01-25 03:21:19,144 - hdvo - INFO - Iter [19050/40000]	lr: 5.419e-05, eta: 0:46:24, time: 0.138, data_time: 0.003, memory: 2228, lv0_smooth: 0.0019, lv0photo_stereo_r2lSM_ref: 0.0070, lv0struct_stereo_r2lSM_ref: 0.0323, lv0ddvo_photoloss_pre: 0.0091, lv0ddvo_structloss_pre: 0.0359, lv0ddvo_photoloss_next: 0.0078, lv0ddvo_structloss_next: 0.0301, loss: 0.1241
2026-01-25 03:21:25,833 - hdvo - INFO - Iter [19100/40000]	lr: 5.400e-05, eta: 0:46:17, time: 0.133, data_time: 0.003, memory: 2228, lv0_smooth: 0.0019, lv0photo_stereo_r2lSM_ref: 0.0067, lv0struct_stereo_r2lSM_ref: 0.0320, lv0ddvo_photoloss_pre: 0.0091, lv0ddvo_structloss_pre: 0.0354, lv0ddvo_photoloss_next: 0.0078, lv0ddvo_structloss_next: 0.0298, loss: 0.1225
2026-01-25 03:21:32,452 - hdvo - INFO - Iter [19150/40000]	lr: 5.381e-05, eta: 0:46:10, time: 0.133, data_time: 0.004, memory: 2228, lv0_smooth: 0.0019, lv0photo_stereo_r2lSM_ref: 0.0074, lv0struct_stereo_r2lSM_ref: 0.0327, lv0ddvo_photoloss_pre: 0.0092, lv0ddvo_structloss_pre: 0.0357, lv0ddvo_photoloss_next: 0.0082, lv0ddvo_structloss_next: 0.0303, loss: 0.1253
2026-01-25 03:21:39,133 - hdvo - INFO - Iter [19200/40000]	lr: 5.361e-05, eta: 0:46:04, time: 0.134, data_time: 0.003, memory: 2228, lv0_smooth: 0.0019, lv0photo_stereo_r2lSM_ref: 0.0070, lv0struct_stereo_r2lSM_ref: 0.0324, lv0ddvo_photoloss_pre: 0.0081, lv0ddvo_structloss_pre: 0.0347, lv0ddvo_photoloss_next: 0.0072, lv0ddvo_structloss_next: 0.0294, loss: 0.1206
2026-01-25 03:21:45,830 - hdvo - INFO - Iter [19250/40000]	lr: 5.342e-05, eta: 0:45:57, time: 0.134, data_time: 0.005, memory: 2228, lv0_smooth: 0.0018, lv0photo_stereo_r2lSM_ref: 0.0071, lv0struct_stereo_r2lSM_ref: 0.0318, lv0ddvo_photoloss_pre: 0.0090, lv0ddvo_structloss_pre: 0.0354, lv0ddvo_photoloss_next: 0.0074, lv0ddvo_structloss_next: 0.0294, loss: 0.1220
2026-01-25 03:21:52,529 - hdvo - INFO - Iter [19300/40000]	lr: 5.322e-05, eta: 0:45:51, time: 0.134, data_time: 0.003, memory: 2228, lv0_smooth: 0.0018, lv0photo_stereo_r2lSM_ref: 0.0069, lv0struct_stereo_r2lSM_ref: 0.0320, lv0ddvo_photoloss_pre: 0.0088, lv0ddvo_structloss_pre: 0.0351, lv0ddvo_photoloss_next: 0.0084, lv0ddvo_structloss_next: 0.0295, loss: 0.1226
2026-01-25 03:21:59,050 - hdvo - INFO - Iter [19350/40000]	lr: 5.303e-05, eta: 0:45:44, time: 0.130, data_time: 0.003, memory: 2228, lv0_smooth: 0.0018, lv0photo_stereo_r2lSM_ref: 0.0067, lv0struct_stereo_r2lSM_ref: 0.0320, lv0ddvo_photoloss_pre: 0.0084, lv0ddvo_structloss_pre: 0.0354, lv0ddvo_photoloss_next: 0.0076, lv0ddvo_structloss_next: 0.0293, loss: 0.1212
2026-01-25 03:22:06,045 - hdvo - INFO - Iter [19400/40000]	lr: 5.284e-05, eta: 0:45:38, time: 0.140, data_time: 0.004, memory: 2228, lv0_smooth: 0.0018, lv0photo_stereo_r2lSM_ref: 0.0075, lv0struct_stereo_r2lSM_ref: 0.0323, lv0ddvo_photoloss_pre: 0.0092, lv0ddvo_structloss_pre: 0.0350, lv0ddvo_photoloss_next: 0.0076, lv0ddvo_structloss_next: 0.0290, loss: 0.1224
2026-01-25 03:22:12,777 - hdvo - INFO - Iter [19450/40000]	lr: 5.264e-05, eta: 0:45:31, time: 0.135, data_time: 0.003, memory: 2228, lv0_smooth: 0.0018, lv0photo_stereo_r2lSM_ref: 0.0071, lv0struct_stereo_r2lSM_ref: 0.0320, lv0ddvo_photoloss_pre: 0.0086, lv0ddvo_structloss_pre: 0.0348, lv0ddvo_photoloss_next: 0.0075, lv0ddvo_structloss_next: 0.0290, loss: 0.1207
2026-01-25 03:22:19,452 - hdvo - INFO - Iter [19500/40000]	lr: 5.245e-05, eta: 0:45:24, time: 0.134, data_time: 0.004, memory: 2228, lv0_smooth: 0.0018, lv0photo_stereo_r2lSM_ref: 0.0070, lv0struct_stereo_r2lSM_ref: 0.0320, lv0ddvo_photoloss_pre: 0.0089, lv0ddvo_structloss_pre: 0.0353, lv0ddvo_photoloss_next: 0.0077, lv0ddvo_structloss_next: 0.0295, loss: 0.1222
2026-01-25 03:22:25,915 - hdvo - INFO - Iter [19550/40000]	lr: 5.225e-05, eta: 0:45:18, time: 0.129, data_time: 0.003, memory: 2228, lv0_smooth: 0.0018, lv0photo_stereo_r2lSM_ref: 0.0067, lv0struct_stereo_r2lSM_ref: 0.0316, lv0ddvo_photoloss_pre: 0.0082, lv0ddvo_structloss_pre: 0.0344, lv0ddvo_photoloss_next: 0.0071, lv0ddvo_structloss_next: 0.0287, loss: 0.1185
2026-01-25 03:22:32,522 - hdvo - INFO - Iter [19600/40000]	lr: 5.206e-05, eta: 0:45:11, time: 0.132, data_time: 0.003, memory: 2228, lv0_smooth: 0.0018, lv0photo_stereo_r2lSM_ref: 0.0069, lv0struct_stereo_r2lSM_ref: 0.0318, lv0ddvo_photoloss_pre: 0.0093, lv0ddvo_structloss_pre: 0.0355, lv0ddvo_photoloss_next: 0.0077, lv0ddvo_structloss_next: 0.0293, loss: 0.1223
2026-01-25 03:22:39,168 - hdvo - INFO - Iter [19650/40000]	lr: 5.186e-05, eta: 0:45:04, time: 0.133, data_time: 0.004, memory: 2228, lv0_smooth: 0.0019, lv0photo_stereo_r2lSM_ref: 0.0069, lv0struct_stereo_r2lSM_ref: 0.0320, lv0ddvo_photoloss_pre: 0.0087, lv0ddvo_structloss_pre: 0.0353, lv0ddvo_photoloss_next: 0.0075, lv0ddvo_structloss_next: 0.0290, loss: 0.1213
2026-01-25 03:22:45,682 - hdvo - INFO - Iter [19700/40000]	lr: 5.167e-05, eta: 0:44:57, time: 0.130, data_time: 0.003, memory: 2228, lv0_smooth: 0.0018, lv0photo_stereo_r2lSM_ref: 0.0072, lv0struct_stereo_r2lSM_ref: 0.0323, lv0ddvo_photoloss_pre: 0.0094, lv0ddvo_structloss_pre: 0.0355, lv0ddvo_photoloss_next: 0.0083, lv0ddvo_structloss_next: 0.0295, loss: 0.1239
2026-01-25 03:22:52,230 - hdvo - INFO - Iter [19750/40000]	lr: 5.148e-05, eta: 0:44:51, time: 0.131, data_time: 0.003, memory: 2228, lv0_smooth: 0.0018, lv0photo_stereo_r2lSM_ref: 0.0066, lv0struct_stereo_r2lSM_ref: 0.0319, lv0ddvo_photoloss_pre: 0.0083, lv0ddvo_structloss_pre: 0.0348, lv0ddvo_photoloss_next: 0.0071, lv0ddvo_structloss_next: 0.0289, loss: 0.1194
2026-01-25 03:22:58,817 - hdvo - INFO - Iter [19800/40000]	lr: 5.128e-05, eta: 0:44:44, time: 0.132, data_time: 0.003, memory: 2228, lv0_smooth: 0.0018, lv0photo_stereo_r2lSM_ref: 0.0066, lv0struct_stereo_r2lSM_ref: 0.0317, lv0ddvo_photoloss_pre: 0.0080, lv0ddvo_structloss_pre: 0.0342, lv0ddvo_photoloss_next: 0.0071, lv0ddvo_structloss_next: 0.0289, loss: 0.1182
2026-01-25 03:23:05,387 - hdvo - INFO - Iter [19850/40000]	lr: 5.109e-05, eta: 0:44:37, time: 0.132, data_time: 0.003, memory: 2228, lv0_smooth: 0.0019, lv0photo_stereo_r2lSM_ref: 0.0073, lv0struct_stereo_r2lSM_ref: 0.0323, lv0ddvo_photoloss_pre: 0.0095, lv0ddvo_structloss_pre: 0.0359, lv0ddvo_photoloss_next: 0.0083, lv0ddvo_structloss_next: 0.0302, loss: 0.1253
2026-01-25 03:23:11,909 - hdvo - INFO - Iter [19900/40000]	lr: 5.089e-05, eta: 0:44:30, time: 0.130, data_time: 0.004, memory: 2228, lv0_smooth: 0.0019, lv0photo_stereo_r2lSM_ref: 0.0073, lv0struct_stereo_r2lSM_ref: 0.0326, lv0ddvo_photoloss_pre: 0.0090, lv0ddvo_structloss_pre: 0.0353, lv0ddvo_photoloss_next: 0.0079, lv0ddvo_structloss_next: 0.0301, loss: 0.1242
2026-01-25 03:23:18,418 - hdvo - INFO - Iter [19950/40000]	lr: 5.070e-05, eta: 0:44:24, time: 0.130, data_time: 0.005, memory: 2228, lv0_smooth: 0.0019, lv0photo_stereo_r2lSM_ref: 0.0073, lv0struct_stereo_r2lSM_ref: 0.0326, lv0ddvo_photoloss_pre: 0.0092, lv0ddvo_structloss_pre: 0.0355, lv0ddvo_photoloss_next: 0.0081, lv0ddvo_structloss_next: 0.0297, loss: 0.1242
2026-01-25 03:23:25,040 - hdvo - INFO - Saving checkpoint at 20000 iterations
2026-01-25 03:23:25,666 - hdvo - INFO - Iter [20000/40000]	lr: 5.050e-05, eta: 0:44:18, time: 0.145, data_time: 0.004, memory: 2228, lv0_smooth: 0.0018, lv0photo_stereo_r2lSM_ref: 0.0066, lv0struct_stereo_r2lSM_ref: 0.0317, lv0ddvo_photoloss_pre: 0.0084, lv0ddvo_structloss_pre: 0.0347, lv0ddvo_photoloss_next: 0.0073, lv0ddvo_structloss_next: 0.0291, loss: 0.1196
2026-01-25 03:23:32,170 - hdvo - INFO - Iter [20050/40000]	lr: 5.031e-05, eta: 0:44:11, time: 0.130, data_time: 0.003, memory: 2228, lv0_smooth: 0.0018, lv0photo_stereo_r2lSM_ref: 0.0071, lv0struct_stereo_r2lSM_ref: 0.0323, lv0ddvo_photoloss_pre: 0.0091, lv0ddvo_structloss_pre: 0.0356, lv0ddvo_photoloss_next: 0.0076, lv0ddvo_structloss_next: 0.0299, loss: 0.1235
2026-01-25 03:23:38,744 - hdvo - INFO - Iter [20100/40000]	lr: 5.012e-05, eta: 0:44:04, time: 0.131, data_time: 0.002, memory: 2228, lv0_smooth: 0.0018, lv0photo_stereo_r2lSM_ref: 0.0068, lv0struct_stereo_r2lSM_ref: 0.0317, lv0ddvo_photoloss_pre: 0.0086, lv0ddvo_structloss_pre: 0.0350, lv0ddvo_photoloss_next: 0.0079, lv0ddvo_structloss_next: 0.0292, loss: 0.1209
2026-01-25 03:23:45,364 - hdvo - INFO - Iter [20150/40000]	lr: 4.992e-05, eta: 0:43:58, time: 0.132, data_time: 0.003, memory: 2228, lv0_smooth: 0.0018, lv0photo_stereo_r2lSM_ref: 0.0074, lv0struct_stereo_r2lSM_ref: 0.0325, lv0ddvo_photoloss_pre: 0.0093, lv0ddvo_structloss_pre: 0.0355, lv0ddvo_photoloss_next: 0.0081, lv0ddvo_structloss_next: 0.0299, loss: 0.1246
2026-01-25 03:23:52,075 - hdvo - INFO - Iter [20200/40000]	lr: 4.973e-05, eta: 0:43:51, time: 0.134, data_time: 0.003, memory: 2228, lv0_smooth: 0.0018, lv0photo_stereo_r2lSM_ref: 0.0068, lv0struct_stereo_r2lSM_ref: 0.0318, lv0ddvo_photoloss_pre: 0.0086, lv0ddvo_structloss_pre: 0.0342, lv0ddvo_photoloss_next: 0.0071, lv0ddvo_structloss_next: 0.0285, loss: 0.1187
2026-01-25 03:23:58,667 - hdvo - INFO - Iter [20250/40000]	lr: 4.953e-05, eta: 0:43:44, time: 0.132, data_time: 0.004, memory: 2228, lv0_smooth: 0.0019, lv0photo_stereo_r2lSM_ref: 0.0069, lv0struct_stereo_r2lSM_ref: 0.0323, lv0ddvo_photoloss_pre: 0.0083, lv0ddvo_structloss_pre: 0.0351, lv0ddvo_photoloss_next: 0.0072, lv0ddvo_structloss_next: 0.0293, loss: 0.1210
2026-01-25 03:24:05,209 - hdvo - INFO - Iter [20300/40000]	lr: 4.934e-05, eta: 0:43:37, time: 0.130, data_time: 0.003, memory: 2228, lv0_smooth: 0.0019, lv0photo_stereo_r2lSM_ref: 0.0069, lv0struct_stereo_r2lSM_ref: 0.0319, lv0ddvo_photoloss_pre: 0.0082, lv0ddvo_structloss_pre: 0.0346, lv0ddvo_photoloss_next: 0.0069, lv0ddvo_structloss_next: 0.0290, loss: 0.1193
2026-01-25 03:24:11,807 - hdvo - INFO - Iter [20350/40000]	lr: 4.914e-05, eta: 0:43:31, time: 0.132, data_time: 0.003, memory: 2228, lv0_smooth: 0.0019, lv0photo_stereo_r2lSM_ref: 0.0078, lv0struct_stereo_r2lSM_ref: 0.0325, lv0ddvo_photoloss_pre: 0.0092, lv0ddvo_structloss_pre: 0.0354, lv0ddvo_photoloss_next: 0.0080, lv0ddvo_structloss_next: 0.0300, loss: 0.1249
2026-01-25 03:24:20,782 - hdvo - INFO - Iter [20400/40000]	lr: 4.895e-05, eta: 0:43:26, time: 0.180, data_time: 0.057, memory: 2228, lv0_smooth: 0.0019, lv0photo_stereo_r2lSM_ref: 0.0068, lv0struct_stereo_r2lSM_ref: 0.0319, lv0ddvo_photoloss_pre: 0.0083, lv0ddvo_structloss_pre: 0.0344, lv0ddvo_photoloss_next: 0.0073, lv0ddvo_structloss_next: 0.0291, loss: 0.1197
2026-01-25 03:24:27,483 - hdvo - INFO - Iter [20450/40000]	lr: 4.875e-05, eta: 0:43:20, time: 0.134, data_time: 0.004, memory: 2228, lv0_smooth: 0.0019, lv0photo_stereo_r2lSM_ref: 0.0067, lv0struct_stereo_r2lSM_ref: 0.0320, lv0ddvo_photoloss_pre: 0.0080, lv0ddvo_structloss_pre: 0.0352, lv0ddvo_photoloss_next: 0.0069, lv0ddvo_structloss_next: 0.0291, loss: 0.1197
2026-01-25 03:24:34,192 - hdvo - INFO - Iter [20500/40000]	lr: 4.856e-05, eta: 0:43:13, time: 0.134, data_time: 0.004, memory: 2228, lv0_smooth: 0.0019, lv0photo_stereo_r2lSM_ref: 0.0070, lv0struct_stereo_r2lSM_ref: 0.0321, lv0ddvo_photoloss_pre: 0.0092, lv0ddvo_structloss_pre: 0.0350, lv0ddvo_photoloss_next: 0.0081, lv0ddvo_structloss_next: 0.0298, loss: 0.1231
2026-01-25 03:24:40,791 - hdvo - INFO - Iter [20550/40000]	lr: 4.837e-05, eta: 0:43:06, time: 0.132, data_time: 0.003, memory: 2228, lv0_smooth: 0.0019, lv0photo_stereo_r2lSM_ref: 0.0069, lv0struct_stereo_r2lSM_ref: 0.0318, lv0ddvo_photoloss_pre: 0.0086, lv0ddvo_structloss_pre: 0.0347, lv0ddvo_photoloss_next: 0.0074, lv0ddvo_structloss_next: 0.0290, loss: 0.1203
2026-01-25 03:24:47,500 - hdvo - INFO - Iter [20600/40000]	lr: 4.817e-05, eta: 0:43:00, time: 0.134, data_time: 0.004, memory: 2228, lv0_smooth: 0.0018, lv0photo_stereo_r2lSM_ref: 0.0068, lv0struct_stereo_r2lSM_ref: 0.0320, lv0ddvo_photoloss_pre: 0.0086, lv0ddvo_structloss_pre: 0.0351, lv0ddvo_photoloss_next: 0.0071, lv0ddvo_structloss_next: 0.0293, loss: 0.1208
2026-01-25 03:24:54,359 - hdvo - INFO - Iter [20650/40000]	lr: 4.798e-05, eta: 0:42:53, time: 0.137, data_time: 0.003, memory: 2228, lv0_smooth: 0.0018, lv0photo_stereo_r2lSM_ref: 0.0073, lv0struct_stereo_r2lSM_ref: 0.0327, lv0ddvo_photoloss_pre: 0.0086, lv0ddvo_structloss_pre: 0.0348, lv0ddvo_photoloss_next: 0.0078, lv0ddvo_structloss_next: 0.0296, loss: 0.1227
2026-01-25 03:25:01,062 - hdvo - INFO - Iter [20700/40000]	lr: 4.778e-05, eta: 0:42:47, time: 0.134, data_time: 0.004, memory: 2228, lv0_smooth: 0.0019, lv0photo_stereo_r2lSM_ref: 0.0071, lv0struct_stereo_r2lSM_ref: 0.0319, lv0ddvo_photoloss_pre: 0.0090, lv0ddvo_structloss_pre: 0.0353, lv0ddvo_photoloss_next: 0.0076, lv0ddvo_structloss_next: 0.0296, loss: 0.1222
2026-01-25 03:25:07,674 - hdvo - INFO - Iter [20750/40000]	lr: 4.759e-05, eta: 0:42:40, time: 0.132, data_time: 0.004, memory: 2228, lv0_smooth: 0.0019, lv0photo_stereo_r2lSM_ref: 0.0069, lv0struct_stereo_r2lSM_ref: 0.0323, lv0ddvo_photoloss_pre: 0.0095, lv0ddvo_structloss_pre: 0.0356, lv0ddvo_photoloss_next: 0.0083, lv0ddvo_structloss_next: 0.0302, loss: 0.1246
2026-01-25 03:25:14,325 - hdvo - INFO - Iter [20800/40000]	lr: 4.740e-05, eta: 0:42:33, time: 0.133, data_time: 0.004, memory: 2228, lv0_smooth: 0.0019, lv0photo_stereo_r2lSM_ref: 0.0073, lv0struct_stereo_r2lSM_ref: 0.0327, lv0ddvo_photoloss_pre: 0.0088, lv0ddvo_structloss_pre: 0.0358, lv0ddvo_photoloss_next: 0.0077, lv0ddvo_structloss_next: 0.0303, loss: 0.1244
2026-01-25 03:25:21,020 - hdvo - INFO - Iter [20850/40000]	lr: 4.720e-05, eta: 0:42:27, time: 0.134, data_time: 0.004, memory: 2228, lv0_smooth: 0.0019, lv0photo_stereo_r2lSM_ref: 0.0074, lv0struct_stereo_r2lSM_ref: 0.0324, lv0ddvo_photoloss_pre: 0.0091, lv0ddvo_structloss_pre: 0.0355, lv0ddvo_photoloss_next: 0.0085, lv0ddvo_structloss_next: 0.0303, loss: 0.1251
2026-01-25 03:25:27,602 - hdvo - INFO - Iter [20900/40000]	lr: 4.701e-05, eta: 0:42:20, time: 0.132, data_time: 0.003, memory: 2228, lv0_smooth: 0.0018, lv0photo_stereo_r2lSM_ref: 0.0067, lv0struct_stereo_r2lSM_ref: 0.0319, lv0ddvo_photoloss_pre: 0.0083, lv0ddvo_structloss_pre: 0.0347, lv0ddvo_photoloss_next: 0.0070, lv0ddvo_structloss_next: 0.0291, loss: 0.1195
2026-01-25 03:25:34,311 - hdvo - INFO - Iter [20950/40000]	lr: 4.681e-05, eta: 0:42:14, time: 0.134, data_time: 0.004, memory: 2228, lv0_smooth: 0.0018, lv0photo_stereo_r2lSM_ref: 0.0068, lv0struct_stereo_r2lSM_ref: 0.0318, lv0ddvo_photoloss_pre: 0.0082, lv0ddvo_structloss_pre: 0.0343, lv0ddvo_photoloss_next: 0.0072, lv0ddvo_structloss_next: 0.0287, loss: 0.1188
2026-01-25 03:25:40,995 - hdvo - INFO - Iter [21000/40000]	lr: 4.662e-05, eta: 0:42:07, time: 0.134, data_time: 0.003, memory: 2228, lv0_smooth: 0.0018, lv0photo_stereo_r2lSM_ref: 0.0072, lv0struct_stereo_r2lSM_ref: 0.0323, lv0ddvo_photoloss_pre: 0.0090, lv0ddvo_structloss_pre: 0.0355, lv0ddvo_photoloss_next: 0.0079, lv0ddvo_structloss_next: 0.0292, loss: 0.1229
2026-01-25 03:25:47,670 - hdvo - INFO - Iter [21050/40000]	lr: 4.643e-05, eta: 0:42:00, time: 0.133, data_time: 0.004, memory: 2228, lv0_smooth: 0.0018, lv0photo_stereo_r2lSM_ref: 0.0073, lv0struct_stereo_r2lSM_ref: 0.0324, lv0ddvo_photoloss_pre: 0.0094, lv0ddvo_structloss_pre: 0.0353, lv0ddvo_photoloss_next: 0.0082, lv0ddvo_structloss_next: 0.0297, loss: 0.1241
2026-01-25 03:25:54,334 - hdvo - INFO - Iter [21100/40000]	lr: 4.623e-05, eta: 0:41:54, time: 0.133, data_time: 0.003, memory: 2228, lv0_smooth: 0.0018, lv0photo_stereo_r2lSM_ref: 0.0068, lv0struct_stereo_r2lSM_ref: 0.0317, lv0ddvo_photoloss_pre: 0.0080, lv0ddvo_structloss_pre: 0.0341, lv0ddvo_photoloss_next: 0.0067, lv0ddvo_structloss_next: 0.0286, loss: 0.1177
2026-01-25 03:26:00,972 - hdvo - INFO - Iter [21150/40000]	lr: 4.604e-05, eta: 0:41:47, time: 0.133, data_time: 0.004, memory: 2228, lv0_smooth: 0.0018, lv0photo_stereo_r2lSM_ref: 0.0067, lv0struct_stereo_r2lSM_ref: 0.0317, lv0ddvo_photoloss_pre: 0.0083, lv0ddvo_structloss_pre: 0.0345, lv0ddvo_photoloss_next: 0.0073, lv0ddvo_structloss_next: 0.0289, loss: 0.1192
2026-01-25 03:26:07,663 - hdvo - INFO - Iter [21200/40000]	lr: 4.585e-05, eta: 0:41:40, time: 0.134, data_time: 0.003, memory: 2228, lv0_smooth: 0.0018, lv0photo_stereo_r2lSM_ref: 0.0065, lv0struct_stereo_r2lSM_ref: 0.0315, lv0ddvo_photoloss_pre: 0.0084, lv0ddvo_structloss_pre: 0.0351, lv0ddvo_photoloss_next: 0.0074, lv0ddvo_structloss_next: 0.0293, loss: 0.1200
2026-01-25 03:26:14,361 - hdvo - INFO - Iter [21250/40000]	lr: 4.565e-05, eta: 0:41:34, time: 0.133, data_time: 0.004, memory: 2228, lv0_smooth: 0.0019, lv0photo_stereo_r2lSM_ref: 0.0074, lv0struct_stereo_r2lSM_ref: 0.0322, lv0ddvo_photoloss_pre: 0.0088, lv0ddvo_structloss_pre: 0.0354, lv0ddvo_photoloss_next: 0.0081, lv0ddvo_structloss_next: 0.0300, loss: 0.1237
2026-01-25 03:26:20,950 - hdvo - INFO - Iter [21300/40000]	lr: 4.546e-05, eta: 0:41:27, time: 0.132, data_time: 0.003, memory: 2228, lv0_smooth: 0.0019, lv0photo_stereo_r2lSM_ref: 0.0068, lv0struct_stereo_r2lSM_ref: 0.0320, lv0ddvo_photoloss_pre: 0.0083, lv0ddvo_structloss_pre: 0.0345, lv0ddvo_photoloss_next: 0.0078, lv0ddvo_structloss_next: 0.0298, loss: 0.1211
2026-01-25 03:26:27,635 - hdvo - INFO - Iter [21350/40000]	lr: 4.527e-05, eta: 0:41:20, time: 0.133, data_time: 0.003, memory: 2228, lv0_smooth: 0.0018, lv0photo_stereo_r2lSM_ref: 0.0072, lv0struct_stereo_r2lSM_ref: 0.0321, lv0ddvo_photoloss_pre: 0.0093, lv0ddvo_structloss_pre: 0.0349, lv0ddvo_photoloss_next: 0.0075, lv0ddvo_structloss_next: 0.0290, loss: 0.1219
2026-01-25 03:26:34,320 - hdvo - INFO - Iter [21400/40000]	lr: 4.507e-05, eta: 0:41:14, time: 0.134, data_time: 0.003, memory: 2228, lv0_smooth: 0.0020, lv0photo_stereo_r2lSM_ref: 0.0075, lv0struct_stereo_r2lSM_ref: 0.0328, lv0ddvo_photoloss_pre: 0.0095, lv0ddvo_structloss_pre: 0.0360, lv0ddvo_photoloss_next: 0.0081, lv0ddvo_structloss_next: 0.0302, loss: 0.1261
2026-01-25 03:26:40,922 - hdvo - INFO - Iter [21450/40000]	lr: 4.488e-05, eta: 0:41:07, time: 0.132, data_time: 0.003, memory: 2228, lv0_smooth: 0.0019, lv0photo_stereo_r2lSM_ref: 0.0071, lv0struct_stereo_r2lSM_ref: 0.0324, lv0ddvo_photoloss_pre: 0.0092, lv0ddvo_structloss_pre: 0.0353, lv0ddvo_photoloss_next: 0.0080, lv0ddvo_structloss_next: 0.0299, loss: 0.1239
2026-01-25 03:26:47,596 - hdvo - INFO - Iter [21500/40000]	lr: 4.469e-05, eta: 0:41:01, time: 0.134, data_time: 0.003, memory: 2228, lv0_smooth: 0.0019, lv0photo_stereo_r2lSM_ref: 0.0069, lv0struct_stereo_r2lSM_ref: 0.0319, lv0ddvo_photoloss_pre: 0.0093, lv0ddvo_structloss_pre: 0.0352, lv0ddvo_photoloss_next: 0.0075, lv0ddvo_structloss_next: 0.0297, loss: 0.1224
2026-01-25 03:26:54,239 - hdvo - INFO - Iter [21550/40000]	lr: 4.449e-05, eta: 0:40:54, time: 0.133, data_time: 0.004, memory: 2228, lv0_smooth: 0.0019, lv0photo_stereo_r2lSM_ref: 0.0068, lv0struct_stereo_r2lSM_ref: 0.0319, lv0ddvo_photoloss_pre: 0.0086, lv0ddvo_structloss_pre: 0.0345, lv0ddvo_photoloss_next: 0.0070, lv0ddvo_structloss_next: 0.0293, loss: 0.1200
2026-01-25 03:27:00,940 - hdvo - INFO - Iter [21600/40000]	lr: 4.430e-05, eta: 0:40:47, time: 0.134, data_time: 0.004, memory: 2228, lv0_smooth: 0.0018, lv0photo_stereo_r2lSM_ref: 0.0075, lv0struct_stereo_r2lSM_ref: 0.0325, lv0ddvo_photoloss_pre: 0.0088, lv0ddvo_structloss_pre: 0.0348, lv0ddvo_photoloss_next: 0.0079, lv0ddvo_structloss_next: 0.0293, loss: 0.1227
2026-01-25 03:27:07,618 - hdvo - INFO - Iter [21650/40000]	lr: 4.411e-05, eta: 0:40:41, time: 0.133, data_time: 0.004, memory: 2228, lv0_smooth: 0.0018, lv0photo_stereo_r2lSM_ref: 0.0069, lv0struct_stereo_r2lSM_ref: 0.0320, lv0ddvo_photoloss_pre: 0.0083, lv0ddvo_structloss_pre: 0.0348, lv0ddvo_photoloss_next: 0.0075, lv0ddvo_structloss_next: 0.0297, loss: 0.1210
2026-01-25 03:27:14,246 - hdvo - INFO - Iter [21700/40000]	lr: 4.391e-05, eta: 0:40:34, time: 0.133, data_time: 0.004, memory: 2228, lv0_smooth: 0.0019, lv0photo_stereo_r2lSM_ref: 0.0070, lv0struct_stereo_r2lSM_ref: 0.0321, lv0ddvo_photoloss_pre: 0.0083, lv0ddvo_structloss_pre: 0.0348, lv0ddvo_photoloss_next: 0.0072, lv0ddvo_structloss_next: 0.0290, loss: 0.1202
2026-01-25 03:27:20,894 - hdvo - INFO - Iter [21750/40000]	lr: 4.372e-05, eta: 0:40:27, time: 0.133, data_time: 0.003, memory: 2228, lv0_smooth: 0.0018, lv0photo_stereo_r2lSM_ref: 0.0072, lv0struct_stereo_r2lSM_ref: 0.0322, lv0ddvo_photoloss_pre: 0.0092, lv0ddvo_structloss_pre: 0.0355, lv0ddvo_photoloss_next: 0.0078, lv0ddvo_structloss_next: 0.0296, loss: 0.1234
2026-01-25 03:27:27,533 - hdvo - INFO - Iter [21800/40000]	lr: 4.353e-05, eta: 0:40:21, time: 0.133, data_time: 0.005, memory: 2228, lv0_smooth: 0.0018, lv0photo_stereo_r2lSM_ref: 0.0067, lv0struct_stereo_r2lSM_ref: 0.0318, lv0ddvo_photoloss_pre: 0.0087, lv0ddvo_structloss_pre: 0.0352, lv0ddvo_photoloss_next: 0.0076, lv0ddvo_structloss_next: 0.0293, loss: 0.1211
2026-01-25 03:27:34,166 - hdvo - INFO - Iter [21850/40000]	lr: 4.334e-05, eta: 0:40:14, time: 0.133, data_time: 0.004, memory: 2228, lv0_smooth: 0.0018, lv0photo_stereo_r2lSM_ref: 0.0071, lv0struct_stereo_r2lSM_ref: 0.0320, lv0ddvo_photoloss_pre: 0.0086, lv0ddvo_structloss_pre: 0.0347, lv0ddvo_photoloss_next: 0.0072, lv0ddvo_structloss_next: 0.0286, loss: 0.1200
2026-01-25 03:27:40,806 - hdvo - INFO - Iter [21900/40000]	lr: 4.314e-05, eta: 0:40:07, time: 0.133, data_time: 0.003, memory: 2228, lv0_smooth: 0.0018, lv0photo_stereo_r2lSM_ref: 0.0068, lv0struct_stereo_r2lSM_ref: 0.0320, lv0ddvo_photoloss_pre: 0.0091, lv0ddvo_structloss_pre: 0.0355, lv0ddvo_photoloss_next: 0.0081, lv0ddvo_structloss_next: 0.0299, loss: 0.1232
2026-01-25 03:27:47,459 - hdvo - INFO - Iter [21950/40000]	lr: 4.295e-05, eta: 0:40:01, time: 0.133, data_time: 0.003, memory: 2228, lv0_smooth: 0.0018, lv0photo_stereo_r2lSM_ref: 0.0073, lv0struct_stereo_r2lSM_ref: 0.0321, lv0ddvo_photoloss_pre: 0.0088, lv0ddvo_structloss_pre: 0.0346, lv0ddvo_photoloss_next: 0.0076, lv0ddvo_structloss_next: 0.0292, loss: 0.1213
2026-01-25 03:27:54,048 - hdvo - INFO - Iter [22000/40000]	lr: 4.276e-05, eta: 0:39:54, time: 0.132, data_time: 0.004, memory: 2228, lv0_smooth: 0.0018, lv0photo_stereo_r2lSM_ref: 0.0067, lv0struct_stereo_r2lSM_ref: 0.0318, lv0ddvo_photoloss_pre: 0.0078, lv0ddvo_structloss_pre: 0.0344, lv0ddvo_photoloss_next: 0.0067, lv0ddvo_structloss_next: 0.0286, loss: 0.1177
2026-01-25 03:28:00,731 - hdvo - INFO - Iter [22050/40000]	lr: 4.257e-05, eta: 0:39:47, time: 0.134, data_time: 0.003, memory: 2228, lv0_smooth: 0.0018, lv0photo_stereo_r2lSM_ref: 0.0067, lv0struct_stereo_r2lSM_ref: 0.0318, lv0ddvo_photoloss_pre: 0.0089, lv0ddvo_structloss_pre: 0.0350, lv0ddvo_photoloss_next: 0.0078, lv0ddvo_structloss_next: 0.0298, loss: 0.1219
2026-01-25 03:28:07,402 - hdvo - INFO - Iter [22100/40000]	lr: 4.238e-05, eta: 0:39:41, time: 0.133, data_time: 0.003, memory: 2228, lv0_smooth: 0.0018, lv0photo_stereo_r2lSM_ref: 0.0073, lv0struct_stereo_r2lSM_ref: 0.0323, lv0ddvo_photoloss_pre: 0.0092, lv0ddvo_structloss_pre: 0.0352, lv0ddvo_photoloss_next: 0.0078, lv0ddvo_structloss_next: 0.0292, loss: 0.1229
2026-01-25 03:28:14,161 - hdvo - INFO - Iter [22150/40000]	lr: 4.218e-05, eta: 0:39:34, time: 0.135, data_time: 0.003, memory: 2228, lv0_smooth: 0.0018, lv0photo_stereo_r2lSM_ref: 0.0067, lv0struct_stereo_r2lSM_ref: 0.0318, lv0ddvo_photoloss_pre: 0.0082, lv0ddvo_structloss_pre: 0.0348, lv0ddvo_photoloss_next: 0.0071, lv0ddvo_structloss_next: 0.0292, loss: 0.1195
2026-01-25 03:28:20,817 - hdvo - INFO - Iter [22200/40000]	lr: 4.199e-05, eta: 0:39:27, time: 0.134, data_time: 0.003, memory: 2228, lv0_smooth: 0.0018, lv0photo_stereo_r2lSM_ref: 0.0071, lv0struct_stereo_r2lSM_ref: 0.0323, lv0ddvo_photoloss_pre: 0.0084, lv0ddvo_structloss_pre: 0.0348, lv0ddvo_photoloss_next: 0.0072, lv0ddvo_structloss_next: 0.0289, loss: 0.1205
2026-01-25 03:28:27,580 - hdvo - INFO - Iter [22250/40000]	lr: 4.180e-05, eta: 0:39:21, time: 0.135, data_time: 0.003, memory: 2228, lv0_smooth: 0.0018, lv0photo_stereo_r2lSM_ref: 0.0074, lv0struct_stereo_r2lSM_ref: 0.0324, lv0ddvo_photoloss_pre: 0.0095, lv0ddvo_structloss_pre: 0.0355, lv0ddvo_photoloss_next: 0.0082, lv0ddvo_structloss_next: 0.0298, loss: 0.1247
2026-01-25 03:28:34,216 - hdvo - INFO - Iter [22300/40000]	lr: 4.161e-05, eta: 0:39:14, time: 0.133, data_time: 0.002, memory: 2228, lv0_smooth: 0.0019, lv0photo_stereo_r2lSM_ref: 0.0073, lv0struct_stereo_r2lSM_ref: 0.0320, lv0ddvo_photoloss_pre: 0.0084, lv0ddvo_structloss_pre: 0.0349, lv0ddvo_photoloss_next: 0.0076, lv0ddvo_structloss_next: 0.0293, loss: 0.1213
2026-01-25 03:28:40,876 - hdvo - INFO - Iter [22350/40000]	lr: 4.142e-05, eta: 0:39:08, time: 0.133, data_time: 0.004, memory: 2228, lv0_smooth: 0.0018, lv0photo_stereo_r2lSM_ref: 0.0070, lv0struct_stereo_r2lSM_ref: 0.0321, lv0ddvo_photoloss_pre: 0.0089, lv0ddvo_structloss_pre: 0.0350, lv0ddvo_photoloss_next: 0.0074, lv0ddvo_structloss_next: 0.0290, loss: 0.1211
2026-01-25 03:28:47,423 - hdvo - INFO - Iter [22400/40000]	lr: 4.123e-05, eta: 0:39:01, time: 0.131, data_time: 0.004, memory: 2228, lv0_smooth: 0.0019, lv0photo_stereo_r2lSM_ref: 0.0068, lv0struct_stereo_r2lSM_ref: 0.0322, lv0ddvo_photoloss_pre: 0.0084, lv0ddvo_structloss_pre: 0.0353, lv0ddvo_photoloss_next: 0.0073, lv0ddvo_structloss_next: 0.0294, loss: 0.1214
2026-01-25 03:28:54,044 - hdvo - INFO - Iter [22450/40000]	lr: 4.104e-05, eta: 0:38:54, time: 0.132, data_time: 0.004, memory: 2228, lv0_smooth: 0.0018, lv0photo_stereo_r2lSM_ref: 0.0072, lv0struct_stereo_r2lSM_ref: 0.0322, lv0ddvo_photoloss_pre: 0.0088, lv0ddvo_structloss_pre: 0.0350, lv0ddvo_photoloss_next: 0.0080, lv0ddvo_structloss_next: 0.0294, loss: 0.1223
2026-01-25 03:29:00,679 - hdvo - INFO - Iter [22500/40000]	lr: 4.085e-05, eta: 0:38:48, time: 0.133, data_time: 0.003, memory: 2228, lv0_smooth: 0.0018, lv0photo_stereo_r2lSM_ref: 0.0066, lv0struct_stereo_r2lSM_ref: 0.0319, lv0ddvo_photoloss_pre: 0.0081, lv0ddvo_structloss_pre: 0.0349, lv0ddvo_photoloss_next: 0.0069, lv0ddvo_structloss_next: 0.0291, loss: 0.1194
2026-01-25 03:29:07,426 - hdvo - INFO - Iter [22550/40000]	lr: 4.066e-05, eta: 0:38:41, time: 0.135, data_time: 0.004, memory: 2228, lv0_smooth: 0.0018, lv0photo_stereo_r2lSM_ref: 0.0068, lv0struct_stereo_r2lSM_ref: 0.0317, lv0ddvo_photoloss_pre: 0.0082, lv0ddvo_structloss_pre: 0.0345, lv0ddvo_photoloss_next: 0.0072, lv0ddvo_structloss_next: 0.0288, loss: 0.1191
2026-01-25 03:29:14,112 - hdvo - INFO - Iter [22600/40000]	lr: 4.047e-05, eta: 0:38:34, time: 0.133, data_time: 0.004, memory: 2228, lv0_smooth: 0.0018, lv0photo_stereo_r2lSM_ref: 0.0068, lv0struct_stereo_r2lSM_ref: 0.0317, lv0ddvo_photoloss_pre: 0.0082, lv0ddvo_structloss_pre: 0.0347, lv0ddvo_photoloss_next: 0.0072, lv0ddvo_structloss_next: 0.0292, loss: 0.1198
2026-01-25 03:29:20,853 - hdvo - INFO - Iter [22650/40000]	lr: 4.028e-05, eta: 0:38:28, time: 0.135, data_time: 0.003, memory: 2228, lv0_smooth: 0.0019, lv0photo_stereo_r2lSM_ref: 0.0074, lv0struct_stereo_r2lSM_ref: 0.0322, lv0ddvo_photoloss_pre: 0.0088, lv0ddvo_structloss_pre: 0.0347, lv0ddvo_photoloss_next: 0.0076, lv0ddvo_structloss_next: 0.0292, loss: 0.1218
2026-01-25 03:29:27,489 - hdvo - INFO - Iter [22700/40000]	lr: 4.009e-05, eta: 0:38:21, time: 0.132, data_time: 0.003, memory: 2228, lv0_smooth: 0.0019, lv0photo_stereo_r2lSM_ref: 0.0067, lv0struct_stereo_r2lSM_ref: 0.0320, lv0ddvo_photoloss_pre: 0.0072, lv0ddvo_structloss_pre: 0.0347, lv0ddvo_photoloss_next: 0.0065, lv0ddvo_structloss_next: 0.0290, loss: 0.1179
2026-01-25 03:29:34,138 - hdvo - INFO - Iter [22750/40000]	lr: 3.990e-05, eta: 0:38:14, time: 0.133, data_time: 0.003, memory: 2228, lv0_smooth: 0.0019, lv0photo_stereo_r2lSM_ref: 0.0071, lv0struct_stereo_r2lSM_ref: 0.0324, lv0ddvo_photoloss_pre: 0.0086, lv0ddvo_structloss_pre: 0.0351, lv0ddvo_photoloss_next: 0.0076, lv0ddvo_structloss_next: 0.0297, loss: 0.1225
2026-01-25 03:29:40,793 - hdvo - INFO - Iter [22800/40000]	lr: 3.971e-05, eta: 0:38:08, time: 0.133, data_time: 0.003, memory: 2228, lv0_smooth: 0.0019, lv0photo_stereo_r2lSM_ref: 0.0070, lv0struct_stereo_r2lSM_ref: 0.0325, lv0ddvo_photoloss_pre: 0.0090, lv0ddvo_structloss_pre: 0.0352, lv0ddvo_photoloss_next: 0.0075, lv0ddvo_structloss_next: 0.0294, loss: 0.1226
2026-01-25 03:29:47,414 - hdvo - INFO - Iter [22850/40000]	lr: 3.952e-05, eta: 0:38:01, time: 0.133, data_time: 0.005, memory: 2228, lv0_smooth: 0.0019, lv0photo_stereo_r2lSM_ref: 0.0073, lv0struct_stereo_r2lSM_ref: 0.0325, lv0ddvo_photoloss_pre: 0.0084, lv0ddvo_structloss_pre: 0.0351, lv0ddvo_photoloss_next: 0.0076, lv0ddvo_structloss_next: 0.0297, loss: 0.1225
2026-01-25 03:29:54,098 - hdvo - INFO - Iter [22900/40000]	lr: 3.933e-05, eta: 0:37:54, time: 0.134, data_time: 0.003, memory: 2228, lv0_smooth: 0.0019, lv0photo_stereo_r2lSM_ref: 0.0070, lv0struct_stereo_r2lSM_ref: 0.0325, lv0ddvo_photoloss_pre: 0.0093, lv0ddvo_structloss_pre: 0.0357, lv0ddvo_photoloss_next: 0.0076, lv0ddvo_structloss_next: 0.0296, loss: 0.1235
2026-01-25 03:30:00,811 - hdvo - INFO - Iter [22950/40000]	lr: 3.914e-05, eta: 0:37:48, time: 0.134, data_time: 0.003, memory: 2228, lv0_smooth: 0.0018, lv0photo_stereo_r2lSM_ref: 0.0069, lv0struct_stereo_r2lSM_ref: 0.0322, lv0ddvo_photoloss_pre: 0.0078, lv0ddvo_structloss_pre: 0.0348, lv0ddvo_photoloss_next: 0.0070, lv0ddvo_structloss_next: 0.0295, loss: 0.1200
2026-01-25 03:30:07,502 - hdvo - INFO - Iter [23000/40000]	lr: 3.895e-05, eta: 0:37:41, time: 0.134, data_time: 0.002, memory: 2228, lv0_smooth: 0.0018, lv0photo_stereo_r2lSM_ref: 0.0072, lv0struct_stereo_r2lSM_ref: 0.0319, lv0ddvo_photoloss_pre: 0.0079, lv0ddvo_structloss_pre: 0.0347, lv0ddvo_photoloss_next: 0.0072, lv0ddvo_structloss_next: 0.0295, loss: 0.1201
2026-01-25 03:30:14,122 - hdvo - INFO - Iter [23050/40000]	lr: 3.876e-05, eta: 0:37:35, time: 0.132, data_time: 0.004, memory: 2228, lv0_smooth: 0.0018, lv0photo_stereo_r2lSM_ref: 0.0071, lv0struct_stereo_r2lSM_ref: 0.0324, lv0ddvo_photoloss_pre: 0.0089, lv0ddvo_structloss_pre: 0.0358, lv0ddvo_photoloss_next: 0.0076, lv0ddvo_structloss_next: 0.0300, loss: 0.1236
2026-01-25 03:30:20,842 - hdvo - INFO - Iter [23100/40000]	lr: 3.857e-05, eta: 0:37:28, time: 0.134, data_time: 0.003, memory: 2228, lv0_smooth: 0.0018, lv0photo_stereo_r2lSM_ref: 0.0071, lv0struct_stereo_r2lSM_ref: 0.0324, lv0ddvo_photoloss_pre: 0.0093, lv0ddvo_structloss_pre: 0.0356, lv0ddvo_photoloss_next: 0.0079, lv0ddvo_structloss_next: 0.0301, loss: 0.1241
2026-01-25 03:30:27,457 - hdvo - INFO - Iter [23150/40000]	lr: 3.838e-05, eta: 0:37:21, time: 0.132, data_time: 0.003, memory: 2228, lv0_smooth: 0.0019, lv0photo_stereo_r2lSM_ref: 0.0068, lv0struct_stereo_r2lSM_ref: 0.0323, lv0ddvo_photoloss_pre: 0.0095, lv0ddvo_structloss_pre: 0.0363, lv0ddvo_photoloss_next: 0.0080, lv0ddvo_structloss_next: 0.0301, loss: 0.1249
2026-01-25 03:30:34,153 - hdvo - INFO - Iter [23200/40000]	lr: 3.819e-05, eta: 0:37:15, time: 0.133, data_time: 0.003, memory: 2228, lv0_smooth: 0.0018, lv0photo_stereo_r2lSM_ref: 0.0070, lv0struct_stereo_r2lSM_ref: 0.0319, lv0ddvo_photoloss_pre: 0.0093, lv0ddvo_structloss_pre: 0.0349, lv0ddvo_photoloss_next: 0.0074, lv0ddvo_structloss_next: 0.0291, loss: 0.1216
2026-01-25 03:30:40,840 - hdvo - INFO - Iter [23250/40000]	lr: 3.801e-05, eta: 0:37:08, time: 0.134, data_time: 0.004, memory: 2228, lv0_smooth: 0.0019, lv0photo_stereo_r2lSM_ref: 0.0071, lv0struct_stereo_r2lSM_ref: 0.0323, lv0ddvo_photoloss_pre: 0.0085, lv0ddvo_structloss_pre: 0.0349, lv0ddvo_photoloss_next: 0.0074, lv0ddvo_structloss_next: 0.0295, loss: 0.1215
2026-01-25 03:30:47,627 - hdvo - INFO - Iter [23300/40000]	lr: 3.782e-05, eta: 0:37:01, time: 0.136, data_time: 0.003, memory: 2228, lv0_smooth: 0.0019, lv0photo_stereo_r2lSM_ref: 0.0071, lv0struct_stereo_r2lSM_ref: 0.0323, lv0ddvo_photoloss_pre: 0.0091, lv0ddvo_structloss_pre: 0.0353, lv0ddvo_photoloss_next: 0.0079, lv0ddvo_structloss_next: 0.0299, loss: 0.1236
2026-01-25 03:30:54,265 - hdvo - INFO - Iter [23350/40000]	lr: 3.763e-05, eta: 0:36:55, time: 0.133, data_time: 0.003, memory: 2228, lv0_smooth: 0.0019, lv0photo_stereo_r2lSM_ref: 0.0068, lv0struct_stereo_r2lSM_ref: 0.0324, lv0ddvo_photoloss_pre: 0.0082, lv0ddvo_structloss_pre: 0.0354, lv0ddvo_photoloss_next: 0.0071, lv0ddvo_structloss_next: 0.0296, loss: 0.1214
2026-01-25 03:31:00,894 - hdvo - INFO - Iter [23400/40000]	lr: 3.744e-05, eta: 0:36:48, time: 0.133, data_time: 0.003, memory: 2228, lv0_smooth: 0.0019, lv0photo_stereo_r2lSM_ref: 0.0067, lv0struct_stereo_r2lSM_ref: 0.0322, lv0ddvo_photoloss_pre: 0.0085, lv0ddvo_structloss_pre: 0.0355, lv0ddvo_photoloss_next: 0.0075, lv0ddvo_structloss_next: 0.0297, loss: 0.1219
2026-01-25 03:31:07,576 - hdvo - INFO - Iter [23450/40000]	lr: 3.725e-05, eta: 0:36:41, time: 0.134, data_time: 0.003, memory: 2228, lv0_smooth: 0.0019, lv0photo_stereo_r2lSM_ref: 0.0072, lv0struct_stereo_r2lSM_ref: 0.0322, lv0ddvo_photoloss_pre: 0.0088, lv0ddvo_structloss_pre: 0.0353, lv0ddvo_photoloss_next: 0.0077, lv0ddvo_structloss_next: 0.0295, loss: 0.1227
2026-01-25 03:31:14,378 - hdvo - INFO - Iter [23500/40000]	lr: 3.707e-05, eta: 0:36:35, time: 0.136, data_time: 0.003, memory: 2228, lv0_smooth: 0.0019, lv0photo_stereo_r2lSM_ref: 0.0071, lv0struct_stereo_r2lSM_ref: 0.0320, lv0ddvo_photoloss_pre: 0.0089, lv0ddvo_structloss_pre: 0.0352, lv0ddvo_photoloss_next: 0.0075, lv0ddvo_structloss_next: 0.0295, loss: 0.1220
2026-01-25 03:31:21,004 - hdvo - INFO - Iter [23550/40000]	lr: 3.688e-05, eta: 0:36:28, time: 0.133, data_time: 0.003, memory: 2228, lv0_smooth: 0.0019, lv0photo_stereo_r2lSM_ref: 0.0070, lv0struct_stereo_r2lSM_ref: 0.0323, lv0ddvo_photoloss_pre: 0.0082, lv0ddvo_structloss_pre: 0.0352, lv0ddvo_photoloss_next: 0.0070, lv0ddvo_structloss_next: 0.0296, loss: 0.1212
2026-01-25 03:31:27,645 - hdvo - INFO - Iter [23600/40000]	lr: 3.669e-05, eta: 0:36:22, time: 0.133, data_time: 0.004, memory: 2228, lv0_smooth: 0.0019, lv0photo_stereo_r2lSM_ref: 0.0067, lv0struct_stereo_r2lSM_ref: 0.0322, lv0ddvo_photoloss_pre: 0.0079, lv0ddvo_structloss_pre: 0.0348, lv0ddvo_photoloss_next: 0.0066, lv0ddvo_structloss_next: 0.0294, loss: 0.1196
2026-01-25 03:31:34,197 - hdvo - INFO - Iter [23650/40000]	lr: 3.651e-05, eta: 0:36:15, time: 0.131, data_time: 0.003, memory: 2228, lv0_smooth: 0.0019, lv0photo_stereo_r2lSM_ref: 0.0070, lv0struct_stereo_r2lSM_ref: 0.0319, lv0ddvo_photoloss_pre: 0.0088, lv0ddvo_structloss_pre: 0.0352, lv0ddvo_photoloss_next: 0.0075, lv0ddvo_structloss_next: 0.0296, loss: 0.1219
2026-01-25 03:31:40,805 - hdvo - INFO - Iter [23700/40000]	lr: 3.632e-05, eta: 0:36:08, time: 0.132, data_time: 0.003, memory: 2228, lv0_smooth: 0.0019, lv0photo_stereo_r2lSM_ref: 0.0070, lv0struct_stereo_r2lSM_ref: 0.0320, lv0ddvo_photoloss_pre: 0.0093, lv0ddvo_structloss_pre: 0.0352, lv0ddvo_photoloss_next: 0.0075, lv0ddvo_structloss_next: 0.0291, loss: 0.1219
2026-01-25 03:31:47,546 - hdvo - INFO - Iter [23750/40000]	lr: 3.613e-05, eta: 0:36:02, time: 0.135, data_time: 0.004, memory: 2228, lv0_smooth: 0.0018, lv0photo_stereo_r2lSM_ref: 0.0067, lv0struct_stereo_r2lSM_ref: 0.0318, lv0ddvo_photoloss_pre: 0.0088, lv0ddvo_structloss_pre: 0.0345, lv0ddvo_photoloss_next: 0.0079, lv0ddvo_structloss_next: 0.0288, loss: 0.1201
2026-01-25 03:31:54,037 - hdvo - INFO - Iter [23800/40000]	lr: 3.595e-05, eta: 0:35:55, time: 0.129, data_time: 0.003, memory: 2228, lv0_smooth: 0.0018, lv0photo_stereo_r2lSM_ref: 0.0071, lv0struct_stereo_r2lSM_ref: 0.0319, lv0ddvo_photoloss_pre: 0.0083, lv0ddvo_structloss_pre: 0.0346, lv0ddvo_photoloss_next: 0.0074, lv0ddvo_structloss_next: 0.0292, loss: 0.1203
2026-01-25 03:32:00,570 - hdvo - INFO - Iter [23850/40000]	lr: 3.576e-05, eta: 0:35:48, time: 0.131, data_time: 0.004, memory: 2228, lv0_smooth: 0.0018, lv0photo_stereo_r2lSM_ref: 0.0068, lv0struct_stereo_r2lSM_ref: 0.0321, lv0ddvo_photoloss_pre: 0.0083, lv0ddvo_structloss_pre: 0.0350, lv0ddvo_photoloss_next: 0.0077, lv0ddvo_structloss_next: 0.0294, loss: 0.1211
2026-01-25 03:32:07,101 - hdvo - INFO - Iter [23900/40000]	lr: 3.558e-05, eta: 0:35:41, time: 0.131, data_time: 0.003, memory: 2228, lv0_smooth: 0.0018, lv0photo_stereo_r2lSM_ref: 0.0072, lv0struct_stereo_r2lSM_ref: 0.0322, lv0ddvo_photoloss_pre: 0.0089, lv0ddvo_structloss_pre: 0.0350, lv0ddvo_photoloss_next: 0.0079, lv0ddvo_structloss_next: 0.0296, loss: 0.1225
2026-01-25 03:32:13,722 - hdvo - INFO - Iter [23950/40000]	lr: 3.539e-05, eta: 0:35:35, time: 0.132, data_time: 0.003, memory: 2228, lv0_smooth: 0.0018, lv0photo_stereo_r2lSM_ref: 0.0067, lv0struct_stereo_r2lSM_ref: 0.0318, lv0ddvo_photoloss_pre: 0.0076, lv0ddvo_structloss_pre: 0.0342, lv0ddvo_photoloss_next: 0.0065, lv0ddvo_structloss_next: 0.0280, loss: 0.1166
2026-01-25 03:32:20,204 - hdvo - INFO - Saving checkpoint at 24000 iterations
2026-01-25 03:32:20,923 - hdvo - INFO - Iter [24000/40000]	lr: 3.521e-05, eta: 0:35:28, time: 0.144, data_time: 0.004, memory: 2228, lv0_smooth: 0.0019, lv0photo_stereo_r2lSM_ref: 0.0065, lv0struct_stereo_r2lSM_ref: 0.0318, lv0ddvo_photoloss_pre: 0.0086, lv0ddvo_structloss_pre: 0.0353, lv0ddvo_photoloss_next: 0.0071, lv0ddvo_structloss_next: 0.0291, loss: 0.1202
2026-01-25 03:32:27,576 - hdvo - INFO - Iter [24050/40000]	lr: 3.502e-05, eta: 0:35:22, time: 0.133, data_time: 0.002, memory: 2228, lv0_smooth: 0.0019, lv0photo_stereo_r2lSM_ref: 0.0069, lv0struct_stereo_r2lSM_ref: 0.0318, lv0ddvo_photoloss_pre: 0.0086, lv0ddvo_structloss_pre: 0.0346, lv0ddvo_photoloss_next: 0.0074, lv0ddvo_structloss_next: 0.0289, loss: 0.1200
2026-01-25 03:32:34,496 - hdvo - INFO - Iter [24100/40000]	lr: 3.484e-05, eta: 0:35:15, time: 0.138, data_time: 0.004, memory: 2228, lv0_smooth: 0.0018, lv0photo_stereo_r2lSM_ref: 0.0065, lv0struct_stereo_r2lSM_ref: 0.0316, lv0ddvo_photoloss_pre: 0.0089, lv0ddvo_structloss_pre: 0.0352, lv0ddvo_photoloss_next: 0.0073, lv0ddvo_structloss_next: 0.0294, loss: 0.1207
2026-01-25 03:32:41,174 - hdvo - INFO - Iter [24150/40000]	lr: 3.465e-05, eta: 0:35:09, time: 0.134, data_time: 0.004, memory: 2228, lv0_smooth: 0.0019, lv0photo_stereo_r2lSM_ref: 0.0068, lv0struct_stereo_r2lSM_ref: 0.0317, lv0ddvo_photoloss_pre: 0.0088, lv0ddvo_structloss_pre: 0.0354, lv0ddvo_photoloss_next: 0.0077, lv0ddvo_structloss_next: 0.0295, loss: 0.1218
2026-01-25 03:32:47,756 - hdvo - INFO - Iter [24200/40000]	lr: 3.447e-05, eta: 0:35:02, time: 0.131, data_time: 0.003, memory: 2228, lv0_smooth: 0.0018, lv0photo_stereo_r2lSM_ref: 0.0068, lv0struct_stereo_r2lSM_ref: 0.0318, lv0ddvo_photoloss_pre: 0.0082, lv0ddvo_structloss_pre: 0.0346, lv0ddvo_photoloss_next: 0.0070, lv0ddvo_structloss_next: 0.0292, loss: 0.1194
2026-01-25 03:32:54,438 - hdvo - INFO - Iter [24250/40000]	lr: 3.429e-05, eta: 0:34:55, time: 0.134, data_time: 0.004, memory: 2228, lv0_smooth: 0.0019, lv0photo_stereo_r2lSM_ref: 0.0070, lv0struct_stereo_r2lSM_ref: 0.0321, lv0ddvo_photoloss_pre: 0.0091, lv0ddvo_structloss_pre: 0.0351, lv0ddvo_photoloss_next: 0.0077, lv0ddvo_structloss_next: 0.0293, loss: 0.1221
2026-01-25 03:33:00,940 - hdvo - INFO - Iter [24300/40000]	lr: 3.410e-05, eta: 0:34:49, time: 0.130, data_time: 0.003, memory: 2228, lv0_smooth: 0.0019, lv0photo_stereo_r2lSM_ref: 0.0071, lv0struct_stereo_r2lSM_ref: 0.0323, lv0ddvo_photoloss_pre: 0.0089, lv0ddvo_structloss_pre: 0.0358, lv0ddvo_photoloss_next: 0.0077, lv0ddvo_structloss_next: 0.0299, loss: 0.1236
2026-01-25 03:33:07,683 - hdvo - INFO - Iter [24350/40000]	lr: 3.392e-05, eta: 0:34:42, time: 0.135, data_time: 0.003, memory: 2228, lv0_smooth: 0.0018, lv0photo_stereo_r2lSM_ref: 0.0069, lv0struct_stereo_r2lSM_ref: 0.0321, lv0ddvo_photoloss_pre: 0.0094, lv0ddvo_structloss_pre: 0.0358, lv0ddvo_photoloss_next: 0.0077, lv0ddvo_structloss_next: 0.0298, loss: 0.1236
2026-01-25 03:33:14,314 - hdvo - INFO - Iter [24400/40000]	lr: 3.374e-05, eta: 0:34:35, time: 0.133, data_time: 0.003, memory: 2228, lv0_smooth: 0.0019, lv0photo_stereo_r2lSM_ref: 0.0070, lv0struct_stereo_r2lSM_ref: 0.0322, lv0ddvo_photoloss_pre: 0.0088, lv0ddvo_structloss_pre: 0.0353, lv0ddvo_photoloss_next: 0.0080, lv0ddvo_structloss_next: 0.0294, loss: 0.1226
2026-01-25 03:33:20,924 - hdvo - INFO - Iter [24450/40000]	lr: 3.355e-05, eta: 0:34:29, time: 0.132, data_time: 0.004, memory: 2228, lv0_smooth: 0.0018, lv0photo_stereo_r2lSM_ref: 0.0066, lv0struct_stereo_r2lSM_ref: 0.0320, lv0ddvo_photoloss_pre: 0.0080, lv0ddvo_structloss_pre: 0.0348, lv0ddvo_photoloss_next: 0.0070, lv0ddvo_structloss_next: 0.0291, loss: 0.1192
2026-01-25 03:33:27,467 - hdvo - INFO - Iter [24500/40000]	lr: 3.337e-05, eta: 0:34:22, time: 0.131, data_time: 0.003, memory: 2228, lv0_smooth: 0.0018, lv0photo_stereo_r2lSM_ref: 0.0069, lv0struct_stereo_r2lSM_ref: 0.0317, lv0ddvo_photoloss_pre: 0.0090, lv0ddvo_structloss_pre: 0.0348, lv0ddvo_photoloss_next: 0.0074, lv0ddvo_structloss_next: 0.0288, loss: 0.1202
2026-01-25 03:33:34,065 - hdvo - INFO - Iter [24550/40000]	lr: 3.319e-05, eta: 0:34:15, time: 0.132, data_time: 0.003, memory: 2228, lv0_smooth: 0.0019, lv0photo_stereo_r2lSM_ref: 0.0072, lv0struct_stereo_r2lSM_ref: 0.0325, lv0ddvo_photoloss_pre: 0.0093, lv0ddvo_structloss_pre: 0.0359, lv0ddvo_photoloss_next: 0.0079, lv0ddvo_structloss_next: 0.0303, loss: 0.1250
2026-01-25 03:33:40,623 - hdvo - INFO - Iter [24600/40000]	lr: 3.301e-05, eta: 0:34:08, time: 0.131, data_time: 0.003, memory: 2228, lv0_smooth: 0.0019, lv0photo_stereo_r2lSM_ref: 0.0073, lv0struct_stereo_r2lSM_ref: 0.0327, lv0ddvo_photoloss_pre: 0.0094, lv0ddvo_structloss_pre: 0.0357, lv0ddvo_photoloss_next: 0.0080, lv0ddvo_structloss_next: 0.0300, loss: 0.1251
2026-01-25 03:33:47,145 - hdvo - INFO - Iter [24650/40000]	lr: 3.282e-05, eta: 0:34:02, time: 0.130, data_time: 0.003, memory: 2228, lv0_smooth: 0.0019, lv0photo_stereo_r2lSM_ref: 0.0072, lv0struct_stereo_r2lSM_ref: 0.0320, lv0ddvo_photoloss_pre: 0.0092, lv0ddvo_structloss_pre: 0.0346, lv0ddvo_photoloss_next: 0.0083, lv0ddvo_structloss_next: 0.0297, loss: 0.1230
2026-01-25 03:33:53,666 - hdvo - INFO - Iter [24700/40000]	lr: 3.264e-05, eta: 0:33:55, time: 0.130, data_time: 0.003, memory: 2228, lv0_smooth: 0.0019, lv0photo_stereo_r2lSM_ref: 0.0072, lv0struct_stereo_r2lSM_ref: 0.0326, lv0ddvo_photoloss_pre: 0.0104, lv0ddvo_structloss_pre: 0.0360, lv0ddvo_photoloss_next: 0.0090, lv0ddvo_structloss_next: 0.0303, loss: 0.1273
2026-01-25 03:34:00,182 - hdvo - INFO - Iter [24750/40000]	lr: 3.246e-05, eta: 0:33:48, time: 0.131, data_time: 0.004, memory: 2228, lv0_smooth: 0.0019, lv0photo_stereo_r2lSM_ref: 0.0071, lv0struct_stereo_r2lSM_ref: 0.0324, lv0ddvo_photoloss_pre: 0.0084, lv0ddvo_structloss_pre: 0.0351, lv0ddvo_photoloss_next: 0.0070, lv0ddvo_structloss_next: 0.0297, loss: 0.1215
2026-01-25 03:34:06,671 - hdvo - INFO - Iter [24800/40000]	lr: 3.228e-05, eta: 0:33:42, time: 0.130, data_time: 0.003, memory: 2228, lv0_smooth: 0.0018, lv0photo_stereo_r2lSM_ref: 0.0069, lv0struct_stereo_r2lSM_ref: 0.0320, lv0ddvo_photoloss_pre: 0.0085, lv0ddvo_structloss_pre: 0.0354, lv0ddvo_photoloss_next: 0.0071, lv0ddvo_structloss_next: 0.0295, loss: 0.1213
2026-01-25 03:34:13,248 - hdvo - INFO - Iter [24850/40000]	lr: 3.210e-05, eta: 0:33:35, time: 0.132, data_time: 0.003, memory: 2228, lv0_smooth: 0.0019, lv0photo_stereo_r2lSM_ref: 0.0070, lv0struct_stereo_r2lSM_ref: 0.0321, lv0ddvo_photoloss_pre: 0.0085, lv0ddvo_structloss_pre: 0.0352, lv0ddvo_photoloss_next: 0.0070, lv0ddvo_structloss_next: 0.0294, loss: 0.1210
2026-01-25 03:34:19,728 - hdvo - INFO - Iter [24900/40000]	lr: 3.192e-05, eta: 0:33:28, time: 0.129, data_time: 0.003, memory: 2228, lv0_smooth: 0.0019, lv0photo_stereo_r2lSM_ref: 0.0074, lv0struct_stereo_r2lSM_ref: 0.0323, lv0ddvo_photoloss_pre: 0.0094, lv0ddvo_structloss_pre: 0.0355, lv0ddvo_photoloss_next: 0.0081, lv0ddvo_structloss_next: 0.0296, loss: 0.1242
2026-01-25 03:34:26,321 - hdvo - INFO - Iter [24950/40000]	lr: 3.174e-05, eta: 0:33:21, time: 0.132, data_time: 0.004, memory: 2228, lv0_smooth: 0.0019, lv0photo_stereo_r2lSM_ref: 0.0069, lv0struct_stereo_r2lSM_ref: 0.0323, lv0ddvo_photoloss_pre: 0.0083, lv0ddvo_structloss_pre: 0.0350, lv0ddvo_photoloss_next: 0.0073, lv0ddvo_structloss_next: 0.0295, loss: 0.1213
2026-01-25 03:34:32,890 - hdvo - INFO - Iter [25000/40000]	lr: 3.156e-05, eta: 0:33:15, time: 0.131, data_time: 0.003, memory: 2228, lv0_smooth: 0.0019, lv0photo_stereo_r2lSM_ref: 0.0068, lv0struct_stereo_r2lSM_ref: 0.0323, lv0ddvo_photoloss_pre: 0.0087, lv0ddvo_structloss_pre: 0.0354, lv0ddvo_photoloss_next: 0.0080, lv0ddvo_structloss_next: 0.0304, loss: 0.1236
2026-01-25 03:34:39,442 - hdvo - INFO - Iter [25050/40000]	lr: 3.138e-05, eta: 0:33:08, time: 0.131, data_time: 0.003, memory: 2228, lv0_smooth: 0.0019, lv0photo_stereo_r2lSM_ref: 0.0065, lv0struct_stereo_r2lSM_ref: 0.0318, lv0ddvo_photoloss_pre: 0.0083, lv0ddvo_structloss_pre: 0.0342, lv0ddvo_photoloss_next: 0.0077, lv0ddvo_structloss_next: 0.0291, loss: 0.1195
2026-01-25 03:34:46,071 - hdvo - INFO - Iter [25100/40000]	lr: 3.120e-05, eta: 0:33:01, time: 0.133, data_time: 0.003, memory: 2228, lv0_smooth: 0.0019, lv0photo_stereo_r2lSM_ref: 0.0070, lv0struct_stereo_r2lSM_ref: 0.0325, lv0ddvo_photoloss_pre: 0.0088, lv0ddvo_structloss_pre: 0.0354, lv0ddvo_photoloss_next: 0.0075, lv0ddvo_structloss_next: 0.0296, loss: 0.1226
2026-01-25 03:34:52,621 - hdvo - INFO - Iter [25150/40000]	lr: 3.102e-05, eta: 0:32:55, time: 0.131, data_time: 0.003, memory: 2228, lv0_smooth: 0.0019, lv0photo_stereo_r2lSM_ref: 0.0072, lv0struct_stereo_r2lSM_ref: 0.0323, lv0ddvo_photoloss_pre: 0.0083, lv0ddvo_structloss_pre: 0.0348, lv0ddvo_photoloss_next: 0.0071, lv0ddvo_structloss_next: 0.0295, loss: 0.1210
2026-01-25 03:34:59,154 - hdvo - INFO - Iter [25200/40000]	lr: 3.084e-05, eta: 0:32:48, time: 0.130, data_time: 0.004, memory: 2228, lv0_smooth: 0.0019, lv0photo_stereo_r2lSM_ref: 0.0069, lv0struct_stereo_r2lSM_ref: 0.0321, lv0ddvo_photoloss_pre: 0.0096, lv0ddvo_structloss_pre: 0.0361, lv0ddvo_photoloss_next: 0.0083, lv0ddvo_structloss_next: 0.0304, loss: 0.1253
2026-01-25 03:35:05,698 - hdvo - INFO - Iter [25250/40000]	lr: 3.067e-05, eta: 0:32:41, time: 0.131, data_time: 0.004, memory: 2228, lv0_smooth: 0.0019, lv0photo_stereo_r2lSM_ref: 0.0070, lv0struct_stereo_r2lSM_ref: 0.0321, lv0ddvo_photoloss_pre: 0.0087, lv0ddvo_structloss_pre: 0.0351, lv0ddvo_photoloss_next: 0.0075, lv0ddvo_structloss_next: 0.0297, loss: 0.1221
2026-01-25 03:35:12,266 - hdvo - INFO - Iter [25300/40000]	lr: 3.049e-05, eta: 0:32:34, time: 0.131, data_time: 0.003, memory: 2228, lv0_smooth: 0.0019, lv0photo_stereo_r2lSM_ref: 0.0073, lv0struct_stereo_r2lSM_ref: 0.0323, lv0ddvo_photoloss_pre: 0.0088, lv0ddvo_structloss_pre: 0.0355, lv0ddvo_photoloss_next: 0.0074, lv0ddvo_structloss_next: 0.0296, loss: 0.1228
2026-01-25 03:35:18,790 - hdvo - INFO - Iter [25350/40000]	lr: 3.031e-05, eta: 0:32:28, time: 0.130, data_time: 0.003, memory: 2228, lv0_smooth: 0.0019, lv0photo_stereo_r2lSM_ref: 0.0067, lv0struct_stereo_r2lSM_ref: 0.0320, lv0ddvo_photoloss_pre: 0.0089, lv0ddvo_structloss_pre: 0.0350, lv0ddvo_photoloss_next: 0.0077, lv0ddvo_structloss_next: 0.0296, loss: 0.1218
2026-01-25 03:35:25,311 - hdvo - INFO - Iter [25400/40000]	lr: 3.013e-05, eta: 0:32:21, time: 0.130, data_time: 0.003, memory: 2228, lv0_smooth: 0.0018, lv0photo_stereo_r2lSM_ref: 0.0068, lv0struct_stereo_r2lSM_ref: 0.0318, lv0ddvo_photoloss_pre: 0.0080, lv0ddvo_structloss_pre: 0.0343, lv0ddvo_photoloss_next: 0.0075, lv0ddvo_structloss_next: 0.0294, loss: 0.1196
2026-01-25 03:35:31,880 - hdvo - INFO - Iter [25450/40000]	lr: 2.996e-05, eta: 0:32:14, time: 0.131, data_time: 0.003, memory: 2228, lv0_smooth: 0.0019, lv0photo_stereo_r2lSM_ref: 0.0065, lv0struct_stereo_r2lSM_ref: 0.0314, lv0ddvo_photoloss_pre: 0.0082, lv0ddvo_structloss_pre: 0.0347, lv0ddvo_photoloss_next: 0.0069, lv0ddvo_structloss_next: 0.0293, loss: 0.1188
2026-01-25 03:35:40,869 - hdvo - INFO - Iter [25500/40000]	lr: 2.978e-05, eta: 0:32:09, time: 0.180, data_time: 0.057, memory: 2228, lv0_smooth: 0.0018, lv0photo_stereo_r2lSM_ref: 0.0064, lv0struct_stereo_r2lSM_ref: 0.0313, lv0ddvo_photoloss_pre: 0.0073, lv0ddvo_structloss_pre: 0.0336, lv0ddvo_photoloss_next: 0.0064, lv0ddvo_structloss_next: 0.0280, loss: 0.1149
2026-01-25 03:35:47,506 - hdvo - INFO - Iter [25550/40000]	lr: 2.960e-05, eta: 0:32:02, time: 0.133, data_time: 0.003, memory: 2228, lv0_smooth: 0.0018, lv0photo_stereo_r2lSM_ref: 0.0070, lv0struct_stereo_r2lSM_ref: 0.0319, lv0ddvo_photoloss_pre: 0.0081, lv0ddvo_structloss_pre: 0.0347, lv0ddvo_photoloss_next: 0.0071, lv0ddvo_structloss_next: 0.0292, loss: 0.1198
2026-01-25 03:35:54,082 - hdvo - INFO - Iter [25600/40000]	lr: 2.943e-05, eta: 0:31:56, time: 0.132, data_time: 0.003, memory: 2228, lv0_smooth: 0.0018, lv0photo_stereo_r2lSM_ref: 0.0070, lv0struct_stereo_r2lSM_ref: 0.0321, lv0ddvo_photoloss_pre: 0.0081, lv0ddvo_structloss_pre: 0.0348, lv0ddvo_photoloss_next: 0.0073, lv0ddvo_structloss_next: 0.0293, loss: 0.1204
2026-01-25 03:36:00,649 - hdvo - INFO - Iter [25650/40000]	lr: 2.925e-05, eta: 0:31:49, time: 0.131, data_time: 0.003, memory: 2228, lv0_smooth: 0.0018, lv0photo_stereo_r2lSM_ref: 0.0065, lv0struct_stereo_r2lSM_ref: 0.0314, lv0ddvo_photoloss_pre: 0.0080, lv0ddvo_structloss_pre: 0.0347, lv0ddvo_photoloss_next: 0.0070, lv0ddvo_structloss_next: 0.0290, loss: 0.1184
2026-01-25 03:36:07,338 - hdvo - INFO - Iter [25700/40000]	lr: 2.908e-05, eta: 0:31:42, time: 0.134, data_time: 0.003, memory: 2228, lv0_smooth: 0.0019, lv0photo_stereo_r2lSM_ref: 0.0067, lv0struct_stereo_r2lSM_ref: 0.0318, lv0ddvo_photoloss_pre: 0.0081, lv0ddvo_structloss_pre: 0.0351, lv0ddvo_photoloss_next: 0.0069, lv0ddvo_structloss_next: 0.0292, loss: 0.1197
2026-01-25 03:36:14,131 - hdvo - INFO - Iter [25750/40000]	lr: 2.890e-05, eta: 0:31:36, time: 0.136, data_time: 0.004, memory: 2228, lv0_smooth: 0.0019, lv0photo_stereo_r2lSM_ref: 0.0072, lv0struct_stereo_r2lSM_ref: 0.0320, lv0ddvo_photoloss_pre: 0.0087, lv0ddvo_structloss_pre: 0.0349, lv0ddvo_photoloss_next: 0.0075, lv0ddvo_structloss_next: 0.0295, loss: 0.1216
2026-01-25 03:36:20,759 - hdvo - INFO - Iter [25800/40000]	lr: 2.873e-05, eta: 0:31:29, time: 0.133, data_time: 0.003, memory: 2228, lv0_smooth: 0.0018, lv0photo_stereo_r2lSM_ref: 0.0068, lv0struct_stereo_r2lSM_ref: 0.0319, lv0ddvo_photoloss_pre: 0.0086, lv0ddvo_structloss_pre: 0.0346, lv0ddvo_photoloss_next: 0.0075, lv0ddvo_structloss_next: 0.0292, loss: 0.1205
2026-01-25 03:36:27,408 - hdvo - INFO - Iter [25850/40000]	lr: 2.855e-05, eta: 0:31:22, time: 0.133, data_time: 0.002, memory: 2228, lv0_smooth: 0.0018, lv0photo_stereo_r2lSM_ref: 0.0072, lv0struct_stereo_r2lSM_ref: 0.0321, lv0ddvo_photoloss_pre: 0.0092, lv0ddvo_structloss_pre: 0.0354, lv0ddvo_photoloss_next: 0.0079, lv0ddvo_structloss_next: 0.0299, loss: 0.1236
2026-01-25 03:36:33,997 - hdvo - INFO - Iter [25900/40000]	lr: 2.838e-05, eta: 0:31:16, time: 0.132, data_time: 0.002, memory: 2228, lv0_smooth: 0.0018, lv0photo_stereo_r2lSM_ref: 0.0068, lv0struct_stereo_r2lSM_ref: 0.0317, lv0ddvo_photoloss_pre: 0.0084, lv0ddvo_structloss_pre: 0.0346, lv0ddvo_photoloss_next: 0.0073, lv0ddvo_structloss_next: 0.0283, loss: 0.1190
2026-01-25 03:36:40,578 - hdvo - INFO - Iter [25950/40000]	lr: 2.820e-05, eta: 0:31:09, time: 0.132, data_time: 0.003, memory: 2228, lv0_smooth: 0.0018, lv0photo_stereo_r2lSM_ref: 0.0070, lv0struct_stereo_r2lSM_ref: 0.0318, lv0ddvo_photoloss_pre: 0.0090, lv0ddvo_structloss_pre: 0.0350, lv0ddvo_photoloss_next: 0.0073, lv0ddvo_structloss_next: 0.0289, loss: 0.1208
2026-01-25 03:36:47,109 - hdvo - INFO - Iter [26000/40000]	lr: 2.803e-05, eta: 0:31:02, time: 0.131, data_time: 0.003, memory: 2228, lv0_smooth: 0.0018, lv0photo_stereo_r2lSM_ref: 0.0070, lv0struct_stereo_r2lSM_ref: 0.0324, lv0ddvo_photoloss_pre: 0.0090, lv0ddvo_structloss_pre: 0.0354, lv0ddvo_photoloss_next: 0.0076, lv0ddvo_structloss_next: 0.0293, loss: 0.1224
2026-01-25 03:36:53,638 - hdvo - INFO - Iter [26050/40000]	lr: 2.786e-05, eta: 0:30:56, time: 0.130, data_time: 0.003, memory: 2228, lv0_smooth: 0.0018, lv0photo_stereo_r2lSM_ref: 0.0070, lv0struct_stereo_r2lSM_ref: 0.0320, lv0ddvo_photoloss_pre: 0.0079, lv0ddvo_structloss_pre: 0.0341, lv0ddvo_photoloss_next: 0.0071, lv0ddvo_structloss_next: 0.0289, loss: 0.1187
2026-01-25 03:37:00,351 - hdvo - INFO - Iter [26100/40000]	lr: 2.769e-05, eta: 0:30:49, time: 0.134, data_time: 0.004, memory: 2228, lv0_smooth: 0.0018, lv0photo_stereo_r2lSM_ref: 0.0073, lv0struct_stereo_r2lSM_ref: 0.0322, lv0ddvo_photoloss_pre: 0.0088, lv0ddvo_structloss_pre: 0.0346, lv0ddvo_photoloss_next: 0.0074, lv0ddvo_structloss_next: 0.0287, loss: 0.1210
2026-01-25 03:37:06,959 - hdvo - INFO - Iter [26150/40000]	lr: 2.751e-05, eta: 0:30:42, time: 0.132, data_time: 0.003, memory: 2228, lv0_smooth: 0.0018, lv0photo_stereo_r2lSM_ref: 0.0067, lv0struct_stereo_r2lSM_ref: 0.0318, lv0ddvo_photoloss_pre: 0.0088, lv0ddvo_structloss_pre: 0.0351, lv0ddvo_photoloss_next: 0.0068, lv0ddvo_structloss_next: 0.0291, loss: 0.1201
2026-01-25 03:37:13,616 - hdvo - INFO - Iter [26200/40000]	lr: 2.734e-05, eta: 0:30:36, time: 0.133, data_time: 0.002, memory: 2228, lv0_smooth: 0.0018, lv0photo_stereo_r2lSM_ref: 0.0071, lv0struct_stereo_r2lSM_ref: 0.0322, lv0ddvo_photoloss_pre: 0.0083, lv0ddvo_structloss_pre: 0.0351, lv0ddvo_photoloss_next: 0.0073, lv0ddvo_structloss_next: 0.0291, loss: 0.1208
2026-01-25 03:37:20,205 - hdvo - INFO - Iter [26250/40000]	lr: 2.717e-05, eta: 0:30:29, time: 0.132, data_time: 0.003, memory: 2228, lv0_smooth: 0.0018, lv0photo_stereo_r2lSM_ref: 0.0067, lv0struct_stereo_r2lSM_ref: 0.0321, lv0ddvo_photoloss_pre: 0.0090, lv0ddvo_structloss_pre: 0.0357, lv0ddvo_photoloss_next: 0.0078, lv0ddvo_structloss_next: 0.0298, loss: 0.1229
2026-01-25 03:37:26,761 - hdvo - INFO - Iter [26300/40000]	lr: 2.700e-05, eta: 0:30:22, time: 0.130, data_time: 0.004, memory: 2228, lv0_smooth: 0.0019, lv0photo_stereo_r2lSM_ref: 0.0068, lv0struct_stereo_r2lSM_ref: 0.0318, lv0ddvo_photoloss_pre: 0.0084, lv0ddvo_structloss_pre: 0.0344, lv0ddvo_photoloss_next: 0.0069, lv0ddvo_structloss_next: 0.0286, loss: 0.1188
2026-01-25 03:37:33,344 - hdvo - INFO - Iter [26350/40000]	lr: 2.683e-05, eta: 0:30:16, time: 0.132, data_time: 0.004, memory: 2228, lv0_smooth: 0.0018, lv0photo_stereo_r2lSM_ref: 0.0069, lv0struct_stereo_r2lSM_ref: 0.0320, lv0ddvo_photoloss_pre: 0.0093, lv0ddvo_structloss_pre: 0.0355, lv0ddvo_photoloss_next: 0.0080, lv0ddvo_structloss_next: 0.0296, loss: 0.1231
2026-01-25 03:37:39,917 - hdvo - INFO - Iter [26400/40000]	lr: 2.666e-05, eta: 0:30:09, time: 0.131, data_time: 0.004, memory: 2228, lv0_smooth: 0.0018, lv0photo_stereo_r2lSM_ref: 0.0067, lv0struct_stereo_r2lSM_ref: 0.0320, lv0ddvo_photoloss_pre: 0.0085, lv0ddvo_structloss_pre: 0.0350, lv0ddvo_photoloss_next: 0.0073, lv0ddvo_structloss_next: 0.0295, loss: 0.1207
2026-01-25 03:37:46,568 - hdvo - INFO - Iter [26450/40000]	lr: 2.649e-05, eta: 0:30:02, time: 0.133, data_time: 0.003, memory: 2228, lv0_smooth: 0.0019, lv0photo_stereo_r2lSM_ref: 0.0067, lv0struct_stereo_r2lSM_ref: 0.0320, lv0ddvo_photoloss_pre: 0.0079, lv0ddvo_structloss_pre: 0.0345, lv0ddvo_photoloss_next: 0.0066, lv0ddvo_structloss_next: 0.0290, loss: 0.1186
2026-01-25 03:37:53,234 - hdvo - INFO - Iter [26500/40000]	lr: 2.632e-05, eta: 0:29:56, time: 0.133, data_time: 0.002, memory: 2228, lv0_smooth: 0.0019, lv0photo_stereo_r2lSM_ref: 0.0072, lv0struct_stereo_r2lSM_ref: 0.0323, lv0ddvo_photoloss_pre: 0.0089, lv0ddvo_structloss_pre: 0.0354, lv0ddvo_photoloss_next: 0.0079, lv0ddvo_structloss_next: 0.0299, loss: 0.1234
2026-01-25 03:37:59,744 - hdvo - INFO - Iter [26550/40000]	lr: 2.615e-05, eta: 0:29:49, time: 0.130, data_time: 0.002, memory: 2228, lv0_smooth: 0.0019, lv0photo_stereo_r2lSM_ref: 0.0069, lv0struct_stereo_r2lSM_ref: 0.0321, lv0ddvo_photoloss_pre: 0.0083, lv0ddvo_structloss_pre: 0.0347, lv0ddvo_photoloss_next: 0.0072, lv0ddvo_structloss_next: 0.0289, loss: 0.1199
2026-01-25 03:38:06,331 - hdvo - INFO - Iter [26600/40000]	lr: 2.598e-05, eta: 0:29:42, time: 0.132, data_time: 0.003, memory: 2228, lv0_smooth: 0.0018, lv0photo_stereo_r2lSM_ref: 0.0072, lv0struct_stereo_r2lSM_ref: 0.0321, lv0ddvo_photoloss_pre: 0.0092, lv0ddvo_structloss_pre: 0.0351, lv0ddvo_photoloss_next: 0.0084, lv0ddvo_structloss_next: 0.0298, loss: 0.1236
2026-01-25 03:38:13,062 - hdvo - INFO - Iter [26650/40000]	lr: 2.581e-05, eta: 0:29:36, time: 0.134, data_time: 0.005, memory: 2228, lv0_smooth: 0.0019, lv0photo_stereo_r2lSM_ref: 0.0070, lv0struct_stereo_r2lSM_ref: 0.0323, lv0ddvo_photoloss_pre: 0.0088, lv0ddvo_structloss_pre: 0.0353, lv0ddvo_photoloss_next: 0.0078, lv0ddvo_structloss_next: 0.0299, loss: 0.1230
2026-01-25 03:38:19,563 - hdvo - INFO - Iter [26700/40000]	lr: 2.564e-05, eta: 0:29:29, time: 0.130, data_time: 0.003, memory: 2228, lv0_smooth: 0.0019, lv0photo_stereo_r2lSM_ref: 0.0070, lv0struct_stereo_r2lSM_ref: 0.0322, lv0ddvo_photoloss_pre: 0.0080, lv0ddvo_structloss_pre: 0.0345, lv0ddvo_photoloss_next: 0.0069, lv0ddvo_structloss_next: 0.0293, loss: 0.1198
2026-01-25 03:38:26,068 - hdvo - INFO - Iter [26750/40000]	lr: 2.547e-05, eta: 0:29:22, time: 0.130, data_time: 0.004, memory: 2228, lv0_smooth: 0.0019, lv0photo_stereo_r2lSM_ref: 0.0068, lv0struct_stereo_r2lSM_ref: 0.0320, lv0ddvo_photoloss_pre: 0.0082, lv0ddvo_structloss_pre: 0.0349, lv0ddvo_photoloss_next: 0.0072, lv0ddvo_structloss_next: 0.0293, loss: 0.1203
2026-01-25 03:38:32,680 - hdvo - INFO - Iter [26800/40000]	lr: 2.531e-05, eta: 0:29:15, time: 0.132, data_time: 0.003, memory: 2228, lv0_smooth: 0.0018, lv0photo_stereo_r2lSM_ref: 0.0069, lv0struct_stereo_r2lSM_ref: 0.0320, lv0ddvo_photoloss_pre: 0.0090, lv0ddvo_structloss_pre: 0.0353, lv0ddvo_photoloss_next: 0.0078, lv0ddvo_structloss_next: 0.0298, loss: 0.1226
2026-01-25 03:38:39,384 - hdvo - INFO - Iter [26850/40000]	lr: 2.514e-05, eta: 0:29:09, time: 0.134, data_time: 0.004, memory: 2228, lv0_smooth: 0.0018, lv0photo_stereo_r2lSM_ref: 0.0075, lv0struct_stereo_r2lSM_ref: 0.0326, lv0ddvo_photoloss_pre: 0.0095, lv0ddvo_structloss_pre: 0.0355, lv0ddvo_photoloss_next: 0.0081, lv0ddvo_structloss_next: 0.0300, loss: 0.1251
2026-01-25 03:38:46,022 - hdvo - INFO - Iter [26900/40000]	lr: 2.497e-05, eta: 0:29:02, time: 0.133, data_time: 0.004, memory: 2228, lv0_smooth: 0.0019, lv0photo_stereo_r2lSM_ref: 0.0076, lv0struct_stereo_r2lSM_ref: 0.0326, lv0ddvo_photoloss_pre: 0.0090, lv0ddvo_structloss_pre: 0.0349, lv0ddvo_photoloss_next: 0.0077, lv0ddvo_structloss_next: 0.0295, loss: 0.1231
2026-01-25 03:38:52,609 - hdvo - INFO - Iter [26950/40000]	lr: 2.481e-05, eta: 0:28:55, time: 0.132, data_time: 0.003, memory: 2228, lv0_smooth: 0.0018, lv0photo_stereo_r2lSM_ref: 0.0070, lv0struct_stereo_r2lSM_ref: 0.0320, lv0ddvo_photoloss_pre: 0.0083, lv0ddvo_structloss_pre: 0.0347, lv0ddvo_photoloss_next: 0.0072, lv0ddvo_structloss_next: 0.0290, loss: 0.1200
2026-01-25 03:38:59,220 - hdvo - INFO - Iter [27000/40000]	lr: 2.464e-05, eta: 0:28:49, time: 0.132, data_time: 0.004, memory: 2228, lv0_smooth: 0.0018, lv0photo_stereo_r2lSM_ref: 0.0068, lv0struct_stereo_r2lSM_ref: 0.0317, lv0ddvo_photoloss_pre: 0.0084, lv0ddvo_structloss_pre: 0.0347, lv0ddvo_photoloss_next: 0.0070, lv0ddvo_structloss_next: 0.0289, loss: 0.1192
2026-01-25 03:39:05,846 - hdvo - INFO - Iter [27050/40000]	lr: 2.447e-05, eta: 0:28:42, time: 0.133, data_time: 0.002, memory: 2228, lv0_smooth: 0.0018, lv0photo_stereo_r2lSM_ref: 0.0066, lv0struct_stereo_r2lSM_ref: 0.0318, lv0ddvo_photoloss_pre: 0.0076, lv0ddvo_structloss_pre: 0.0342, lv0ddvo_photoloss_next: 0.0069, lv0ddvo_structloss_next: 0.0288, loss: 0.1178
2026-01-25 03:39:12,509 - hdvo - INFO - Iter [27100/40000]	lr: 2.431e-05, eta: 0:28:36, time: 0.133, data_time: 0.002, memory: 2228, lv0_smooth: 0.0019, lv0photo_stereo_r2lSM_ref: 0.0073, lv0struct_stereo_r2lSM_ref: 0.0325, lv0ddvo_photoloss_pre: 0.0090, lv0ddvo_structloss_pre: 0.0355, lv0ddvo_photoloss_next: 0.0081, lv0ddvo_structloss_next: 0.0301, loss: 0.1244
2026-01-25 03:39:19,288 - hdvo - INFO - Iter [27150/40000]	lr: 2.414e-05, eta: 0:28:29, time: 0.136, data_time: 0.003, memory: 2228, lv0_smooth: 0.0019, lv0photo_stereo_r2lSM_ref: 0.0075, lv0struct_stereo_r2lSM_ref: 0.0324, lv0ddvo_photoloss_pre: 0.0094, lv0ddvo_structloss_pre: 0.0356, lv0ddvo_photoloss_next: 0.0078, lv0ddvo_structloss_next: 0.0295, loss: 0.1240
2026-01-25 03:39:25,945 - hdvo - INFO - Iter [27200/40000]	lr: 2.398e-05, eta: 0:28:22, time: 0.133, data_time: 0.003, memory: 2228, lv0_smooth: 0.0018, lv0photo_stereo_r2lSM_ref: 0.0067, lv0struct_stereo_r2lSM_ref: 0.0321, lv0ddvo_photoloss_pre: 0.0084, lv0ddvo_structloss_pre: 0.0353, lv0ddvo_photoloss_next: 0.0071, lv0ddvo_structloss_next: 0.0295, loss: 0.1210
2026-01-25 03:39:32,669 - hdvo - INFO - Iter [27250/40000]	lr: 2.382e-05, eta: 0:28:16, time: 0.134, data_time: 0.003, memory: 2228, lv0_smooth: 0.0018, lv0photo_stereo_r2lSM_ref: 0.0070, lv0struct_stereo_r2lSM_ref: 0.0324, lv0ddvo_photoloss_pre: 0.0084, lv0ddvo_structloss_pre: 0.0352, lv0ddvo_photoloss_next: 0.0072, lv0ddvo_structloss_next: 0.0296, loss: 0.1216
2026-01-25 03:39:39,353 - hdvo - INFO - Iter [27300/40000]	lr: 2.365e-05, eta: 0:28:09, time: 0.134, data_time: 0.003, memory: 2228, lv0_smooth: 0.0018, lv0photo_stereo_r2lSM_ref: 0.0068, lv0struct_stereo_r2lSM_ref: 0.0317, lv0ddvo_photoloss_pre: 0.0081, lv0ddvo_structloss_pre: 0.0346, lv0ddvo_photoloss_next: 0.0070, lv0ddvo_structloss_next: 0.0289, loss: 0.1190
2026-01-25 03:39:45,980 - hdvo - INFO - Iter [27350/40000]	lr: 2.349e-05, eta: 0:28:02, time: 0.132, data_time: 0.004, memory: 2228, lv0_smooth: 0.0019, lv0photo_stereo_r2lSM_ref: 0.0075, lv0struct_stereo_r2lSM_ref: 0.0322, lv0ddvo_photoloss_pre: 0.0098, lv0ddvo_structloss_pre: 0.0352, lv0ddvo_photoloss_next: 0.0087, lv0ddvo_structloss_next: 0.0302, loss: 0.1254
2026-01-25 03:39:52,588 - hdvo - INFO - Iter [27400/40000]	lr: 2.333e-05, eta: 0:27:56, time: 0.132, data_time: 0.003, memory: 2228, lv0_smooth: 0.0019, lv0photo_stereo_r2lSM_ref: 0.0070, lv0struct_stereo_r2lSM_ref: 0.0320, lv0ddvo_photoloss_pre: 0.0092, lv0ddvo_structloss_pre: 0.0354, lv0ddvo_photoloss_next: 0.0074, lv0ddvo_structloss_next: 0.0296, loss: 0.1225
2026-01-25 03:39:59,200 - hdvo - INFO - Iter [27450/40000]	lr: 2.316e-05, eta: 0:27:49, time: 0.132, data_time: 0.003, memory: 2228, lv0_smooth: 0.0018, lv0photo_stereo_r2lSM_ref: 0.0071, lv0struct_stereo_r2lSM_ref: 0.0319, lv0ddvo_photoloss_pre: 0.0083, lv0ddvo_structloss_pre: 0.0343, lv0ddvo_photoloss_next: 0.0070, lv0ddvo_structloss_next: 0.0289, loss: 0.1194
2026-01-25 03:40:05,829 - hdvo - INFO - Iter [27500/40000]	lr: 2.300e-05, eta: 0:27:42, time: 0.133, data_time: 0.003, memory: 2228, lv0_smooth: 0.0019, lv0photo_stereo_r2lSM_ref: 0.0072, lv0struct_stereo_r2lSM_ref: 0.0324, lv0ddvo_photoloss_pre: 0.0094, lv0ddvo_structloss_pre: 0.0356, lv0ddvo_photoloss_next: 0.0076, lv0ddvo_structloss_next: 0.0294, loss: 0.1234
2026-01-25 03:40:12,417 - hdvo - INFO - Iter [27550/40000]	lr: 2.284e-05, eta: 0:27:36, time: 0.132, data_time: 0.003, memory: 2228, lv0_smooth: 0.0019, lv0photo_stereo_r2lSM_ref: 0.0075, lv0struct_stereo_r2lSM_ref: 0.0329, lv0ddvo_photoloss_pre: 0.0098, lv0ddvo_structloss_pre: 0.0363, lv0ddvo_photoloss_next: 0.0090, lv0ddvo_structloss_next: 0.0304, loss: 0.1276
2026-01-25 03:40:19,033 - hdvo - INFO - Iter [27600/40000]	lr: 2.268e-05, eta: 0:27:29, time: 0.132, data_time: 0.003, memory: 2228, lv0_smooth: 0.0019, lv0photo_stereo_r2lSM_ref: 0.0073, lv0struct_stereo_r2lSM_ref: 0.0324, lv0ddvo_photoloss_pre: 0.0097, lv0ddvo_structloss_pre: 0.0357, lv0ddvo_photoloss_next: 0.0083, lv0ddvo_structloss_next: 0.0301, loss: 0.1255
2026-01-25 03:40:25,735 - hdvo - INFO - Iter [27650/40000]	lr: 2.252e-05, eta: 0:27:22, time: 0.134, data_time: 0.004, memory: 2228, lv0_smooth: 0.0019, lv0photo_stereo_r2lSM_ref: 0.0072, lv0struct_stereo_r2lSM_ref: 0.0322, lv0ddvo_photoloss_pre: 0.0093, lv0ddvo_structloss_pre: 0.0357, lv0ddvo_photoloss_next: 0.0083, lv0ddvo_structloss_next: 0.0299, loss: 0.1244
2026-01-25 03:40:32,454 - hdvo - INFO - Iter [27700/40000]	lr: 2.236e-05, eta: 0:27:16, time: 0.135, data_time: 0.003, memory: 2228, lv0_smooth: 0.0018, lv0photo_stereo_r2lSM_ref: 0.0067, lv0struct_stereo_r2lSM_ref: 0.0319, lv0ddvo_photoloss_pre: 0.0091, lv0ddvo_structloss_pre: 0.0354, lv0ddvo_photoloss_next: 0.0067, lv0ddvo_structloss_next: 0.0286, loss: 0.1202
2026-01-25 03:40:39,021 - hdvo - INFO - Iter [27750/40000]	lr: 2.220e-05, eta: 0:27:09, time: 0.131, data_time: 0.004, memory: 2228, lv0_smooth: 0.0019, lv0photo_stereo_r2lSM_ref: 0.0071, lv0struct_stereo_r2lSM_ref: 0.0321, lv0ddvo_photoloss_pre: 0.0079, lv0ddvo_structloss_pre: 0.0344, lv0ddvo_photoloss_next: 0.0070, lv0ddvo_structloss_next: 0.0292, loss: 0.1196
2026-01-25 03:40:45,634 - hdvo - INFO - Iter [27800/40000]	lr: 2.204e-05, eta: 0:27:02, time: 0.132, data_time: 0.003, memory: 2228, lv0_smooth: 0.0019, lv0photo_stereo_r2lSM_ref: 0.0070, lv0struct_stereo_r2lSM_ref: 0.0321, lv0ddvo_photoloss_pre: 0.0086, lv0ddvo_structloss_pre: 0.0349, lv0ddvo_photoloss_next: 0.0077, lv0ddvo_structloss_next: 0.0297, loss: 0.1219
2026-01-25 03:40:52,291 - hdvo - INFO - Iter [27850/40000]	lr: 2.188e-05, eta: 0:26:56, time: 0.133, data_time: 0.004, memory: 2228, lv0_smooth: 0.0019, lv0photo_stereo_r2lSM_ref: 0.0067, lv0struct_stereo_r2lSM_ref: 0.0316, lv0ddvo_photoloss_pre: 0.0088, lv0ddvo_structloss_pre: 0.0349, lv0ddvo_photoloss_next: 0.0076, lv0ddvo_structloss_next: 0.0297, loss: 0.1212
2026-01-25 03:40:58,927 - hdvo - INFO - Iter [27900/40000]	lr: 2.172e-05, eta: 0:26:49, time: 0.133, data_time: 0.004, memory: 2228, lv0_smooth: 0.0019, lv0photo_stereo_r2lSM_ref: 0.0071, lv0struct_stereo_r2lSM_ref: 0.0324, lv0ddvo_photoloss_pre: 0.0085, lv0ddvo_structloss_pre: 0.0353, lv0ddvo_photoloss_next: 0.0075, lv0ddvo_structloss_next: 0.0296, loss: 0.1222
2026-01-25 03:41:05,589 - hdvo - INFO - Iter [27950/40000]	lr: 2.157e-05, eta: 0:26:42, time: 0.133, data_time: 0.003, memory: 2228, lv0_smooth: 0.0019, lv0photo_stereo_r2lSM_ref: 0.0069, lv0struct_stereo_r2lSM_ref: 0.0321, lv0ddvo_photoloss_pre: 0.0082, lv0ddvo_structloss_pre: 0.0351, lv0ddvo_photoloss_next: 0.0073, lv0ddvo_structloss_next: 0.0299, loss: 0.1215
2026-01-25 03:41:12,202 - hdvo - INFO - Saving checkpoint at 28000 iterations
2026-01-25 03:41:12,912 - hdvo - INFO - Iter [28000/40000]	lr: 2.141e-05, eta: 0:26:36, time: 0.146, data_time: 0.003, memory: 2228, lv0_smooth: 0.0019, lv0photo_stereo_r2lSM_ref: 0.0073, lv0struct_stereo_r2lSM_ref: 0.0326, lv0ddvo_photoloss_pre: 0.0093, lv0ddvo_structloss_pre: 0.0360, lv0ddvo_photoloss_next: 0.0087, lv0ddvo_structloss_next: 0.0304, loss: 0.1262
2026-01-25 03:41:19,515 - hdvo - INFO - Iter [28050/40000]	lr: 2.125e-05, eta: 0:26:29, time: 0.132, data_time: 0.003, memory: 2228, lv0_smooth: 0.0019, lv0photo_stereo_r2lSM_ref: 0.0072, lv0struct_stereo_r2lSM_ref: 0.0324, lv0ddvo_photoloss_pre: 0.0089, lv0ddvo_structloss_pre: 0.0354, lv0ddvo_photoloss_next: 0.0078, lv0ddvo_structloss_next: 0.0297, loss: 0.1232
2026-01-25 03:41:26,179 - hdvo - INFO - Iter [28100/40000]	lr: 2.109e-05, eta: 0:26:23, time: 0.133, data_time: 0.003, memory: 2228, lv0_smooth: 0.0019, lv0photo_stereo_r2lSM_ref: 0.0071, lv0struct_stereo_r2lSM_ref: 0.0323, lv0ddvo_photoloss_pre: 0.0086, lv0ddvo_structloss_pre: 0.0345, lv0ddvo_photoloss_next: 0.0078, lv0ddvo_structloss_next: 0.0294, loss: 0.1216
2026-01-25 03:41:32,759 - hdvo - INFO - Iter [28150/40000]	lr: 2.094e-05, eta: 0:26:16, time: 0.132, data_time: 0.005, memory: 2228, lv0_smooth: 0.0018, lv0photo_stereo_r2lSM_ref: 0.0068, lv0struct_stereo_r2lSM_ref: 0.0319, lv0ddvo_photoloss_pre: 0.0082, lv0ddvo_structloss_pre: 0.0347, lv0ddvo_photoloss_next: 0.0074, lv0ddvo_structloss_next: 0.0293, loss: 0.1201
2026-01-25 03:41:39,465 - hdvo - INFO - Iter [28200/40000]	lr: 2.078e-05, eta: 0:26:09, time: 0.134, data_time: 0.004, memory: 2228, lv0_smooth: 0.0019, lv0photo_stereo_r2lSM_ref: 0.0066, lv0struct_stereo_r2lSM_ref: 0.0318, lv0ddvo_photoloss_pre: 0.0077, lv0ddvo_structloss_pre: 0.0342, lv0ddvo_photoloss_next: 0.0067, lv0ddvo_structloss_next: 0.0289, loss: 0.1178
2026-01-25 03:41:46,220 - hdvo - INFO - Iter [28250/40000]	lr: 2.063e-05, eta: 0:26:03, time: 0.135, data_time: 0.003, memory: 2228, lv0_smooth: 0.0019, lv0photo_stereo_r2lSM_ref: 0.0072, lv0struct_stereo_r2lSM_ref: 0.0323, lv0ddvo_photoloss_pre: 0.0090, lv0ddvo_structloss_pre: 0.0352, lv0ddvo_photoloss_next: 0.0077, lv0ddvo_structloss_next: 0.0299, loss: 0.1231
2026-01-25 03:41:52,896 - hdvo - INFO - Iter [28300/40000]	lr: 2.047e-05, eta: 0:25:56, time: 0.134, data_time: 0.003, memory: 2228, lv0_smooth: 0.0019, lv0photo_stereo_r2lSM_ref: 0.0067, lv0struct_stereo_r2lSM_ref: 0.0322, lv0ddvo_photoloss_pre: 0.0084, lv0ddvo_structloss_pre: 0.0355, lv0ddvo_photoloss_next: 0.0075, lv0ddvo_structloss_next: 0.0303, loss: 0.1226
2026-01-25 03:41:59,494 - hdvo - INFO - Iter [28350/40000]	lr: 2.032e-05, eta: 0:25:50, time: 0.132, data_time: 0.003, memory: 2228, lv0_smooth: 0.0019, lv0photo_stereo_r2lSM_ref: 0.0069, lv0struct_stereo_r2lSM_ref: 0.0321, lv0ddvo_photoloss_pre: 0.0089, lv0ddvo_structloss_pre: 0.0353, lv0ddvo_photoloss_next: 0.0079, lv0ddvo_structloss_next: 0.0297, loss: 0.1226
2026-01-25 03:42:06,103 - hdvo - INFO - Iter [28400/40000]	lr: 2.016e-05, eta: 0:25:43, time: 0.132, data_time: 0.003, memory: 2228, lv0_smooth: 0.0018, lv0photo_stereo_r2lSM_ref: 0.0073, lv0struct_stereo_r2lSM_ref: 0.0324, lv0ddvo_photoloss_pre: 0.0091, lv0ddvo_structloss_pre: 0.0352, lv0ddvo_photoloss_next: 0.0077, lv0ddvo_structloss_next: 0.0292, loss: 0.1228
2026-01-25 03:42:12,690 - hdvo - INFO - Iter [28450/40000]	lr: 2.001e-05, eta: 0:25:36, time: 0.132, data_time: 0.004, memory: 2228, lv0_smooth: 0.0019, lv0photo_stereo_r2lSM_ref: 0.0071, lv0struct_stereo_r2lSM_ref: 0.0322, lv0ddvo_photoloss_pre: 0.0087, lv0ddvo_structloss_pre: 0.0347, lv0ddvo_photoloss_next: 0.0071, lv0ddvo_structloss_next: 0.0287, loss: 0.1203
2026-01-25 03:42:19,545 - hdvo - INFO - Iter [28500/40000]	lr: 1.986e-05, eta: 0:25:30, time: 0.137, data_time: 0.005, memory: 2228, lv0_smooth: 0.0019, lv0photo_stereo_r2lSM_ref: 0.0073, lv0struct_stereo_r2lSM_ref: 0.0325, lv0ddvo_photoloss_pre: 0.0087, lv0ddvo_structloss_pre: 0.0354, lv0ddvo_photoloss_next: 0.0077, lv0ddvo_structloss_next: 0.0302, loss: 0.1237
2026-01-25 03:42:26,095 - hdvo - INFO - Iter [28550/40000]	lr: 1.971e-05, eta: 0:25:23, time: 0.131, data_time: 0.003, memory: 2228, lv0_smooth: 0.0018, lv0photo_stereo_r2lSM_ref: 0.0072, lv0struct_stereo_r2lSM_ref: 0.0326, lv0ddvo_photoloss_pre: 0.0085, lv0ddvo_structloss_pre: 0.0357, lv0ddvo_photoloss_next: 0.0076, lv0ddvo_structloss_next: 0.0299, loss: 0.1233
2026-01-25 03:42:32,671 - hdvo - INFO - Iter [28600/40000]	lr: 1.955e-05, eta: 0:25:16, time: 0.132, data_time: 0.003, memory: 2228, lv0_smooth: 0.0018, lv0photo_stereo_r2lSM_ref: 0.0066, lv0struct_stereo_r2lSM_ref: 0.0317, lv0ddvo_photoloss_pre: 0.0088, lv0ddvo_structloss_pre: 0.0355, lv0ddvo_photoloss_next: 0.0073, lv0ddvo_structloss_next: 0.0295, loss: 0.1212
2026-01-25 03:42:39,235 - hdvo - INFO - Iter [28650/40000]	lr: 1.940e-05, eta: 0:25:10, time: 0.131, data_time: 0.003, memory: 2228, lv0_smooth: 0.0019, lv0photo_stereo_r2lSM_ref: 0.0070, lv0struct_stereo_r2lSM_ref: 0.0319, lv0ddvo_photoloss_pre: 0.0085, lv0ddvo_structloss_pre: 0.0348, lv0ddvo_photoloss_next: 0.0071, lv0ddvo_structloss_next: 0.0292, loss: 0.1205
2026-01-25 03:42:45,734 - hdvo - INFO - Iter [28700/40000]	lr: 1.925e-05, eta: 0:25:03, time: 0.130, data_time: 0.003, memory: 2228, lv0_smooth: 0.0018, lv0photo_stereo_r2lSM_ref: 0.0068, lv0struct_stereo_r2lSM_ref: 0.0319, lv0ddvo_photoloss_pre: 0.0081, lv0ddvo_structloss_pre: 0.0346, lv0ddvo_photoloss_next: 0.0077, lv0ddvo_structloss_next: 0.0295, loss: 0.1204
2026-01-25 03:42:52,424 - hdvo - INFO - Iter [28750/40000]	lr: 1.910e-05, eta: 0:24:56, time: 0.134, data_time: 0.003, memory: 2228, lv0_smooth: 0.0018, lv0photo_stereo_r2lSM_ref: 0.0069, lv0struct_stereo_r2lSM_ref: 0.0319, lv0ddvo_photoloss_pre: 0.0089, lv0ddvo_structloss_pre: 0.0346, lv0ddvo_photoloss_next: 0.0076, lv0ddvo_structloss_next: 0.0292, loss: 0.1210
2026-01-25 03:42:59,172 - hdvo - INFO - Iter [28800/40000]	lr: 1.895e-05, eta: 0:24:50, time: 0.135, data_time: 0.003, memory: 2228, lv0_smooth: 0.0018, lv0photo_stereo_r2lSM_ref: 0.0067, lv0struct_stereo_r2lSM_ref: 0.0320, lv0ddvo_photoloss_pre: 0.0078, lv0ddvo_structloss_pre: 0.0345, lv0ddvo_photoloss_next: 0.0067, lv0ddvo_structloss_next: 0.0288, loss: 0.1182
2026-01-25 03:43:05,889 - hdvo - INFO - Iter [28850/40000]	lr: 1.880e-05, eta: 0:24:43, time: 0.134, data_time: 0.005, memory: 2228, lv0_smooth: 0.0018, lv0photo_stereo_r2lSM_ref: 0.0067, lv0struct_stereo_r2lSM_ref: 0.0317, lv0ddvo_photoloss_pre: 0.0079, lv0ddvo_structloss_pre: 0.0340, lv0ddvo_photoloss_next: 0.0068, lv0ddvo_structloss_next: 0.0281, loss: 0.1171
2026-01-25 03:43:12,545 - hdvo - INFO - Iter [28900/40000]	lr: 1.865e-05, eta: 0:24:36, time: 0.133, data_time: 0.003, memory: 2228, lv0_smooth: 0.0018, lv0photo_stereo_r2lSM_ref: 0.0072, lv0struct_stereo_r2lSM_ref: 0.0319, lv0ddvo_photoloss_pre: 0.0088, lv0ddvo_structloss_pre: 0.0349, lv0ddvo_photoloss_next: 0.0079, lv0ddvo_structloss_next: 0.0293, loss: 0.1219
2026-01-25 03:43:19,107 - hdvo - INFO - Iter [28950/40000]	lr: 1.850e-05, eta: 0:24:30, time: 0.131, data_time: 0.003, memory: 2228, lv0_smooth: 0.0018, lv0photo_stereo_r2lSM_ref: 0.0070, lv0struct_stereo_r2lSM_ref: 0.0323, lv0ddvo_photoloss_pre: 0.0094, lv0ddvo_structloss_pre: 0.0357, lv0ddvo_photoloss_next: 0.0075, lv0ddvo_structloss_next: 0.0292, loss: 0.1229
2026-01-25 03:43:25,894 - hdvo - INFO - Iter [29000/40000]	lr: 1.836e-05, eta: 0:24:23, time: 0.135, data_time: 0.003, memory: 2228, lv0_smooth: 0.0018, lv0photo_stereo_r2lSM_ref: 0.0072, lv0struct_stereo_r2lSM_ref: 0.0324, lv0ddvo_photoloss_pre: 0.0089, lv0ddvo_structloss_pre: 0.0353, lv0ddvo_photoloss_next: 0.0078, lv0ddvo_structloss_next: 0.0297, loss: 0.1230
2026-01-25 03:43:32,391 - hdvo - INFO - Iter [29050/40000]	lr: 1.821e-05, eta: 0:24:16, time: 0.130, data_time: 0.004, memory: 2228, lv0_smooth: 0.0018, lv0photo_stereo_r2lSM_ref: 0.0066, lv0struct_stereo_r2lSM_ref: 0.0316, lv0ddvo_photoloss_pre: 0.0084, lv0ddvo_structloss_pre: 0.0348, lv0ddvo_photoloss_next: 0.0074, lv0ddvo_structloss_next: 0.0295, loss: 0.1201
2026-01-25 03:43:38,892 - hdvo - INFO - Iter [29100/40000]	lr: 1.806e-05, eta: 0:24:10, time: 0.130, data_time: 0.003, memory: 2228, lv0_smooth: 0.0018, lv0photo_stereo_r2lSM_ref: 0.0067, lv0struct_stereo_r2lSM_ref: 0.0316, lv0ddvo_photoloss_pre: 0.0081, lv0ddvo_structloss_pre: 0.0345, lv0ddvo_photoloss_next: 0.0072, lv0ddvo_structloss_next: 0.0289, loss: 0.1187
2026-01-25 03:43:45,377 - hdvo - INFO - Iter [29150/40000]	lr: 1.791e-05, eta: 0:24:03, time: 0.129, data_time: 0.002, memory: 2228, lv0_smooth: 0.0019, lv0photo_stereo_r2lSM_ref: 0.0072, lv0struct_stereo_r2lSM_ref: 0.0329, lv0ddvo_photoloss_pre: 0.0093, lv0ddvo_structloss_pre: 0.0361, lv0ddvo_photoloss_next: 0.0081, lv0ddvo_structloss_next: 0.0308, loss: 0.1263
2026-01-25 03:43:51,913 - hdvo - INFO - Iter [29200/40000]	lr: 1.777e-05, eta: 0:23:56, time: 0.131, data_time: 0.003, memory: 2228, lv0_smooth: 0.0018, lv0photo_stereo_r2lSM_ref: 0.0075, lv0struct_stereo_r2lSM_ref: 0.0325, lv0ddvo_photoloss_pre: 0.0096, lv0ddvo_structloss_pre: 0.0362, lv0ddvo_photoloss_next: 0.0086, lv0ddvo_structloss_next: 0.0304, loss: 0.1266
2026-01-25 03:43:58,429 - hdvo - INFO - Iter [29250/40000]	lr: 1.762e-05, eta: 0:23:49, time: 0.130, data_time: 0.003, memory: 2228, lv0_smooth: 0.0018, lv0photo_stereo_r2lSM_ref: 0.0068, lv0struct_stereo_r2lSM_ref: 0.0319, lv0ddvo_photoloss_pre: 0.0087, lv0ddvo_structloss_pre: 0.0349, lv0ddvo_photoloss_next: 0.0073, lv0ddvo_structloss_next: 0.0291, loss: 0.1205
2026-01-25 03:44:04,919 - hdvo - INFO - Iter [29300/40000]	lr: 1.748e-05, eta: 0:23:43, time: 0.130, data_time: 0.003, memory: 2228, lv0_smooth: 0.0018, lv0photo_stereo_r2lSM_ref: 0.0068, lv0struct_stereo_r2lSM_ref: 0.0316, lv0ddvo_photoloss_pre: 0.0083, lv0ddvo_structloss_pre: 0.0346, lv0ddvo_photoloss_next: 0.0069, lv0ddvo_structloss_next: 0.0288, loss: 0.1187
2026-01-25 03:44:11,493 - hdvo - INFO - Iter [29350/40000]	lr: 1.733e-05, eta: 0:23:36, time: 0.132, data_time: 0.003, memory: 2228, lv0_smooth: 0.0018, lv0photo_stereo_r2lSM_ref: 0.0069, lv0struct_stereo_r2lSM_ref: 0.0320, lv0ddvo_photoloss_pre: 0.0087, lv0ddvo_structloss_pre: 0.0353, lv0ddvo_photoloss_next: 0.0078, lv0ddvo_structloss_next: 0.0295, loss: 0.1219
2026-01-25 03:44:17,929 - hdvo - INFO - Iter [29400/40000]	lr: 1.719e-05, eta: 0:23:29, time: 0.129, data_time: 0.004, memory: 2228, lv0_smooth: 0.0018, lv0photo_stereo_r2lSM_ref: 0.0070, lv0struct_stereo_r2lSM_ref: 0.0320, lv0ddvo_photoloss_pre: 0.0085, lv0ddvo_structloss_pre: 0.0343, lv0ddvo_photoloss_next: 0.0074, lv0ddvo_structloss_next: 0.0288, loss: 0.1198
2026-01-25 03:44:24,460 - hdvo - INFO - Iter [29450/40000]	lr: 1.705e-05, eta: 0:23:23, time: 0.130, data_time: 0.003, memory: 2228, lv0_smooth: 0.0018, lv0photo_stereo_r2lSM_ref: 0.0073, lv0struct_stereo_r2lSM_ref: 0.0319, lv0ddvo_photoloss_pre: 0.0095, lv0ddvo_structloss_pre: 0.0350, lv0ddvo_photoloss_next: 0.0083, lv0ddvo_structloss_next: 0.0297, loss: 0.1235
2026-01-25 03:44:30,902 - hdvo - INFO - Iter [29500/40000]	lr: 1.690e-05, eta: 0:23:16, time: 0.129, data_time: 0.003, memory: 2228, lv0_smooth: 0.0018, lv0photo_stereo_r2lSM_ref: 0.0071, lv0struct_stereo_r2lSM_ref: 0.0323, lv0ddvo_photoloss_pre: 0.0092, lv0ddvo_structloss_pre: 0.0360, lv0ddvo_photoloss_next: 0.0080, lv0ddvo_structloss_next: 0.0301, loss: 0.1245
2026-01-25 03:44:37,442 - hdvo - INFO - Iter [29550/40000]	lr: 1.676e-05, eta: 0:23:09, time: 0.131, data_time: 0.003, memory: 2228, lv0_smooth: 0.0018, lv0photo_stereo_r2lSM_ref: 0.0068, lv0struct_stereo_r2lSM_ref: 0.0316, lv0ddvo_photoloss_pre: 0.0080, lv0ddvo_structloss_pre: 0.0340, lv0ddvo_photoloss_next: 0.0069, lv0ddvo_structloss_next: 0.0283, loss: 0.1175
2026-01-25 03:44:43,927 - hdvo - INFO - Iter [29600/40000]	lr: 1.662e-05, eta: 0:23:03, time: 0.130, data_time: 0.004, memory: 2228, lv0_smooth: 0.0018, lv0photo_stereo_r2lSM_ref: 0.0069, lv0struct_stereo_r2lSM_ref: 0.0319, lv0ddvo_photoloss_pre: 0.0089, lv0ddvo_structloss_pre: 0.0347, lv0ddvo_photoloss_next: 0.0076, lv0ddvo_structloss_next: 0.0290, loss: 0.1208
2026-01-25 03:44:50,493 - hdvo - INFO - Iter [29650/40000]	lr: 1.648e-05, eta: 0:22:56, time: 0.131, data_time: 0.004, memory: 2228, lv0_smooth: 0.0018, lv0photo_stereo_r2lSM_ref: 0.0070, lv0struct_stereo_r2lSM_ref: 0.0323, lv0ddvo_photoloss_pre: 0.0090, lv0ddvo_structloss_pre: 0.0355, lv0ddvo_photoloss_next: 0.0073, lv0ddvo_structloss_next: 0.0294, loss: 0.1224
2026-01-25 03:44:56,997 - hdvo - INFO - Iter [29700/40000]	lr: 1.634e-05, eta: 0:22:49, time: 0.130, data_time: 0.002, memory: 2228, lv0_smooth: 0.0019, lv0photo_stereo_r2lSM_ref: 0.0072, lv0struct_stereo_r2lSM_ref: 0.0321, lv0ddvo_photoloss_pre: 0.0088, lv0ddvo_structloss_pre: 0.0350, lv0ddvo_photoloss_next: 0.0074, lv0ddvo_structloss_next: 0.0292, loss: 0.1216
2026-01-25 03:45:03,507 - hdvo - INFO - Iter [29750/40000]	lr: 1.619e-05, eta: 0:22:42, time: 0.130, data_time: 0.002, memory: 2228, lv0_smooth: 0.0018, lv0photo_stereo_r2lSM_ref: 0.0068, lv0struct_stereo_r2lSM_ref: 0.0315, lv0ddvo_photoloss_pre: 0.0083, lv0ddvo_structloss_pre: 0.0341, lv0ddvo_photoloss_next: 0.0076, lv0ddvo_structloss_next: 0.0289, loss: 0.1191
2026-01-25 03:45:10,060 - hdvo - INFO - Iter [29800/40000]	lr: 1.606e-05, eta: 0:22:36, time: 0.131, data_time: 0.003, memory: 2228, lv0_smooth: 0.0018, lv0photo_stereo_r2lSM_ref: 0.0071, lv0struct_stereo_r2lSM_ref: 0.0319, lv0ddvo_photoloss_pre: 0.0084, lv0ddvo_structloss_pre: 0.0347, lv0ddvo_photoloss_next: 0.0074, lv0ddvo_structloss_next: 0.0292, loss: 0.1206
2026-01-25 03:45:16,630 - hdvo - INFO - Iter [29850/40000]	lr: 1.592e-05, eta: 0:22:29, time: 0.132, data_time: 0.004, memory: 2228, lv0_smooth: 0.0018, lv0photo_stereo_r2lSM_ref: 0.0069, lv0struct_stereo_r2lSM_ref: 0.0320, lv0ddvo_photoloss_pre: 0.0086, lv0ddvo_structloss_pre: 0.0349, lv0ddvo_photoloss_next: 0.0070, lv0ddvo_structloss_next: 0.0292, loss: 0.1205
2026-01-25 03:45:23,147 - hdvo - INFO - Iter [29900/40000]	lr: 1.578e-05, eta: 0:22:22, time: 0.130, data_time: 0.004, memory: 2228, lv0_smooth: 0.0019, lv0photo_stereo_r2lSM_ref: 0.0078, lv0struct_stereo_r2lSM_ref: 0.0325, lv0ddvo_photoloss_pre: 0.0099, lv0ddvo_structloss_pre: 0.0362, lv0ddvo_photoloss_next: 0.0086, lv0ddvo_structloss_next: 0.0307, loss: 0.1276
2026-01-25 03:45:29,661 - hdvo - INFO - Iter [29950/40000]	lr: 1.564e-05, eta: 0:22:16, time: 0.130, data_time: 0.003, memory: 2228, lv0_smooth: 0.0019, lv0photo_stereo_r2lSM_ref: 0.0071, lv0struct_stereo_r2lSM_ref: 0.0321, lv0ddvo_photoloss_pre: 0.0088, lv0ddvo_structloss_pre: 0.0356, lv0ddvo_photoloss_next: 0.0073, lv0ddvo_structloss_next: 0.0295, loss: 0.1222
2026-01-25 03:45:36,168 - hdvo - INFO - Iter [30000/40000]	lr: 1.550e-05, eta: 0:22:09, time: 0.130, data_time: 0.003, memory: 2228, lv0_smooth: 0.0019, lv0photo_stereo_r2lSM_ref: 0.0069, lv0struct_stereo_r2lSM_ref: 0.0320, lv0ddvo_photoloss_pre: 0.0084, lv0ddvo_structloss_pre: 0.0347, lv0ddvo_photoloss_next: 0.0075, lv0ddvo_structloss_next: 0.0293, loss: 0.1206
2026-01-25 03:45:42,719 - hdvo - INFO - Iter [30050/40000]	lr: 1.536e-05, eta: 0:22:02, time: 0.132, data_time: 0.003, memory: 2228, lv0_smooth: 0.0019, lv0photo_stereo_r2lSM_ref: 0.0072, lv0struct_stereo_r2lSM_ref: 0.0323, lv0ddvo_photoloss_pre: 0.0089, lv0ddvo_structloss_pre: 0.0354, lv0ddvo_photoloss_next: 0.0074, lv0ddvo_structloss_next: 0.0293, loss: 0.1224
2026-01-25 03:45:49,262 - hdvo - INFO - Iter [30100/40000]	lr: 1.523e-05, eta: 0:21:56, time: 0.131, data_time: 0.003, memory: 2228, lv0_smooth: 0.0018, lv0photo_stereo_r2lSM_ref: 0.0071, lv0struct_stereo_r2lSM_ref: 0.0320, lv0ddvo_photoloss_pre: 0.0091, lv0ddvo_structloss_pre: 0.0353, lv0ddvo_photoloss_next: 0.0079, lv0ddvo_structloss_next: 0.0297, loss: 0.1228
2026-01-25 03:45:55,909 - hdvo - INFO - Iter [30150/40000]	lr: 1.509e-05, eta: 0:21:49, time: 0.133, data_time: 0.003, memory: 2228, lv0_smooth: 0.0018, lv0photo_stereo_r2lSM_ref: 0.0066, lv0struct_stereo_r2lSM_ref: 0.0318, lv0ddvo_photoloss_pre: 0.0078, lv0ddvo_structloss_pre: 0.0342, lv0ddvo_photoloss_next: 0.0069, lv0ddvo_structloss_next: 0.0287, loss: 0.1178
2026-01-25 03:46:02,540 - hdvo - INFO - Iter [30200/40000]	lr: 1.496e-05, eta: 0:21:42, time: 0.133, data_time: 0.004, memory: 2228, lv0_smooth: 0.0019, lv0photo_stereo_r2lSM_ref: 0.0069, lv0struct_stereo_r2lSM_ref: 0.0318, lv0ddvo_photoloss_pre: 0.0086, lv0ddvo_structloss_pre: 0.0349, lv0ddvo_photoloss_next: 0.0075, lv0ddvo_structloss_next: 0.0295, loss: 0.1211
2026-01-25 03:46:09,049 - hdvo - INFO - Iter [30250/40000]	lr: 1.482e-05, eta: 0:21:36, time: 0.130, data_time: 0.002, memory: 2228, lv0_smooth: 0.0019, lv0photo_stereo_r2lSM_ref: 0.0070, lv0struct_stereo_r2lSM_ref: 0.0321, lv0ddvo_photoloss_pre: 0.0092, lv0ddvo_structloss_pre: 0.0350, lv0ddvo_photoloss_next: 0.0075, lv0ddvo_structloss_next: 0.0293, loss: 0.1220
2026-01-25 03:46:15,496 - hdvo - INFO - Iter [30300/40000]	lr: 1.469e-05, eta: 0:21:29, time: 0.129, data_time: 0.003, memory: 2228, lv0_smooth: 0.0019, lv0photo_stereo_r2lSM_ref: 0.0065, lv0struct_stereo_r2lSM_ref: 0.0320, lv0ddvo_photoloss_pre: 0.0081, lv0ddvo_structloss_pre: 0.0352, lv0ddvo_photoloss_next: 0.0069, lv0ddvo_structloss_next: 0.0295, loss: 0.1201
2026-01-25 03:46:22,049 - hdvo - INFO - Iter [30350/40000]	lr: 1.455e-05, eta: 0:21:22, time: 0.131, data_time: 0.004, memory: 2228, lv0_smooth: 0.0019, lv0photo_stereo_r2lSM_ref: 0.0070, lv0struct_stereo_r2lSM_ref: 0.0319, lv0ddvo_photoloss_pre: 0.0081, lv0ddvo_structloss_pre: 0.0348, lv0ddvo_photoloss_next: 0.0072, lv0ddvo_structloss_next: 0.0292, loss: 0.1201
2026-01-25 03:46:28,674 - hdvo - INFO - Iter [30400/40000]	lr: 1.442e-05, eta: 0:21:16, time: 0.132, data_time: 0.002, memory: 2228, lv0_smooth: 0.0019, lv0photo_stereo_r2lSM_ref: 0.0066, lv0struct_stereo_r2lSM_ref: 0.0317, lv0ddvo_photoloss_pre: 0.0086, lv0ddvo_structloss_pre: 0.0346, lv0ddvo_photoloss_next: 0.0076, lv0ddvo_structloss_next: 0.0291, loss: 0.1201
2026-01-25 03:46:35,246 - hdvo - INFO - Iter [30450/40000]	lr: 1.429e-05, eta: 0:21:09, time: 0.131, data_time: 0.003, memory: 2228, lv0_smooth: 0.0018, lv0photo_stereo_r2lSM_ref: 0.0065, lv0struct_stereo_r2lSM_ref: 0.0317, lv0ddvo_photoloss_pre: 0.0078, lv0ddvo_structloss_pre: 0.0343, lv0ddvo_photoloss_next: 0.0067, lv0ddvo_structloss_next: 0.0286, loss: 0.1174
2026-01-25 03:46:41,896 - hdvo - INFO - Iter [30500/40000]	lr: 1.415e-05, eta: 0:21:02, time: 0.133, data_time: 0.003, memory: 2228, lv0_smooth: 0.0018, lv0photo_stereo_r2lSM_ref: 0.0068, lv0struct_stereo_r2lSM_ref: 0.0318, lv0ddvo_photoloss_pre: 0.0079, lv0ddvo_structloss_pre: 0.0343, lv0ddvo_photoloss_next: 0.0068, lv0ddvo_structloss_next: 0.0286, loss: 0.1180
2026-01-25 03:46:48,519 - hdvo - INFO - Iter [30550/40000]	lr: 1.402e-05, eta: 0:20:56, time: 0.132, data_time: 0.003, memory: 2228, lv0_smooth: 0.0018, lv0photo_stereo_r2lSM_ref: 0.0066, lv0struct_stereo_r2lSM_ref: 0.0318, lv0ddvo_photoloss_pre: 0.0089, lv0ddvo_structloss_pre: 0.0355, lv0ddvo_photoloss_next: 0.0075, lv0ddvo_structloss_next: 0.0295, loss: 0.1215
2026-01-25 03:46:57,597 - hdvo - INFO - Iter [30600/40000]	lr: 1.389e-05, eta: 0:20:50, time: 0.182, data_time: 0.057, memory: 2228, lv0_smooth: 0.0018, lv0photo_stereo_r2lSM_ref: 0.0068, lv0struct_stereo_r2lSM_ref: 0.0319, lv0ddvo_photoloss_pre: 0.0087, lv0ddvo_structloss_pre: 0.0349, lv0ddvo_photoloss_next: 0.0075, lv0ddvo_structloss_next: 0.0294, loss: 0.1210
2026-01-25 03:47:04,345 - hdvo - INFO - Iter [30650/40000]	lr: 1.376e-05, eta: 0:20:43, time: 0.135, data_time: 0.003, memory: 2228, lv0_smooth: 0.0018, lv0photo_stereo_r2lSM_ref: 0.0067, lv0struct_stereo_r2lSM_ref: 0.0320, lv0ddvo_photoloss_pre: 0.0081, lv0ddvo_structloss_pre: 0.0345, lv0ddvo_photoloss_next: 0.0076, lv0ddvo_structloss_next: 0.0290, loss: 0.1197
2026-01-25 03:47:11,032 - hdvo - INFO - Iter [30700/40000]	lr: 1.363e-05, eta: 0:20:36, time: 0.134, data_time: 0.004, memory: 2228, lv0_smooth: 0.0019, lv0photo_stereo_r2lSM_ref: 0.0072, lv0struct_stereo_r2lSM_ref: 0.0323, lv0ddvo_photoloss_pre: 0.0092, lv0ddvo_structloss_pre: 0.0354, lv0ddvo_photoloss_next: 0.0078, lv0ddvo_structloss_next: 0.0294, loss: 0.1231
2026-01-25 03:47:17,683 - hdvo - INFO - Iter [30750/40000]	lr: 1.350e-05, eta: 0:20:30, time: 0.133, data_time: 0.003, memory: 2228, lv0_smooth: 0.0018, lv0photo_stereo_r2lSM_ref: 0.0065, lv0struct_stereo_r2lSM_ref: 0.0313, lv0ddvo_photoloss_pre: 0.0089, lv0ddvo_structloss_pre: 0.0346, lv0ddvo_photoloss_next: 0.0077, lv0ddvo_structloss_next: 0.0290, loss: 0.1198
2026-01-25 03:47:24,294 - hdvo - INFO - Iter [30800/40000]	lr: 1.337e-05, eta: 0:20:23, time: 0.132, data_time: 0.004, memory: 2228, lv0_smooth: 0.0018, lv0photo_stereo_r2lSM_ref: 0.0068, lv0struct_stereo_r2lSM_ref: 0.0320, lv0ddvo_photoloss_pre: 0.0088, lv0ddvo_structloss_pre: 0.0352, lv0ddvo_photoloss_next: 0.0074, lv0ddvo_structloss_next: 0.0295, loss: 0.1216
2026-01-25 03:47:31,006 - hdvo - INFO - Iter [30850/40000]	lr: 1.324e-05, eta: 0:20:17, time: 0.134, data_time: 0.003, memory: 2228, lv0_smooth: 0.0018, lv0photo_stereo_r2lSM_ref: 0.0073, lv0struct_stereo_r2lSM_ref: 0.0322, lv0ddvo_photoloss_pre: 0.0091, lv0ddvo_structloss_pre: 0.0354, lv0ddvo_photoloss_next: 0.0083, lv0ddvo_structloss_next: 0.0299, loss: 0.1240
2026-01-25 03:47:37,588 - hdvo - INFO - Iter [30900/40000]	lr: 1.312e-05, eta: 0:20:10, time: 0.132, data_time: 0.003, memory: 2228, lv0_smooth: 0.0018, lv0photo_stereo_r2lSM_ref: 0.0071, lv0struct_stereo_r2lSM_ref: 0.0322, lv0ddvo_photoloss_pre: 0.0083, lv0ddvo_structloss_pre: 0.0349, lv0ddvo_photoloss_next: 0.0071, lv0ddvo_structloss_next: 0.0293, loss: 0.1207
2026-01-25 03:47:44,294 - hdvo - INFO - Iter [30950/40000]	lr: 1.299e-05, eta: 0:20:03, time: 0.134, data_time: 0.003, memory: 2228, lv0_smooth: 0.0019, lv0photo_stereo_r2lSM_ref: 0.0069, lv0struct_stereo_r2lSM_ref: 0.0320, lv0ddvo_photoloss_pre: 0.0084, lv0ddvo_structloss_pre: 0.0349, lv0ddvo_photoloss_next: 0.0073, lv0ddvo_structloss_next: 0.0296, loss: 0.1211
2026-01-25 03:47:50,933 - hdvo - INFO - Iter [31000/40000]	lr: 1.286e-05, eta: 0:19:57, time: 0.133, data_time: 0.004, memory: 2228, lv0_smooth: 0.0018, lv0photo_stereo_r2lSM_ref: 0.0070, lv0struct_stereo_r2lSM_ref: 0.0321, lv0ddvo_photoloss_pre: 0.0091, lv0ddvo_structloss_pre: 0.0352, lv0ddvo_photoloss_next: 0.0076, lv0ddvo_structloss_next: 0.0292, loss: 0.1221
2026-01-25 03:47:57,556 - hdvo - INFO - Iter [31050/40000]	lr: 1.274e-05, eta: 0:19:50, time: 0.133, data_time: 0.003, memory: 2228, lv0_smooth: 0.0018, lv0photo_stereo_r2lSM_ref: 0.0069, lv0struct_stereo_r2lSM_ref: 0.0322, lv0ddvo_photoloss_pre: 0.0083, lv0ddvo_structloss_pre: 0.0345, lv0ddvo_photoloss_next: 0.0071, lv0ddvo_structloss_next: 0.0291, loss: 0.1201
2026-01-25 03:48:04,166 - hdvo - INFO - Iter [31100/40000]	lr: 1.261e-05, eta: 0:19:43, time: 0.132, data_time: 0.004, memory: 2228, lv0_smooth: 0.0019, lv0photo_stereo_r2lSM_ref: 0.0068, lv0struct_stereo_r2lSM_ref: 0.0318, lv0ddvo_photoloss_pre: 0.0090, lv0ddvo_structloss_pre: 0.0350, lv0ddvo_photoloss_next: 0.0073, lv0ddvo_structloss_next: 0.0290, loss: 0.1207
2026-01-25 03:48:10,805 - hdvo - INFO - Iter [31150/40000]	lr: 1.249e-05, eta: 0:19:37, time: 0.133, data_time: 0.002, memory: 2228, lv0_smooth: 0.0019, lv0photo_stereo_r2lSM_ref: 0.0070, lv0struct_stereo_r2lSM_ref: 0.0321, lv0ddvo_photoloss_pre: 0.0087, lv0ddvo_structloss_pre: 0.0351, lv0ddvo_photoloss_next: 0.0079, lv0ddvo_structloss_next: 0.0296, loss: 0.1224
2026-01-25 03:48:17,592 - hdvo - INFO - Iter [31200/40000]	lr: 1.236e-05, eta: 0:19:30, time: 0.136, data_time: 0.003, memory: 2228, lv0_smooth: 0.0018, lv0photo_stereo_r2lSM_ref: 0.0072, lv0struct_stereo_r2lSM_ref: 0.0323, lv0ddvo_photoloss_pre: 0.0087, lv0ddvo_structloss_pre: 0.0352, lv0ddvo_photoloss_next: 0.0074, lv0ddvo_structloss_next: 0.0297, loss: 0.1223
2026-01-25 03:48:24,152 - hdvo - INFO - Iter [31250/40000]	lr: 1.224e-05, eta: 0:19:23, time: 0.131, data_time: 0.003, memory: 2228, lv0_smooth: 0.0019, lv0photo_stereo_r2lSM_ref: 0.0074, lv0struct_stereo_r2lSM_ref: 0.0325, lv0ddvo_photoloss_pre: 0.0096, lv0ddvo_structloss_pre: 0.0356, lv0ddvo_photoloss_next: 0.0078, lv0ddvo_structloss_next: 0.0298, loss: 0.1246
2026-01-25 03:48:30,856 - hdvo - INFO - Iter [31300/40000]	lr: 1.212e-05, eta: 0:19:17, time: 0.134, data_time: 0.003, memory: 2228, lv0_smooth: 0.0018, lv0photo_stereo_r2lSM_ref: 0.0070, lv0struct_stereo_r2lSM_ref: 0.0321, lv0ddvo_photoloss_pre: 0.0082, lv0ddvo_structloss_pre: 0.0343, lv0ddvo_photoloss_next: 0.0071, lv0ddvo_structloss_next: 0.0289, loss: 0.1194
2026-01-25 03:48:37,531 - hdvo - INFO - Iter [31350/40000]	lr: 1.199e-05, eta: 0:19:10, time: 0.134, data_time: 0.003, memory: 2228, lv0_smooth: 0.0018, lv0photo_stereo_r2lSM_ref: 0.0069, lv0struct_stereo_r2lSM_ref: 0.0316, lv0ddvo_photoloss_pre: 0.0078, lv0ddvo_structloss_pre: 0.0339, lv0ddvo_photoloss_next: 0.0068, lv0ddvo_structloss_next: 0.0288, loss: 0.1177
2026-01-25 03:48:44,192 - hdvo - INFO - Iter [31400/40000]	lr: 1.187e-05, eta: 0:19:03, time: 0.133, data_time: 0.003, memory: 2228, lv0_smooth: 0.0018, lv0photo_stereo_r2lSM_ref: 0.0071, lv0struct_stereo_r2lSM_ref: 0.0326, lv0ddvo_photoloss_pre: 0.0090, lv0ddvo_structloss_pre: 0.0359, lv0ddvo_photoloss_next: 0.0074, lv0ddvo_structloss_next: 0.0300, loss: 0.1239
2026-01-25 03:48:50,814 - hdvo - INFO - Iter [31450/40000]	lr: 1.175e-05, eta: 0:18:57, time: 0.133, data_time: 0.003, memory: 2228, lv0_smooth: 0.0018, lv0photo_stereo_r2lSM_ref: 0.0067, lv0struct_stereo_r2lSM_ref: 0.0317, lv0ddvo_photoloss_pre: 0.0086, lv0ddvo_structloss_pre: 0.0349, lv0ddvo_photoloss_next: 0.0069, lv0ddvo_structloss_next: 0.0290, loss: 0.1196
2026-01-25 03:48:57,560 - hdvo - INFO - Iter [31500/40000]	lr: 1.163e-05, eta: 0:18:50, time: 0.135, data_time: 0.003, memory: 2228, lv0_smooth: 0.0018, lv0photo_stereo_r2lSM_ref: 0.0070, lv0struct_stereo_r2lSM_ref: 0.0319, lv0ddvo_photoloss_pre: 0.0081, lv0ddvo_structloss_pre: 0.0345, lv0ddvo_photoloss_next: 0.0071, lv0ddvo_structloss_next: 0.0290, loss: 0.1194
2026-01-25 03:49:04,224 - hdvo - INFO - Iter [31550/40000]	lr: 1.151e-05, eta: 0:18:43, time: 0.133, data_time: 0.002, memory: 2228, lv0_smooth: 0.0018, lv0photo_stereo_r2lSM_ref: 0.0068, lv0struct_stereo_r2lSM_ref: 0.0319, lv0ddvo_photoloss_pre: 0.0093, lv0ddvo_structloss_pre: 0.0353, lv0ddvo_photoloss_next: 0.0079, lv0ddvo_structloss_next: 0.0293, loss: 0.1223
2026-01-25 03:49:10,946 - hdvo - INFO - Iter [31600/40000]	lr: 1.139e-05, eta: 0:18:37, time: 0.134, data_time: 0.004, memory: 2228, lv0_smooth: 0.0018, lv0photo_stereo_r2lSM_ref: 0.0070, lv0struct_stereo_r2lSM_ref: 0.0321, lv0ddvo_photoloss_pre: 0.0085, lv0ddvo_structloss_pre: 0.0349, lv0ddvo_photoloss_next: 0.0071, lv0ddvo_structloss_next: 0.0291, loss: 0.1204
2026-01-25 03:49:17,531 - hdvo - INFO - Iter [31650/40000]	lr: 1.127e-05, eta: 0:18:30, time: 0.132, data_time: 0.004, memory: 2228, lv0_smooth: 0.0018, lv0photo_stereo_r2lSM_ref: 0.0069, lv0struct_stereo_r2lSM_ref: 0.0321, lv0ddvo_photoloss_pre: 0.0086, lv0ddvo_structloss_pre: 0.0354, lv0ddvo_photoloss_next: 0.0074, lv0ddvo_structloss_next: 0.0294, loss: 0.1217
2026-01-25 03:49:24,208 - hdvo - INFO - Iter [31700/40000]	lr: 1.115e-05, eta: 0:18:24, time: 0.134, data_time: 0.004, memory: 2228, lv0_smooth: 0.0018, lv0photo_stereo_r2lSM_ref: 0.0069, lv0struct_stereo_r2lSM_ref: 0.0321, lv0ddvo_photoloss_pre: 0.0081, lv0ddvo_structloss_pre: 0.0348, lv0ddvo_photoloss_next: 0.0069, lv0ddvo_structloss_next: 0.0291, loss: 0.1197
2026-01-25 03:49:30,843 - hdvo - INFO - Iter [31750/40000]	lr: 1.103e-05, eta: 0:18:17, time: 0.133, data_time: 0.003, memory: 2228, lv0_smooth: 0.0018, lv0photo_stereo_r2lSM_ref: 0.0071, lv0struct_stereo_r2lSM_ref: 0.0321, lv0ddvo_photoloss_pre: 0.0093, lv0ddvo_structloss_pre: 0.0350, lv0ddvo_photoloss_next: 0.0076, lv0ddvo_structloss_next: 0.0293, loss: 0.1222
2026-01-25 03:49:37,400 - hdvo - INFO - Iter [31800/40000]	lr: 1.092e-05, eta: 0:18:10, time: 0.131, data_time: 0.003, memory: 2228, lv0_smooth: 0.0018, lv0photo_stereo_r2lSM_ref: 0.0071, lv0struct_stereo_r2lSM_ref: 0.0321, lv0ddvo_photoloss_pre: 0.0088, lv0ddvo_structloss_pre: 0.0353, lv0ddvo_photoloss_next: 0.0076, lv0ddvo_structloss_next: 0.0297, loss: 0.1225
2026-01-25 03:49:44,066 - hdvo - INFO - Iter [31850/40000]	lr: 1.080e-05, eta: 0:18:04, time: 0.134, data_time: 0.004, memory: 2228, lv0_smooth: 0.0018, lv0photo_stereo_r2lSM_ref: 0.0076, lv0struct_stereo_r2lSM_ref: 0.0329, lv0ddvo_photoloss_pre: 0.0092, lv0ddvo_structloss_pre: 0.0357, lv0ddvo_photoloss_next: 0.0078, lv0ddvo_structloss_next: 0.0302, loss: 0.1252
2026-01-25 03:49:50,797 - hdvo - INFO - Iter [31900/40000]	lr: 1.069e-05, eta: 0:17:57, time: 0.135, data_time: 0.003, memory: 2228, lv0_smooth: 0.0018, lv0photo_stereo_r2lSM_ref: 0.0071, lv0struct_stereo_r2lSM_ref: 0.0319, lv0ddvo_photoloss_pre: 0.0094, lv0ddvo_structloss_pre: 0.0358, lv0ddvo_photoloss_next: 0.0084, lv0ddvo_structloss_next: 0.0297, loss: 0.1241
2026-01-25 03:49:57,397 - hdvo - INFO - Iter [31950/40000]	lr: 1.057e-05, eta: 0:17:50, time: 0.132, data_time: 0.003, memory: 2228, lv0_smooth: 0.0018, lv0photo_stereo_r2lSM_ref: 0.0070, lv0struct_stereo_r2lSM_ref: 0.0320, lv0ddvo_photoloss_pre: 0.0084, lv0ddvo_structloss_pre: 0.0350, lv0ddvo_photoloss_next: 0.0073, lv0ddvo_structloss_next: 0.0293, loss: 0.1208
2026-01-25 03:50:04,059 - hdvo - INFO - Saving checkpoint at 32000 iterations
2026-01-25 03:50:04,812 - hdvo - INFO - Iter [32000/40000]	lr: 1.046e-05, eta: 0:17:44, time: 0.148, data_time: 0.002, memory: 2228, lv0_smooth: 0.0019, lv0photo_stereo_r2lSM_ref: 0.0077, lv0struct_stereo_r2lSM_ref: 0.0329, lv0ddvo_photoloss_pre: 0.0095, lv0ddvo_structloss_pre: 0.0359, lv0ddvo_photoloss_next: 0.0081, lv0ddvo_structloss_next: 0.0300, loss: 0.1260
2026-01-25 03:50:11,493 - hdvo - INFO - Iter [32050/40000]	lr: 1.034e-05, eta: 0:17:37, time: 0.133, data_time: 0.003, memory: 2228, lv0_smooth: 0.0018, lv0photo_stereo_r2lSM_ref: 0.0069, lv0struct_stereo_r2lSM_ref: 0.0320, lv0ddvo_photoloss_pre: 0.0087, lv0ddvo_structloss_pre: 0.0351, lv0ddvo_photoloss_next: 0.0073, lv0ddvo_structloss_next: 0.0290, loss: 0.1208
2026-01-25 03:50:17,986 - hdvo - INFO - Iter [32100/40000]	lr: 1.023e-05, eta: 0:17:30, time: 0.130, data_time: 0.003, memory: 2228, lv0_smooth: 0.0018, lv0photo_stereo_r2lSM_ref: 0.0066, lv0struct_stereo_r2lSM_ref: 0.0317, lv0ddvo_photoloss_pre: 0.0082, lv0ddvo_structloss_pre: 0.0346, lv0ddvo_photoloss_next: 0.0077, lv0ddvo_structloss_next: 0.0292, loss: 0.1199
2026-01-25 03:50:24,665 - hdvo - INFO - Iter [32150/40000]	lr: 1.012e-05, eta: 0:17:24, time: 0.134, data_time: 0.003, memory: 2228, lv0_smooth: 0.0018, lv0photo_stereo_r2lSM_ref: 0.0068, lv0struct_stereo_r2lSM_ref: 0.0320, lv0ddvo_photoloss_pre: 0.0085, lv0ddvo_structloss_pre: 0.0349, lv0ddvo_photoloss_next: 0.0075, lv0ddvo_structloss_next: 0.0294, loss: 0.1209
2026-01-25 03:50:31,288 - hdvo - INFO - Iter [32200/40000]	lr: 1.000e-05, eta: 0:17:17, time: 0.132, data_time: 0.002, memory: 2228, lv0_smooth: 0.0019, lv0photo_stereo_r2lSM_ref: 0.0069, lv0struct_stereo_r2lSM_ref: 0.0319, lv0ddvo_photoloss_pre: 0.0087, lv0ddvo_structloss_pre: 0.0352, lv0ddvo_photoloss_next: 0.0074, lv0ddvo_structloss_next: 0.0291, loss: 0.1212
2026-01-25 03:50:37,948 - hdvo - INFO - Iter [32250/40000]	lr: 9.892e-06, eta: 0:17:11, time: 0.133, data_time: 0.003, memory: 2228, lv0_smooth: 0.0018, lv0photo_stereo_r2lSM_ref: 0.0068, lv0struct_stereo_r2lSM_ref: 0.0318, lv0ddvo_photoloss_pre: 0.0092, lv0ddvo_structloss_pre: 0.0354, lv0ddvo_photoloss_next: 0.0076, lv0ddvo_structloss_next: 0.0292, loss: 0.1219
2026-01-25 03:50:44,597 - hdvo - INFO - Iter [32300/40000]	lr: 9.782e-06, eta: 0:17:04, time: 0.133, data_time: 0.004, memory: 2228, lv0_smooth: 0.0019, lv0photo_stereo_r2lSM_ref: 0.0074, lv0struct_stereo_r2lSM_ref: 0.0325, lv0ddvo_photoloss_pre: 0.0090, lv0ddvo_structloss_pre: 0.0349, lv0ddvo_photoloss_next: 0.0082, lv0ddvo_structloss_next: 0.0297, loss: 0.1237
2026-01-25 03:50:51,275 - hdvo - INFO - Iter [32350/40000]	lr: 9.671e-06, eta: 0:16:57, time: 0.134, data_time: 0.005, memory: 2228, lv0_smooth: 0.0019, lv0photo_stereo_r2lSM_ref: 0.0070, lv0struct_stereo_r2lSM_ref: 0.0322, lv0ddvo_photoloss_pre: 0.0085, lv0ddvo_structloss_pre: 0.0351, lv0ddvo_photoloss_next: 0.0072, lv0ddvo_structloss_next: 0.0295, loss: 0.1213
2026-01-25 03:50:57,859 - hdvo - INFO - Iter [32400/40000]	lr: 9.562e-06, eta: 0:16:51, time: 0.132, data_time: 0.003, memory: 2228, lv0_smooth: 0.0018, lv0photo_stereo_r2lSM_ref: 0.0068, lv0struct_stereo_r2lSM_ref: 0.0318, lv0ddvo_photoloss_pre: 0.0083, lv0ddvo_structloss_pre: 0.0344, lv0ddvo_photoloss_next: 0.0071, lv0ddvo_structloss_next: 0.0285, loss: 0.1188
2026-01-25 03:51:04,551 - hdvo - INFO - Iter [32450/40000]	lr: 9.453e-06, eta: 0:16:44, time: 0.134, data_time: 0.003, memory: 2228, lv0_smooth: 0.0019, lv0photo_stereo_r2lSM_ref: 0.0069, lv0struct_stereo_r2lSM_ref: 0.0319, lv0ddvo_photoloss_pre: 0.0084, lv0ddvo_structloss_pre: 0.0345, lv0ddvo_photoloss_next: 0.0074, lv0ddvo_structloss_next: 0.0291, loss: 0.1201
2026-01-25 03:51:11,196 - hdvo - INFO - Iter [32500/40000]	lr: 9.344e-06, eta: 0:16:37, time: 0.133, data_time: 0.003, memory: 2228, lv0_smooth: 0.0019, lv0photo_stereo_r2lSM_ref: 0.0073, lv0struct_stereo_r2lSM_ref: 0.0324, lv0ddvo_photoloss_pre: 0.0098, lv0ddvo_structloss_pre: 0.0357, lv0ddvo_photoloss_next: 0.0085, lv0ddvo_structloss_next: 0.0303, loss: 0.1259
2026-01-25 03:51:17,886 - hdvo - INFO - Iter [32550/40000]	lr: 9.237e-06, eta: 0:16:31, time: 0.134, data_time: 0.003, memory: 2228, lv0_smooth: 0.0019, lv0photo_stereo_r2lSM_ref: 0.0068, lv0struct_stereo_r2lSM_ref: 0.0319, lv0ddvo_photoloss_pre: 0.0084, lv0ddvo_structloss_pre: 0.0348, lv0ddvo_photoloss_next: 0.0072, lv0ddvo_structloss_next: 0.0292, loss: 0.1201
2026-01-25 03:51:24,474 - hdvo - INFO - Iter [32600/40000]	lr: 9.130e-06, eta: 0:16:24, time: 0.132, data_time: 0.003, memory: 2228, lv0_smooth: 0.0019, lv0photo_stereo_r2lSM_ref: 0.0071, lv0struct_stereo_r2lSM_ref: 0.0325, lv0ddvo_photoloss_pre: 0.0093, lv0ddvo_structloss_pre: 0.0358, lv0ddvo_photoloss_next: 0.0080, lv0ddvo_structloss_next: 0.0302, loss: 0.1249
2026-01-25 03:51:31,104 - hdvo - INFO - Iter [32650/40000]	lr: 9.023e-06, eta: 0:16:17, time: 0.132, data_time: 0.002, memory: 2228, lv0_smooth: 0.0019, lv0photo_stereo_r2lSM_ref: 0.0069, lv0struct_stereo_r2lSM_ref: 0.0320, lv0ddvo_photoloss_pre: 0.0086, lv0ddvo_structloss_pre: 0.0349, lv0ddvo_photoloss_next: 0.0076, lv0ddvo_structloss_next: 0.0293, loss: 0.1212
2026-01-25 03:51:37,705 - hdvo - INFO - Iter [32700/40000]	lr: 8.917e-06, eta: 0:16:11, time: 0.132, data_time: 0.003, memory: 2228, lv0_smooth: 0.0019, lv0photo_stereo_r2lSM_ref: 0.0067, lv0struct_stereo_r2lSM_ref: 0.0317, lv0ddvo_photoloss_pre: 0.0081, lv0ddvo_structloss_pre: 0.0349, lv0ddvo_photoloss_next: 0.0070, lv0ddvo_structloss_next: 0.0292, loss: 0.1195
2026-01-25 03:51:44,387 - hdvo - INFO - Iter [32750/40000]	lr: 8.812e-06, eta: 0:16:04, time: 0.134, data_time: 0.004, memory: 2228, lv0_smooth: 0.0019, lv0photo_stereo_r2lSM_ref: 0.0071, lv0struct_stereo_r2lSM_ref: 0.0323, lv0ddvo_photoloss_pre: 0.0086, lv0ddvo_structloss_pre: 0.0350, lv0ddvo_photoloss_next: 0.0074, lv0ddvo_structloss_next: 0.0294, loss: 0.1218
2026-01-25 03:51:50,930 - hdvo - INFO - Iter [32800/40000]	lr: 8.708e-06, eta: 0:15:57, time: 0.131, data_time: 0.004, memory: 2228, lv0_smooth: 0.0019, lv0photo_stereo_r2lSM_ref: 0.0069, lv0struct_stereo_r2lSM_ref: 0.0318, lv0ddvo_photoloss_pre: 0.0080, lv0ddvo_structloss_pre: 0.0345, lv0ddvo_photoloss_next: 0.0074, lv0ddvo_structloss_next: 0.0294, loss: 0.1199
2026-01-25 03:51:57,602 - hdvo - INFO - Iter [32850/40000]	lr: 8.604e-06, eta: 0:15:51, time: 0.133, data_time: 0.003, memory: 2228, lv0_smooth: 0.0019, lv0photo_stereo_r2lSM_ref: 0.0070, lv0struct_stereo_r2lSM_ref: 0.0321, lv0ddvo_photoloss_pre: 0.0083, lv0ddvo_structloss_pre: 0.0348, lv0ddvo_photoloss_next: 0.0073, lv0ddvo_structloss_next: 0.0294, loss: 0.1208
2026-01-25 03:52:04,213 - hdvo - INFO - Iter [32900/40000]	lr: 8.501e-06, eta: 0:15:44, time: 0.132, data_time: 0.003, memory: 2228, lv0_smooth: 0.0018, lv0photo_stereo_r2lSM_ref: 0.0071, lv0struct_stereo_r2lSM_ref: 0.0319, lv0ddvo_photoloss_pre: 0.0090, lv0ddvo_structloss_pre: 0.0352, lv0ddvo_photoloss_next: 0.0077, lv0ddvo_structloss_next: 0.0292, loss: 0.1219
2026-01-25 03:52:10,876 - hdvo - INFO - Iter [32950/40000]	lr: 8.398e-06, eta: 0:15:37, time: 0.133, data_time: 0.004, memory: 2228, lv0_smooth: 0.0018, lv0photo_stereo_r2lSM_ref: 0.0067, lv0struct_stereo_r2lSM_ref: 0.0315, lv0ddvo_photoloss_pre: 0.0084, lv0ddvo_structloss_pre: 0.0342, lv0ddvo_photoloss_next: 0.0072, lv0ddvo_structloss_next: 0.0289, loss: 0.1188
2026-01-25 03:52:17,569 - hdvo - INFO - Iter [33000/40000]	lr: 8.296e-06, eta: 0:15:31, time: 0.134, data_time: 0.003, memory: 2228, lv0_smooth: 0.0019, lv0photo_stereo_r2lSM_ref: 0.0072, lv0struct_stereo_r2lSM_ref: 0.0323, lv0ddvo_photoloss_pre: 0.0085, lv0ddvo_structloss_pre: 0.0352, lv0ddvo_photoloss_next: 0.0072, lv0ddvo_structloss_next: 0.0293, loss: 0.1215
2026-01-25 03:52:24,285 - hdvo - INFO - Iter [33050/40000]	lr: 8.195e-06, eta: 0:15:24, time: 0.134, data_time: 0.003, memory: 2228, lv0_smooth: 0.0018, lv0photo_stereo_r2lSM_ref: 0.0068, lv0struct_stereo_r2lSM_ref: 0.0317, lv0ddvo_photoloss_pre: 0.0085, lv0ddvo_structloss_pre: 0.0349, lv0ddvo_photoloss_next: 0.0076, lv0ddvo_structloss_next: 0.0293, loss: 0.1207
2026-01-25 03:52:30,895 - hdvo - INFO - Iter [33100/40000]	lr: 8.094e-06, eta: 0:15:17, time: 0.132, data_time: 0.003, memory: 2228, lv0_smooth: 0.0018, lv0photo_stereo_r2lSM_ref: 0.0072, lv0struct_stereo_r2lSM_ref: 0.0323, lv0ddvo_photoloss_pre: 0.0089, lv0ddvo_structloss_pre: 0.0355, lv0ddvo_photoloss_next: 0.0077, lv0ddvo_structloss_next: 0.0297, loss: 0.1232
2026-01-25 03:52:37,595 - hdvo - INFO - Iter [33150/40000]	lr: 7.995e-06, eta: 0:15:11, time: 0.134, data_time: 0.003, memory: 2228, lv0_smooth: 0.0018, lv0photo_stereo_r2lSM_ref: 0.0070, lv0struct_stereo_r2lSM_ref: 0.0320, lv0ddvo_photoloss_pre: 0.0091, lv0ddvo_structloss_pre: 0.0353, lv0ddvo_photoloss_next: 0.0076, lv0ddvo_structloss_next: 0.0292, loss: 0.1221
2026-01-25 03:52:44,234 - hdvo - INFO - Iter [33200/40000]	lr: 7.895e-06, eta: 0:15:04, time: 0.132, data_time: 0.003, memory: 2228, lv0_smooth: 0.0018, lv0photo_stereo_r2lSM_ref: 0.0069, lv0struct_stereo_r2lSM_ref: 0.0322, lv0ddvo_photoloss_pre: 0.0088, lv0ddvo_structloss_pre: 0.0356, lv0ddvo_photoloss_next: 0.0078, lv0ddvo_structloss_next: 0.0298, loss: 0.1230
2026-01-25 03:52:50,903 - hdvo - INFO - Iter [33250/40000]	lr: 7.797e-06, eta: 0:14:57, time: 0.134, data_time: 0.003, memory: 2228, lv0_smooth: 0.0018, lv0photo_stereo_r2lSM_ref: 0.0067, lv0struct_stereo_r2lSM_ref: 0.0318, lv0ddvo_photoloss_pre: 0.0082, lv0ddvo_structloss_pre: 0.0346, lv0ddvo_photoloss_next: 0.0069, lv0ddvo_structloss_next: 0.0289, loss: 0.1189
2026-01-25 03:52:57,502 - hdvo - INFO - Iter [33300/40000]	lr: 7.699e-06, eta: 0:14:51, time: 0.132, data_time: 0.004, memory: 2228, lv0_smooth: 0.0019, lv0photo_stereo_r2lSM_ref: 0.0070, lv0struct_stereo_r2lSM_ref: 0.0323, lv0ddvo_photoloss_pre: 0.0080, lv0ddvo_structloss_pre: 0.0346, lv0ddvo_photoloss_next: 0.0070, lv0ddvo_structloss_next: 0.0291, loss: 0.1198
2026-01-25 03:53:04,155 - hdvo - INFO - Iter [33350/40000]	lr: 7.601e-06, eta: 0:14:44, time: 0.133, data_time: 0.003, memory: 2228, lv0_smooth: 0.0018, lv0photo_stereo_r2lSM_ref: 0.0071, lv0struct_stereo_r2lSM_ref: 0.0321, lv0ddvo_photoloss_pre: 0.0084, lv0ddvo_structloss_pre: 0.0348, lv0ddvo_photoloss_next: 0.0072, lv0ddvo_structloss_next: 0.0295, loss: 0.1209
2026-01-25 03:53:10,787 - hdvo - INFO - Iter [33400/40000]	lr: 7.505e-06, eta: 0:14:37, time: 0.133, data_time: 0.004, memory: 2228, lv0_smooth: 0.0018, lv0photo_stereo_r2lSM_ref: 0.0066, lv0struct_stereo_r2lSM_ref: 0.0315, lv0ddvo_photoloss_pre: 0.0080, lv0ddvo_structloss_pre: 0.0338, lv0ddvo_photoloss_next: 0.0067, lv0ddvo_structloss_next: 0.0283, loss: 0.1166
2026-01-25 03:53:17,386 - hdvo - INFO - Iter [33450/40000]	lr: 7.409e-06, eta: 0:14:31, time: 0.132, data_time: 0.003, memory: 2228, lv0_smooth: 0.0018, lv0photo_stereo_r2lSM_ref: 0.0067, lv0struct_stereo_r2lSM_ref: 0.0318, lv0ddvo_photoloss_pre: 0.0077, lv0ddvo_structloss_pre: 0.0341, lv0ddvo_photoloss_next: 0.0071, lv0ddvo_structloss_next: 0.0287, loss: 0.1179
2026-01-25 03:53:23,959 - hdvo - INFO - Iter [33500/40000]	lr: 7.313e-06, eta: 0:14:24, time: 0.131, data_time: 0.003, memory: 2228, lv0_smooth: 0.0018, lv0photo_stereo_r2lSM_ref: 0.0067, lv0struct_stereo_r2lSM_ref: 0.0321, lv0ddvo_photoloss_pre: 0.0089, lv0ddvo_structloss_pre: 0.0351, lv0ddvo_photoloss_next: 0.0076, lv0ddvo_structloss_next: 0.0294, loss: 0.1216
2026-01-25 03:53:30,560 - hdvo - INFO - Iter [33550/40000]	lr: 7.219e-06, eta: 0:14:18, time: 0.132, data_time: 0.003, memory: 2228, lv0_smooth: 0.0018, lv0photo_stereo_r2lSM_ref: 0.0068, lv0struct_stereo_r2lSM_ref: 0.0317, lv0ddvo_photoloss_pre: 0.0078, lv0ddvo_structloss_pre: 0.0342, lv0ddvo_photoloss_next: 0.0069, lv0ddvo_structloss_next: 0.0290, loss: 0.1183
2026-01-25 03:53:37,436 - hdvo - INFO - Iter [33600/40000]	lr: 7.125e-06, eta: 0:14:11, time: 0.137, data_time: 0.003, memory: 2228, lv0_smooth: 0.0019, lv0photo_stereo_r2lSM_ref: 0.0073, lv0struct_stereo_r2lSM_ref: 0.0324, lv0ddvo_photoloss_pre: 0.0090, lv0ddvo_structloss_pre: 0.0347, lv0ddvo_photoloss_next: 0.0078, lv0ddvo_structloss_next: 0.0294, loss: 0.1224
2026-01-25 03:53:44,193 - hdvo - INFO - Iter [33650/40000]	lr: 7.031e-06, eta: 0:14:04, time: 0.135, data_time: 0.002, memory: 2228, lv0_smooth: 0.0019, lv0photo_stereo_r2lSM_ref: 0.0068, lv0struct_stereo_r2lSM_ref: 0.0317, lv0ddvo_photoloss_pre: 0.0086, lv0ddvo_structloss_pre: 0.0348, lv0ddvo_photoloss_next: 0.0076, lv0ddvo_structloss_next: 0.0298, loss: 0.1213
2026-01-25 03:53:50,679 - hdvo - INFO - Iter [33700/40000]	lr: 6.939e-06, eta: 0:13:58, time: 0.130, data_time: 0.003, memory: 2228, lv0_smooth: 0.0019, lv0photo_stereo_r2lSM_ref: 0.0069, lv0struct_stereo_r2lSM_ref: 0.0321, lv0ddvo_photoloss_pre: 0.0086, lv0ddvo_structloss_pre: 0.0352, lv0ddvo_photoloss_next: 0.0069, lv0ddvo_structloss_next: 0.0291, loss: 0.1208
2026-01-25 03:53:57,265 - hdvo - INFO - Iter [33750/40000]	lr: 6.847e-06, eta: 0:13:51, time: 0.132, data_time: 0.004, memory: 2228, lv0_smooth: 0.0019, lv0photo_stereo_r2lSM_ref: 0.0072, lv0struct_stereo_r2lSM_ref: 0.0324, lv0ddvo_photoloss_pre: 0.0085, lv0ddvo_structloss_pre: 0.0348, lv0ddvo_photoloss_next: 0.0074, lv0ddvo_structloss_next: 0.0294, loss: 0.1216
2026-01-25 03:54:03,920 - hdvo - INFO - Iter [33800/40000]	lr: 6.755e-06, eta: 0:13:44, time: 0.133, data_time: 0.004, memory: 2228, lv0_smooth: 0.0018, lv0photo_stereo_r2lSM_ref: 0.0068, lv0struct_stereo_r2lSM_ref: 0.0318, lv0ddvo_photoloss_pre: 0.0093, lv0ddvo_structloss_pre: 0.0357, lv0ddvo_photoloss_next: 0.0078, lv0ddvo_structloss_next: 0.0298, loss: 0.1230
2026-01-25 03:54:10,415 - hdvo - INFO - Iter [33850/40000]	lr: 6.665e-06, eta: 0:13:38, time: 0.130, data_time: 0.003, memory: 2228, lv0_smooth: 0.0019, lv0photo_stereo_r2lSM_ref: 0.0073, lv0struct_stereo_r2lSM_ref: 0.0324, lv0ddvo_photoloss_pre: 0.0086, lv0ddvo_structloss_pre: 0.0348, lv0ddvo_photoloss_next: 0.0075, lv0ddvo_structloss_next: 0.0292, loss: 0.1216
2026-01-25 03:54:16,920 - hdvo - INFO - Iter [33900/40000]	lr: 6.575e-06, eta: 0:13:31, time: 0.130, data_time: 0.003, memory: 2228, lv0_smooth: 0.0019, lv0photo_stereo_r2lSM_ref: 0.0071, lv0struct_stereo_r2lSM_ref: 0.0322, lv0ddvo_photoloss_pre: 0.0078, lv0ddvo_structloss_pre: 0.0346, lv0ddvo_photoloss_next: 0.0072, lv0ddvo_structloss_next: 0.0295, loss: 0.1203
2026-01-25 03:54:23,424 - hdvo - INFO - Iter [33950/40000]	lr: 6.486e-06, eta: 0:13:24, time: 0.130, data_time: 0.004, memory: 2228, lv0_smooth: 0.0018, lv0photo_stereo_r2lSM_ref: 0.0073, lv0struct_stereo_r2lSM_ref: 0.0324, lv0ddvo_photoloss_pre: 0.0097, lv0ddvo_structloss_pre: 0.0358, lv0ddvo_photoloss_next: 0.0087, lv0ddvo_structloss_next: 0.0300, loss: 0.1257
2026-01-25 03:54:30,001 - hdvo - INFO - Iter [34000/40000]	lr: 6.397e-06, eta: 0:13:18, time: 0.132, data_time: 0.003, memory: 2228, lv0_smooth: 0.0019, lv0photo_stereo_r2lSM_ref: 0.0071, lv0struct_stereo_r2lSM_ref: 0.0320, lv0ddvo_photoloss_pre: 0.0088, lv0ddvo_structloss_pre: 0.0352, lv0ddvo_photoloss_next: 0.0077, lv0ddvo_structloss_next: 0.0297, loss: 0.1224
2026-01-25 03:54:36,625 - hdvo - INFO - Iter [34050/40000]	lr: 6.309e-06, eta: 0:13:11, time: 0.132, data_time: 0.004, memory: 2228, lv0_smooth: 0.0018, lv0photo_stereo_r2lSM_ref: 0.0073, lv0struct_stereo_r2lSM_ref: 0.0324, lv0ddvo_photoloss_pre: 0.0090, lv0ddvo_structloss_pre: 0.0352, lv0ddvo_photoloss_next: 0.0075, lv0ddvo_structloss_next: 0.0295, loss: 0.1227
2026-01-25 03:54:43,083 - hdvo - INFO - Iter [34100/40000]	lr: 6.222e-06, eta: 0:13:04, time: 0.129, data_time: 0.003, memory: 2228, lv0_smooth: 0.0019, lv0photo_stereo_r2lSM_ref: 0.0069, lv0struct_stereo_r2lSM_ref: 0.0322, lv0ddvo_photoloss_pre: 0.0082, lv0ddvo_structloss_pre: 0.0348, lv0ddvo_photoloss_next: 0.0071, lv0ddvo_structloss_next: 0.0292, loss: 0.1202
2026-01-25 03:54:49,636 - hdvo - INFO - Iter [34150/40000]	lr: 6.135e-06, eta: 0:12:58, time: 0.131, data_time: 0.003, memory: 2228, lv0_smooth: 0.0019, lv0photo_stereo_r2lSM_ref: 0.0067, lv0struct_stereo_r2lSM_ref: 0.0320, lv0ddvo_photoloss_pre: 0.0090, lv0ddvo_structloss_pre: 0.0357, lv0ddvo_photoloss_next: 0.0076, lv0ddvo_structloss_next: 0.0297, loss: 0.1225
2026-01-25 03:54:56,224 - hdvo - INFO - Iter [34200/40000]	lr: 6.049e-06, eta: 0:12:51, time: 0.132, data_time: 0.004, memory: 2228, lv0_smooth: 0.0018, lv0photo_stereo_r2lSM_ref: 0.0067, lv0struct_stereo_r2lSM_ref: 0.0315, lv0ddvo_photoloss_pre: 0.0078, lv0ddvo_structloss_pre: 0.0340, lv0ddvo_photoloss_next: 0.0064, lv0ddvo_structloss_next: 0.0281, loss: 0.1163
2026-01-25 03:55:02,801 - hdvo - INFO - Iter [34250/40000]	lr: 5.964e-06, eta: 0:12:44, time: 0.132, data_time: 0.004, memory: 2228, lv0_smooth: 0.0018, lv0photo_stereo_r2lSM_ref: 0.0069, lv0struct_stereo_r2lSM_ref: 0.0318, lv0ddvo_photoloss_pre: 0.0083, lv0ddvo_structloss_pre: 0.0347, lv0ddvo_photoloss_next: 0.0072, lv0ddvo_structloss_next: 0.0293, loss: 0.1199
2026-01-25 03:55:09,402 - hdvo - INFO - Iter [34300/40000]	lr: 5.880e-06, eta: 0:12:38, time: 0.132, data_time: 0.004, memory: 2228, lv0_smooth: 0.0018, lv0photo_stereo_r2lSM_ref: 0.0068, lv0struct_stereo_r2lSM_ref: 0.0319, lv0ddvo_photoloss_pre: 0.0083, lv0ddvo_structloss_pre: 0.0342, lv0ddvo_photoloss_next: 0.0072, lv0ddvo_structloss_next: 0.0289, loss: 0.1190
2026-01-25 03:55:15,948 - hdvo - INFO - Iter [34350/40000]	lr: 5.796e-06, eta: 0:12:31, time: 0.131, data_time: 0.003, memory: 2228, lv0_smooth: 0.0018, lv0photo_stereo_r2lSM_ref: 0.0068, lv0struct_stereo_r2lSM_ref: 0.0318, lv0ddvo_photoloss_pre: 0.0087, lv0ddvo_structloss_pre: 0.0352, lv0ddvo_photoloss_next: 0.0074, lv0ddvo_structloss_next: 0.0296, loss: 0.1212
2026-01-25 03:55:22,519 - hdvo - INFO - Iter [34400/40000]	lr: 5.713e-06, eta: 0:12:24, time: 0.131, data_time: 0.004, memory: 2228, lv0_smooth: 0.0018, lv0photo_stereo_r2lSM_ref: 0.0066, lv0struct_stereo_r2lSM_ref: 0.0316, lv0ddvo_photoloss_pre: 0.0081, lv0ddvo_structloss_pre: 0.0346, lv0ddvo_photoloss_next: 0.0074, lv0ddvo_structloss_next: 0.0293, loss: 0.1194
2026-01-25 03:55:29,161 - hdvo - INFO - Iter [34450/40000]	lr: 5.630e-06, eta: 0:12:18, time: 0.133, data_time: 0.004, memory: 2228, lv0_smooth: 0.0018, lv0photo_stereo_r2lSM_ref: 0.0070, lv0struct_stereo_r2lSM_ref: 0.0321, lv0ddvo_photoloss_pre: 0.0087, lv0ddvo_structloss_pre: 0.0350, lv0ddvo_photoloss_next: 0.0075, lv0ddvo_structloss_next: 0.0294, loss: 0.1215
2026-01-25 03:55:35,799 - hdvo - INFO - Iter [34500/40000]	lr: 5.549e-06, eta: 0:12:11, time: 0.132, data_time: 0.003, memory: 2228, lv0_smooth: 0.0018, lv0photo_stereo_r2lSM_ref: 0.0069, lv0struct_stereo_r2lSM_ref: 0.0317, lv0ddvo_photoloss_pre: 0.0091, lv0ddvo_structloss_pre: 0.0349, lv0ddvo_photoloss_next: 0.0074, lv0ddvo_structloss_next: 0.0288, loss: 0.1207
2026-01-25 03:55:42,285 - hdvo - INFO - Iter [34550/40000]	lr: 5.467e-06, eta: 0:12:04, time: 0.130, data_time: 0.004, memory: 2228, lv0_smooth: 0.0019, lv0photo_stereo_r2lSM_ref: 0.0071, lv0struct_stereo_r2lSM_ref: 0.0319, lv0ddvo_photoloss_pre: 0.0088, lv0ddvo_structloss_pre: 0.0345, lv0ddvo_photoloss_next: 0.0069, lv0ddvo_structloss_next: 0.0284, loss: 0.1195
2026-01-25 03:55:48,908 - hdvo - INFO - Iter [34600/40000]	lr: 5.387e-06, eta: 0:11:58, time: 0.133, data_time: 0.003, memory: 2228, lv0_smooth: 0.0018, lv0photo_stereo_r2lSM_ref: 0.0066, lv0struct_stereo_r2lSM_ref: 0.0321, lv0ddvo_photoloss_pre: 0.0081, lv0ddvo_structloss_pre: 0.0352, lv0ddvo_photoloss_next: 0.0069, lv0ddvo_structloss_next: 0.0294, loss: 0.1201
2026-01-25 03:55:55,520 - hdvo - INFO - Iter [34650/40000]	lr: 5.307e-06, eta: 0:11:51, time: 0.132, data_time: 0.003, memory: 2228, lv0_smooth: 0.0018, lv0photo_stereo_r2lSM_ref: 0.0069, lv0struct_stereo_r2lSM_ref: 0.0320, lv0ddvo_photoloss_pre: 0.0078, lv0ddvo_structloss_pre: 0.0346, lv0ddvo_photoloss_next: 0.0070, lv0ddvo_structloss_next: 0.0292, loss: 0.1194
2026-01-25 03:56:02,061 - hdvo - INFO - Iter [34700/40000]	lr: 5.229e-06, eta: 0:11:44, time: 0.131, data_time: 0.003, memory: 2228, lv0_smooth: 0.0018, lv0photo_stereo_r2lSM_ref: 0.0070, lv0struct_stereo_r2lSM_ref: 0.0319, lv0ddvo_photoloss_pre: 0.0083, lv0ddvo_structloss_pre: 0.0350, lv0ddvo_photoloss_next: 0.0073, lv0ddvo_structloss_next: 0.0291, loss: 0.1204
2026-01-25 03:56:08,690 - hdvo - INFO - Iter [34750/40000]	lr: 5.150e-06, eta: 0:11:38, time: 0.133, data_time: 0.004, memory: 2228, lv0_smooth: 0.0018, lv0photo_stereo_r2lSM_ref: 0.0068, lv0struct_stereo_r2lSM_ref: 0.0319, lv0ddvo_photoloss_pre: 0.0085, lv0ddvo_structloss_pre: 0.0347, lv0ddvo_photoloss_next: 0.0073, lv0ddvo_structloss_next: 0.0289, loss: 0.1201
2026-01-25 03:56:15,249 - hdvo - INFO - Iter [34800/40000]	lr: 5.073e-06, eta: 0:11:31, time: 0.131, data_time: 0.003, memory: 2228, lv0_smooth: 0.0018, lv0photo_stereo_r2lSM_ref: 0.0070, lv0struct_stereo_r2lSM_ref: 0.0321, lv0ddvo_photoloss_pre: 0.0085, lv0ddvo_structloss_pre: 0.0352, lv0ddvo_photoloss_next: 0.0072, lv0ddvo_structloss_next: 0.0294, loss: 0.1213
2026-01-25 03:56:21,781 - hdvo - INFO - Iter [34850/40000]	lr: 4.996e-06, eta: 0:11:24, time: 0.131, data_time: 0.003, memory: 2228, lv0_smooth: 0.0019, lv0photo_stereo_r2lSM_ref: 0.0066, lv0struct_stereo_r2lSM_ref: 0.0318, lv0ddvo_photoloss_pre: 0.0085, lv0ddvo_structloss_pre: 0.0355, lv0ddvo_photoloss_next: 0.0074, lv0ddvo_structloss_next: 0.0299, loss: 0.1215
2026-01-25 03:56:28,350 - hdvo - INFO - Iter [34900/40000]	lr: 4.920e-06, eta: 0:11:18, time: 0.131, data_time: 0.003, memory: 2228, lv0_smooth: 0.0019, lv0photo_stereo_r2lSM_ref: 0.0071, lv0struct_stereo_r2lSM_ref: 0.0323, lv0ddvo_photoloss_pre: 0.0088, lv0ddvo_structloss_pre: 0.0352, lv0ddvo_photoloss_next: 0.0075, lv0ddvo_structloss_next: 0.0293, loss: 0.1220
2026-01-25 03:56:34,922 - hdvo - INFO - Iter [34950/40000]	lr: 4.844e-06, eta: 0:11:11, time: 0.131, data_time: 0.003, memory: 2228, lv0_smooth: 0.0018, lv0photo_stereo_r2lSM_ref: 0.0069, lv0struct_stereo_r2lSM_ref: 0.0320, lv0ddvo_photoloss_pre: 0.0084, lv0ddvo_structloss_pre: 0.0349, lv0ddvo_photoloss_next: 0.0072, lv0ddvo_structloss_next: 0.0296, loss: 0.1209
2026-01-25 03:56:41,546 - hdvo - INFO - Iter [35000/40000]	lr: 4.769e-06, eta: 0:11:04, time: 0.133, data_time: 0.003, memory: 2228, lv0_smooth: 0.0018, lv0photo_stereo_r2lSM_ref: 0.0073, lv0struct_stereo_r2lSM_ref: 0.0324, lv0ddvo_photoloss_pre: 0.0095, lv0ddvo_structloss_pre: 0.0356, lv0ddvo_photoloss_next: 0.0081, lv0ddvo_structloss_next: 0.0301, loss: 0.1247
2026-01-25 03:56:48,085 - hdvo - INFO - Iter [35050/40000]	lr: 4.695e-06, eta: 0:10:58, time: 0.131, data_time: 0.003, memory: 2228, lv0_smooth: 0.0018, lv0photo_stereo_r2lSM_ref: 0.0070, lv0struct_stereo_r2lSM_ref: 0.0322, lv0ddvo_photoloss_pre: 0.0089, lv0ddvo_structloss_pre: 0.0351, lv0ddvo_photoloss_next: 0.0077, lv0ddvo_structloss_next: 0.0297, loss: 0.1225
2026-01-25 03:56:54,647 - hdvo - INFO - Iter [35100/40000]	lr: 4.622e-06, eta: 0:10:51, time: 0.132, data_time: 0.003, memory: 2228, lv0_smooth: 0.0018, lv0photo_stereo_r2lSM_ref: 0.0069, lv0struct_stereo_r2lSM_ref: 0.0321, lv0ddvo_photoloss_pre: 0.0083, lv0ddvo_structloss_pre: 0.0349, lv0ddvo_photoloss_next: 0.0074, lv0ddvo_structloss_next: 0.0295, loss: 0.1209
2026-01-25 03:57:01,156 - hdvo - INFO - Iter [35150/40000]	lr: 4.549e-06, eta: 0:10:44, time: 0.130, data_time: 0.004, memory: 2228, lv0_smooth: 0.0018, lv0photo_stereo_r2lSM_ref: 0.0069, lv0struct_stereo_r2lSM_ref: 0.0322, lv0ddvo_photoloss_pre: 0.0088, lv0ddvo_structloss_pre: 0.0350, lv0ddvo_photoloss_next: 0.0078, lv0ddvo_structloss_next: 0.0297, loss: 0.1222
2026-01-25 03:57:07,737 - hdvo - INFO - Iter [35200/40000]	lr: 4.477e-06, eta: 0:10:38, time: 0.132, data_time: 0.003, memory: 2228, lv0_smooth: 0.0019, lv0photo_stereo_r2lSM_ref: 0.0069, lv0struct_stereo_r2lSM_ref: 0.0321, lv0ddvo_photoloss_pre: 0.0078, lv0ddvo_structloss_pre: 0.0344, lv0ddvo_photoloss_next: 0.0074, lv0ddvo_structloss_next: 0.0296, loss: 0.1200
2026-01-25 03:57:14,262 - hdvo - INFO - Iter [35250/40000]	lr: 4.406e-06, eta: 0:10:31, time: 0.130, data_time: 0.004, memory: 2228, lv0_smooth: 0.0018, lv0photo_stereo_r2lSM_ref: 0.0072, lv0struct_stereo_r2lSM_ref: 0.0323, lv0ddvo_photoloss_pre: 0.0090, lv0ddvo_structloss_pre: 0.0355, lv0ddvo_photoloss_next: 0.0083, lv0ddvo_structloss_next: 0.0296, loss: 0.1237
2026-01-25 03:57:20,786 - hdvo - INFO - Iter [35300/40000]	lr: 4.336e-06, eta: 0:10:24, time: 0.130, data_time: 0.003, memory: 2228, lv0_smooth: 0.0019, lv0photo_stereo_r2lSM_ref: 0.0070, lv0struct_stereo_r2lSM_ref: 0.0322, lv0ddvo_photoloss_pre: 0.0083, lv0ddvo_structloss_pre: 0.0350, lv0ddvo_photoloss_next: 0.0074, lv0ddvo_structloss_next: 0.0298, loss: 0.1215
2026-01-25 03:57:27,316 - hdvo - INFO - Iter [35350/40000]	lr: 4.266e-06, eta: 0:10:18, time: 0.131, data_time: 0.003, memory: 2228, lv0_smooth: 0.0018, lv0photo_stereo_r2lSM_ref: 0.0064, lv0struct_stereo_r2lSM_ref: 0.0316, lv0ddvo_photoloss_pre: 0.0087, lv0ddvo_structloss_pre: 0.0349, lv0ddvo_photoloss_next: 0.0073, lv0ddvo_structloss_next: 0.0289, loss: 0.1197
2026-01-25 03:57:34,019 - hdvo - INFO - Iter [35400/40000]	lr: 4.197e-06, eta: 0:10:11, time: 0.134, data_time: 0.003, memory: 2228, lv0_smooth: 0.0019, lv0photo_stereo_r2lSM_ref: 0.0070, lv0struct_stereo_r2lSM_ref: 0.0321, lv0ddvo_photoloss_pre: 0.0086, lv0ddvo_structloss_pre: 0.0350, lv0ddvo_photoloss_next: 0.0073, lv0ddvo_structloss_next: 0.0293, loss: 0.1213
2026-01-25 03:57:40,611 - hdvo - INFO - Iter [35450/40000]	lr: 4.129e-06, eta: 0:10:04, time: 0.132, data_time: 0.003, memory: 2228, lv0_smooth: 0.0018, lv0photo_stereo_r2lSM_ref: 0.0073, lv0struct_stereo_r2lSM_ref: 0.0323, lv0ddvo_photoloss_pre: 0.0095, lv0ddvo_structloss_pre: 0.0354, lv0ddvo_photoloss_next: 0.0083, lv0ddvo_structloss_next: 0.0299, loss: 0.1246
2026-01-25 03:57:47,217 - hdvo - INFO - Iter [35500/40000]	lr: 4.061e-06, eta: 0:09:58, time: 0.132, data_time: 0.003, memory: 2228, lv0_smooth: 0.0018, lv0photo_stereo_r2lSM_ref: 0.0066, lv0struct_stereo_r2lSM_ref: 0.0316, lv0ddvo_photoloss_pre: 0.0080, lv0ddvo_structloss_pre: 0.0340, lv0ddvo_photoloss_next: 0.0072, lv0ddvo_structloss_next: 0.0287, loss: 0.1178
2026-01-25 03:57:53,766 - hdvo - INFO - Iter [35550/40000]	lr: 3.994e-06, eta: 0:09:51, time: 0.131, data_time: 0.004, memory: 2228, lv0_smooth: 0.0018, lv0photo_stereo_r2lSM_ref: 0.0069, lv0struct_stereo_r2lSM_ref: 0.0319, lv0ddvo_photoloss_pre: 0.0077, lv0ddvo_structloss_pre: 0.0339, lv0ddvo_photoloss_next: 0.0068, lv0ddvo_structloss_next: 0.0287, loss: 0.1175
2026-01-25 03:58:00,337 - hdvo - INFO - Iter [35600/40000]	lr: 3.928e-06, eta: 0:09:44, time: 0.131, data_time: 0.004, memory: 2228, lv0_smooth: 0.0018, lv0photo_stereo_r2lSM_ref: 0.0069, lv0struct_stereo_r2lSM_ref: 0.0322, lv0ddvo_photoloss_pre: 0.0080, lv0ddvo_structloss_pre: 0.0348, lv0ddvo_photoloss_next: 0.0071, lv0ddvo_structloss_next: 0.0292, loss: 0.1200
2026-01-25 03:58:06,946 - hdvo - INFO - Iter [35650/40000]	lr: 3.862e-06, eta: 0:09:38, time: 0.132, data_time: 0.003, memory: 2228, lv0_smooth: 0.0019, lv0photo_stereo_r2lSM_ref: 0.0069, lv0struct_stereo_r2lSM_ref: 0.0323, lv0ddvo_photoloss_pre: 0.0086, lv0ddvo_structloss_pre: 0.0352, lv0ddvo_photoloss_next: 0.0075, lv0ddvo_structloss_next: 0.0295, loss: 0.1219
2026-01-25 03:58:15,929 - hdvo - INFO - Iter [35700/40000]	lr: 3.797e-06, eta: 0:09:31, time: 0.180, data_time: 0.059, memory: 2228, lv0_smooth: 0.0019, lv0photo_stereo_r2lSM_ref: 0.0068, lv0struct_stereo_r2lSM_ref: 0.0322, lv0ddvo_photoloss_pre: 0.0083, lv0ddvo_structloss_pre: 0.0352, lv0ddvo_photoloss_next: 0.0068, lv0ddvo_structloss_next: 0.0295, loss: 0.1207
2026-01-25 03:58:22,684 - hdvo - INFO - Iter [35750/40000]	lr: 3.733e-06, eta: 0:09:25, time: 0.135, data_time: 0.004, memory: 2228, lv0_smooth: 0.0019, lv0photo_stereo_r2lSM_ref: 0.0068, lv0struct_stereo_r2lSM_ref: 0.0318, lv0ddvo_photoloss_pre: 0.0085, lv0ddvo_structloss_pre: 0.0347, lv0ddvo_photoloss_next: 0.0072, lv0ddvo_structloss_next: 0.0289, loss: 0.1198
2026-01-25 03:58:29,439 - hdvo - INFO - Iter [35800/40000]	lr: 3.670e-06, eta: 0:09:18, time: 0.135, data_time: 0.004, memory: 2228, lv0_smooth: 0.0018, lv0photo_stereo_r2lSM_ref: 0.0070, lv0struct_stereo_r2lSM_ref: 0.0326, lv0ddvo_photoloss_pre: 0.0081, lv0ddvo_structloss_pre: 0.0354, lv0ddvo_photoloss_next: 0.0074, lv0ddvo_structloss_next: 0.0298, loss: 0.1222
2026-01-25 03:58:36,033 - hdvo - INFO - Iter [35850/40000]	lr: 3.607e-06, eta: 0:09:11, time: 0.132, data_time: 0.003, memory: 2228, lv0_smooth: 0.0018, lv0photo_stereo_r2lSM_ref: 0.0068, lv0struct_stereo_r2lSM_ref: 0.0319, lv0ddvo_photoloss_pre: 0.0090, lv0ddvo_structloss_pre: 0.0355, lv0ddvo_photoloss_next: 0.0075, lv0ddvo_structloss_next: 0.0296, loss: 0.1221
2026-01-25 03:58:42,691 - hdvo - INFO - Iter [35900/40000]	lr: 3.546e-06, eta: 0:09:05, time: 0.133, data_time: 0.003, memory: 2228, lv0_smooth: 0.0018, lv0photo_stereo_r2lSM_ref: 0.0068, lv0struct_stereo_r2lSM_ref: 0.0316, lv0ddvo_photoloss_pre: 0.0080, lv0ddvo_structloss_pre: 0.0346, lv0ddvo_photoloss_next: 0.0070, lv0ddvo_structloss_next: 0.0287, loss: 0.1185
2026-01-25 03:58:49,427 - hdvo - INFO - Iter [35950/40000]	lr: 3.484e-06, eta: 0:08:58, time: 0.135, data_time: 0.004, memory: 2228, lv0_smooth: 0.0018, lv0photo_stereo_r2lSM_ref: 0.0066, lv0struct_stereo_r2lSM_ref: 0.0315, lv0ddvo_photoloss_pre: 0.0081, lv0ddvo_structloss_pre: 0.0343, lv0ddvo_photoloss_next: 0.0069, lv0ddvo_structloss_next: 0.0288, loss: 0.1180
2026-01-25 03:58:55,982 - hdvo - INFO - Saving checkpoint at 36000 iterations
2026-01-25 03:58:56,652 - hdvo - INFO - Iter [36000/40000]	lr: 3.424e-06, eta: 0:08:52, time: 0.145, data_time: 0.003, memory: 2228, lv0_smooth: 0.0018, lv0photo_stereo_r2lSM_ref: 0.0070, lv0struct_stereo_r2lSM_ref: 0.0320, lv0ddvo_photoloss_pre: 0.0080, lv0ddvo_structloss_pre: 0.0342, lv0ddvo_photoloss_next: 0.0073, lv0ddvo_structloss_next: 0.0289, loss: 0.1192
2026-01-25 03:59:03,333 - hdvo - INFO - Iter [36050/40000]	lr: 3.364e-06, eta: 0:08:45, time: 0.134, data_time: 0.003, memory: 2228, lv0_smooth: 0.0018, lv0photo_stereo_r2lSM_ref: 0.0069, lv0struct_stereo_r2lSM_ref: 0.0316, lv0ddvo_photoloss_pre: 0.0087, lv0ddvo_structloss_pre: 0.0346, lv0ddvo_photoloss_next: 0.0075, lv0ddvo_structloss_next: 0.0290, loss: 0.1200
2026-01-25 03:59:10,027 - hdvo - INFO - Iter [36100/40000]	lr: 3.305e-06, eta: 0:08:38, time: 0.134, data_time: 0.002, memory: 2228, lv0_smooth: 0.0019, lv0photo_stereo_r2lSM_ref: 0.0069, lv0struct_stereo_r2lSM_ref: 0.0321, lv0ddvo_photoloss_pre: 0.0082, lv0ddvo_structloss_pre: 0.0348, lv0ddvo_photoloss_next: 0.0069, lv0ddvo_structloss_next: 0.0289, loss: 0.1196
2026-01-25 03:59:16,740 - hdvo - INFO - Iter [36150/40000]	lr: 3.247e-06, eta: 0:08:32, time: 0.134, data_time: 0.004, memory: 2228, lv0_smooth: 0.0019, lv0photo_stereo_r2lSM_ref: 0.0068, lv0struct_stereo_r2lSM_ref: 0.0318, lv0ddvo_photoloss_pre: 0.0081, lv0ddvo_structloss_pre: 0.0344, lv0ddvo_photoloss_next: 0.0073, lv0ddvo_structloss_next: 0.0291, loss: 0.1194
2026-01-25 03:59:23,443 - hdvo - INFO - Iter [36200/40000]	lr: 3.189e-06, eta: 0:08:25, time: 0.134, data_time: 0.004, memory: 2228, lv0_smooth: 0.0018, lv0photo_stereo_r2lSM_ref: 0.0070, lv0struct_stereo_r2lSM_ref: 0.0318, lv0ddvo_photoloss_pre: 0.0094, lv0ddvo_structloss_pre: 0.0355, lv0ddvo_photoloss_next: 0.0082, lv0ddvo_structloss_next: 0.0299, loss: 0.1238
2026-01-25 03:59:30,080 - hdvo - INFO - Iter [36250/40000]	lr: 3.133e-06, eta: 0:08:18, time: 0.133, data_time: 0.003, memory: 2228, lv0_smooth: 0.0018, lv0photo_stereo_r2lSM_ref: 0.0070, lv0struct_stereo_r2lSM_ref: 0.0323, lv0ddvo_photoloss_pre: 0.0085, lv0ddvo_structloss_pre: 0.0349, lv0ddvo_photoloss_next: 0.0077, lv0ddvo_structloss_next: 0.0295, loss: 0.1216
2026-01-25 03:59:36,805 - hdvo - INFO - Iter [36300/40000]	lr: 3.077e-06, eta: 0:08:12, time: 0.135, data_time: 0.004, memory: 2228, lv0_smooth: 0.0018, lv0photo_stereo_r2lSM_ref: 0.0068, lv0struct_stereo_r2lSM_ref: 0.0319, lv0ddvo_photoloss_pre: 0.0080, lv0ddvo_structloss_pre: 0.0349, lv0ddvo_photoloss_next: 0.0065, lv0ddvo_structloss_next: 0.0288, loss: 0.1187
2026-01-25 03:59:43,465 - hdvo - INFO - Iter [36350/40000]	lr: 3.021e-06, eta: 0:08:05, time: 0.133, data_time: 0.003, memory: 2228, lv0_smooth: 0.0018, lv0photo_stereo_r2lSM_ref: 0.0072, lv0struct_stereo_r2lSM_ref: 0.0320, lv0ddvo_photoloss_pre: 0.0086, lv0ddvo_structloss_pre: 0.0347, lv0ddvo_photoloss_next: 0.0073, lv0ddvo_structloss_next: 0.0295, loss: 0.1212
2026-01-25 03:59:50,088 - hdvo - INFO - Iter [36400/40000]	lr: 2.967e-06, eta: 0:07:58, time: 0.133, data_time: 0.003, memory: 2228, lv0_smooth: 0.0018, lv0photo_stereo_r2lSM_ref: 0.0069, lv0struct_stereo_r2lSM_ref: 0.0318, lv0ddvo_photoloss_pre: 0.0085, lv0ddvo_structloss_pre: 0.0347, lv0ddvo_photoloss_next: 0.0073, lv0ddvo_structloss_next: 0.0290, loss: 0.1201
2026-01-25 03:59:56,690 - hdvo - INFO - Iter [36450/40000]	lr: 2.913e-06, eta: 0:07:52, time: 0.132, data_time: 0.003, memory: 2228, lv0_smooth: 0.0018, lv0photo_stereo_r2lSM_ref: 0.0068, lv0struct_stereo_r2lSM_ref: 0.0318, lv0ddvo_photoloss_pre: 0.0079, lv0ddvo_structloss_pre: 0.0341, lv0ddvo_photoloss_next: 0.0070, lv0ddvo_structloss_next: 0.0287, loss: 0.1181
2026-01-25 04:00:03,415 - hdvo - INFO - Iter [36500/40000]	lr: 2.860e-06, eta: 0:07:45, time: 0.135, data_time: 0.003, memory: 2228, lv0_smooth: 0.0019, lv0photo_stereo_r2lSM_ref: 0.0072, lv0struct_stereo_r2lSM_ref: 0.0325, lv0ddvo_photoloss_pre: 0.0090, lv0ddvo_structloss_pre: 0.0357, lv0ddvo_photoloss_next: 0.0076, lv0ddvo_structloss_next: 0.0297, loss: 0.1235
2026-01-25 04:00:10,084 - hdvo - INFO - Iter [36550/40000]	lr: 2.807e-06, eta: 0:07:38, time: 0.133, data_time: 0.003, memory: 2228, lv0_smooth: 0.0018, lv0photo_stereo_r2lSM_ref: 0.0072, lv0struct_stereo_r2lSM_ref: 0.0320, lv0ddvo_photoloss_pre: 0.0090, lv0ddvo_structloss_pre: 0.0349, lv0ddvo_photoloss_next: 0.0075, lv0ddvo_structloss_next: 0.0293, loss: 0.1217
2026-01-25 04:00:16,620 - hdvo - INFO - Iter [36600/40000]	lr: 2.755e-06, eta: 0:07:32, time: 0.130, data_time: 0.003, memory: 2228, lv0_smooth: 0.0018, lv0photo_stereo_r2lSM_ref: 0.0070, lv0struct_stereo_r2lSM_ref: 0.0321, lv0ddvo_photoloss_pre: 0.0084, lv0ddvo_structloss_pre: 0.0347, lv0ddvo_photoloss_next: 0.0073, lv0ddvo_structloss_next: 0.0291, loss: 0.1204
2026-01-25 04:00:23,282 - hdvo - INFO - Iter [36650/40000]	lr: 2.704e-06, eta: 0:07:25, time: 0.134, data_time: 0.003, memory: 2228, lv0_smooth: 0.0018, lv0photo_stereo_r2lSM_ref: 0.0070, lv0struct_stereo_r2lSM_ref: 0.0320, lv0ddvo_photoloss_pre: 0.0082, lv0ddvo_structloss_pre: 0.0346, lv0ddvo_photoloss_next: 0.0075, lv0ddvo_structloss_next: 0.0291, loss: 0.1201
2026-01-25 04:00:29,997 - hdvo - INFO - Iter [36700/40000]	lr: 2.654e-06, eta: 0:07:19, time: 0.134, data_time: 0.003, memory: 2228, lv0_smooth: 0.0018, lv0photo_stereo_r2lSM_ref: 0.0071, lv0struct_stereo_r2lSM_ref: 0.0325, lv0ddvo_photoloss_pre: 0.0081, lv0ddvo_structloss_pre: 0.0348, lv0ddvo_photoloss_next: 0.0072, lv0ddvo_structloss_next: 0.0296, loss: 0.1211
2026-01-25 04:00:36,673 - hdvo - INFO - Iter [36750/40000]	lr: 2.605e-06, eta: 0:07:12, time: 0.134, data_time: 0.004, memory: 2228, lv0_smooth: 0.0019, lv0photo_stereo_r2lSM_ref: 0.0072, lv0struct_stereo_r2lSM_ref: 0.0327, lv0ddvo_photoloss_pre: 0.0092, lv0ddvo_structloss_pre: 0.0355, lv0ddvo_photoloss_next: 0.0082, lv0ddvo_structloss_next: 0.0300, loss: 0.1247
2026-01-25 04:00:43,265 - hdvo - INFO - Iter [36800/40000]	lr: 2.556e-06, eta: 0:07:05, time: 0.132, data_time: 0.003, memory: 2228, lv0_smooth: 0.0019, lv0photo_stereo_r2lSM_ref: 0.0069, lv0struct_stereo_r2lSM_ref: 0.0321, lv0ddvo_photoloss_pre: 0.0083, lv0ddvo_structloss_pre: 0.0349, lv0ddvo_photoloss_next: 0.0076, lv0ddvo_structloss_next: 0.0295, loss: 0.1213
2026-01-25 04:00:49,938 - hdvo - INFO - Iter [36850/40000]	lr: 2.508e-06, eta: 0:06:59, time: 0.133, data_time: 0.003, memory: 2228, lv0_smooth: 0.0018, lv0photo_stereo_r2lSM_ref: 0.0069, lv0struct_stereo_r2lSM_ref: 0.0317, lv0ddvo_photoloss_pre: 0.0081, lv0ddvo_structloss_pre: 0.0340, lv0ddvo_photoloss_next: 0.0067, lv0ddvo_structloss_next: 0.0284, loss: 0.1176
2026-01-25 04:00:56,630 - hdvo - INFO - Iter [36900/40000]	lr: 2.461e-06, eta: 0:06:52, time: 0.134, data_time: 0.002, memory: 2228, lv0_smooth: 0.0018, lv0photo_stereo_r2lSM_ref: 0.0072, lv0struct_stereo_r2lSM_ref: 0.0321, lv0ddvo_photoloss_pre: 0.0094, lv0ddvo_structloss_pre: 0.0350, lv0ddvo_photoloss_next: 0.0075, lv0ddvo_structloss_next: 0.0288, loss: 0.1218
2026-01-25 04:01:03,303 - hdvo - INFO - Iter [36950/40000]	lr: 2.414e-06, eta: 0:06:45, time: 0.133, data_time: 0.003, memory: 2228, lv0_smooth: 0.0019, lv0photo_stereo_r2lSM_ref: 0.0069, lv0struct_stereo_r2lSM_ref: 0.0321, lv0ddvo_photoloss_pre: 0.0085, lv0ddvo_structloss_pre: 0.0353, lv0ddvo_photoloss_next: 0.0072, lv0ddvo_structloss_next: 0.0292, loss: 0.1211
2026-01-25 04:01:10,013 - hdvo - INFO - Iter [37000/40000]	lr: 2.369e-06, eta: 0:06:39, time: 0.134, data_time: 0.004, memory: 2228, lv0_smooth: 0.0018, lv0photo_stereo_r2lSM_ref: 0.0069, lv0struct_stereo_r2lSM_ref: 0.0319, lv0ddvo_photoloss_pre: 0.0085, lv0ddvo_structloss_pre: 0.0347, lv0ddvo_photoloss_next: 0.0075, lv0ddvo_structloss_next: 0.0294, loss: 0.1206
2026-01-25 04:01:16,678 - hdvo - INFO - Iter [37050/40000]	lr: 2.324e-06, eta: 0:06:32, time: 0.133, data_time: 0.002, memory: 2228, lv0_smooth: 0.0018, lv0photo_stereo_r2lSM_ref: 0.0065, lv0struct_stereo_r2lSM_ref: 0.0315, lv0ddvo_photoloss_pre: 0.0086, lv0ddvo_structloss_pre: 0.0350, lv0ddvo_photoloss_next: 0.0077, lv0ddvo_structloss_next: 0.0297, loss: 0.1206
2026-01-25 04:01:23,274 - hdvo - INFO - Iter [37100/40000]	lr: 2.279e-06, eta: 0:06:25, time: 0.132, data_time: 0.003, memory: 2228, lv0_smooth: 0.0018, lv0photo_stereo_r2lSM_ref: 0.0068, lv0struct_stereo_r2lSM_ref: 0.0320, lv0ddvo_photoloss_pre: 0.0083, lv0ddvo_structloss_pre: 0.0350, lv0ddvo_photoloss_next: 0.0074, lv0ddvo_structloss_next: 0.0297, loss: 0.1211
2026-01-25 04:01:29,975 - hdvo - INFO - Iter [37150/40000]	lr: 2.236e-06, eta: 0:06:19, time: 0.134, data_time: 0.003, memory: 2228, lv0_smooth: 0.0018, lv0photo_stereo_r2lSM_ref: 0.0072, lv0struct_stereo_r2lSM_ref: 0.0323, lv0ddvo_photoloss_pre: 0.0093, lv0ddvo_structloss_pre: 0.0358, lv0ddvo_photoloss_next: 0.0080, lv0ddvo_structloss_next: 0.0300, loss: 0.1243
2026-01-25 04:01:36,565 - hdvo - INFO - Iter [37200/40000]	lr: 2.193e-06, eta: 0:06:12, time: 0.132, data_time: 0.003, memory: 2228, lv0_smooth: 0.0018, lv0photo_stereo_r2lSM_ref: 0.0069, lv0struct_stereo_r2lSM_ref: 0.0321, lv0ddvo_photoloss_pre: 0.0092, lv0ddvo_structloss_pre: 0.0353, lv0ddvo_photoloss_next: 0.0077, lv0ddvo_structloss_next: 0.0298, loss: 0.1229
2026-01-25 04:01:43,282 - hdvo - INFO - Iter [37250/40000]	lr: 2.151e-06, eta: 0:06:05, time: 0.134, data_time: 0.002, memory: 2228, lv0_smooth: 0.0018, lv0photo_stereo_r2lSM_ref: 0.0077, lv0struct_stereo_r2lSM_ref: 0.0323, lv0ddvo_photoloss_pre: 0.0086, lv0ddvo_structloss_pre: 0.0349, lv0ddvo_photoloss_next: 0.0076, lv0ddvo_structloss_next: 0.0291, loss: 0.1221
2026-01-25 04:01:49,956 - hdvo - INFO - Iter [37300/40000]	lr: 2.110e-06, eta: 0:05:59, time: 0.134, data_time: 0.003, memory: 2228, lv0_smooth: 0.0018, lv0photo_stereo_r2lSM_ref: 0.0067, lv0struct_stereo_r2lSM_ref: 0.0318, lv0ddvo_photoloss_pre: 0.0091, lv0ddvo_structloss_pre: 0.0350, lv0ddvo_photoloss_next: 0.0078, lv0ddvo_structloss_next: 0.0292, loss: 0.1214
2026-01-25 04:01:56,510 - hdvo - INFO - Iter [37350/40000]	lr: 2.069e-06, eta: 0:05:52, time: 0.131, data_time: 0.003, memory: 2228, lv0_smooth: 0.0019, lv0photo_stereo_r2lSM_ref: 0.0070, lv0struct_stereo_r2lSM_ref: 0.0321, lv0ddvo_photoloss_pre: 0.0080, lv0ddvo_structloss_pre: 0.0348, lv0ddvo_photoloss_next: 0.0072, lv0ddvo_structloss_next: 0.0291, loss: 0.1200
2026-01-25 04:02:03,060 - hdvo - INFO - Iter [37400/40000]	lr: 2.029e-06, eta: 0:05:45, time: 0.131, data_time: 0.004, memory: 2228, lv0_smooth: 0.0018, lv0photo_stereo_r2lSM_ref: 0.0071, lv0struct_stereo_r2lSM_ref: 0.0320, lv0ddvo_photoloss_pre: 0.0087, lv0ddvo_structloss_pre: 0.0351, lv0ddvo_photoloss_next: 0.0075, lv0ddvo_structloss_next: 0.0291, loss: 0.1214
2026-01-25 04:02:09,720 - hdvo - INFO - Iter [37450/40000]	lr: 1.990e-06, eta: 0:05:39, time: 0.133, data_time: 0.004, memory: 2228, lv0_smooth: 0.0018, lv0photo_stereo_r2lSM_ref: 0.0071, lv0struct_stereo_r2lSM_ref: 0.0324, lv0ddvo_photoloss_pre: 0.0097, lv0ddvo_structloss_pre: 0.0361, lv0ddvo_photoloss_next: 0.0083, lv0ddvo_structloss_next: 0.0301, loss: 0.1256
2026-01-25 04:02:16,356 - hdvo - INFO - Iter [37500/40000]	lr: 1.952e-06, eta: 0:05:32, time: 0.133, data_time: 0.004, memory: 2228, lv0_smooth: 0.0019, lv0photo_stereo_r2lSM_ref: 0.0068, lv0struct_stereo_r2lSM_ref: 0.0319, lv0ddvo_photoloss_pre: 0.0082, lv0ddvo_structloss_pre: 0.0343, lv0ddvo_photoloss_next: 0.0070, lv0ddvo_structloss_next: 0.0290, loss: 0.1190
2026-01-25 04:02:23,015 - hdvo - INFO - Iter [37550/40000]	lr: 1.914e-06, eta: 0:05:25, time: 0.133, data_time: 0.003, memory: 2228, lv0_smooth: 0.0018, lv0photo_stereo_r2lSM_ref: 0.0067, lv0struct_stereo_r2lSM_ref: 0.0320, lv0ddvo_photoloss_pre: 0.0077, lv0ddvo_structloss_pre: 0.0343, lv0ddvo_photoloss_next: 0.0072, lv0ddvo_structloss_next: 0.0293, loss: 0.1190
2026-01-25 04:02:29,667 - hdvo - INFO - Iter [37600/40000]	lr: 1.878e-06, eta: 0:05:19, time: 0.133, data_time: 0.005, memory: 2228, lv0_smooth: 0.0019, lv0photo_stereo_r2lSM_ref: 0.0069, lv0struct_stereo_r2lSM_ref: 0.0322, lv0ddvo_photoloss_pre: 0.0084, lv0ddvo_structloss_pre: 0.0351, lv0ddvo_photoloss_next: 0.0076, lv0ddvo_structloss_next: 0.0301, loss: 0.1222
2026-01-25 04:02:36,312 - hdvo - INFO - Iter [37650/40000]	lr: 1.841e-06, eta: 0:05:12, time: 0.133, data_time: 0.004, memory: 2228, lv0_smooth: 0.0018, lv0photo_stereo_r2lSM_ref: 0.0069, lv0struct_stereo_r2lSM_ref: 0.0319, lv0ddvo_photoloss_pre: 0.0085, lv0ddvo_structloss_pre: 0.0354, lv0ddvo_photoloss_next: 0.0078, lv0ddvo_structloss_next: 0.0300, loss: 0.1223
2026-01-25 04:02:42,984 - hdvo - INFO - Iter [37700/40000]	lr: 1.806e-06, eta: 0:05:05, time: 0.134, data_time: 0.004, memory: 2228, lv0_smooth: 0.0018, lv0photo_stereo_r2lSM_ref: 0.0068, lv0struct_stereo_r2lSM_ref: 0.0320, lv0ddvo_photoloss_pre: 0.0087, lv0ddvo_structloss_pre: 0.0353, lv0ddvo_photoloss_next: 0.0074, lv0ddvo_structloss_next: 0.0297, loss: 0.1218
2026-01-25 04:02:49,605 - hdvo - INFO - Iter [37750/40000]	lr: 1.772e-06, eta: 0:04:59, time: 0.132, data_time: 0.003, memory: 2228, lv0_smooth: 0.0019, lv0photo_stereo_r2lSM_ref: 0.0074, lv0struct_stereo_r2lSM_ref: 0.0322, lv0ddvo_photoloss_pre: 0.0091, lv0ddvo_structloss_pre: 0.0347, lv0ddvo_photoloss_next: 0.0075, lv0ddvo_structloss_next: 0.0290, loss: 0.1218
2026-01-25 04:02:56,282 - hdvo - INFO - Iter [37800/40000]	lr: 1.738e-06, eta: 0:04:52, time: 0.134, data_time: 0.003, memory: 2228, lv0_smooth: 0.0019, lv0photo_stereo_r2lSM_ref: 0.0073, lv0struct_stereo_r2lSM_ref: 0.0325, lv0ddvo_photoloss_pre: 0.0090, lv0ddvo_structloss_pre: 0.0354, lv0ddvo_photoloss_next: 0.0079, lv0ddvo_structloss_next: 0.0298, loss: 0.1239
2026-01-25 04:03:02,916 - hdvo - INFO - Iter [37850/40000]	lr: 1.705e-06, eta: 0:04:46, time: 0.132, data_time: 0.004, memory: 2228, lv0_smooth: 0.0018, lv0photo_stereo_r2lSM_ref: 0.0067, lv0struct_stereo_r2lSM_ref: 0.0319, lv0ddvo_photoloss_pre: 0.0083, lv0ddvo_structloss_pre: 0.0347, lv0ddvo_photoloss_next: 0.0076, lv0ddvo_structloss_next: 0.0298, loss: 0.1208
2026-01-25 04:03:09,672 - hdvo - INFO - Iter [37900/40000]	lr: 1.672e-06, eta: 0:04:39, time: 0.135, data_time: 0.002, memory: 2228, lv0_smooth: 0.0018, lv0photo_stereo_r2lSM_ref: 0.0071, lv0struct_stereo_r2lSM_ref: 0.0323, lv0ddvo_photoloss_pre: 0.0086, lv0ddvo_structloss_pre: 0.0348, lv0ddvo_photoloss_next: 0.0073, lv0ddvo_structloss_next: 0.0290, loss: 0.1210
2026-01-25 04:03:16,442 - hdvo - INFO - Iter [37950/40000]	lr: 1.641e-06, eta: 0:04:32, time: 0.136, data_time: 0.003, memory: 2228, lv0_smooth: 0.0018, lv0photo_stereo_r2lSM_ref: 0.0067, lv0struct_stereo_r2lSM_ref: 0.0318, lv0ddvo_photoloss_pre: 0.0091, lv0ddvo_structloss_pre: 0.0347, lv0ddvo_photoloss_next: 0.0073, lv0ddvo_structloss_next: 0.0289, loss: 0.1202
2026-01-25 04:03:23,038 - hdvo - INFO - Iter [38000/40000]	lr: 1.610e-06, eta: 0:04:26, time: 0.132, data_time: 0.003, memory: 2228, lv0_smooth: 0.0018, lv0photo_stereo_r2lSM_ref: 0.0070, lv0struct_stereo_r2lSM_ref: 0.0322, lv0ddvo_photoloss_pre: 0.0092, lv0ddvo_structloss_pre: 0.0358, lv0ddvo_photoloss_next: 0.0077, lv0ddvo_structloss_next: 0.0294, loss: 0.1231
2026-01-25 04:03:29,693 - hdvo - INFO - Iter [38050/40000]	lr: 1.580e-06, eta: 0:04:19, time: 0.133, data_time: 0.004, memory: 2228, lv0_smooth: 0.0018, lv0photo_stereo_r2lSM_ref: 0.0069, lv0struct_stereo_r2lSM_ref: 0.0318, lv0ddvo_photoloss_pre: 0.0082, lv0ddvo_structloss_pre: 0.0345, lv0ddvo_photoloss_next: 0.0071, lv0ddvo_structloss_next: 0.0290, loss: 0.1194
2026-01-25 04:03:36,334 - hdvo - INFO - Iter [38100/40000]	lr: 1.551e-06, eta: 0:04:12, time: 0.133, data_time: 0.003, memory: 2228, lv0_smooth: 0.0019, lv0photo_stereo_r2lSM_ref: 0.0067, lv0struct_stereo_r2lSM_ref: 0.0319, lv0ddvo_photoloss_pre: 0.0083, lv0ddvo_structloss_pre: 0.0345, lv0ddvo_photoloss_next: 0.0070, lv0ddvo_structloss_next: 0.0292, loss: 0.1194
2026-01-25 04:03:42,894 - hdvo - INFO - Iter [38150/40000]	lr: 1.522e-06, eta: 0:04:06, time: 0.131, data_time: 0.003, memory: 2228, lv0_smooth: 0.0018, lv0photo_stereo_r2lSM_ref: 0.0070, lv0struct_stereo_r2lSM_ref: 0.0319, lv0ddvo_photoloss_pre: 0.0083, lv0ddvo_structloss_pre: 0.0348, lv0ddvo_photoloss_next: 0.0072, lv0ddvo_structloss_next: 0.0290, loss: 0.1199
2026-01-25 04:03:49,469 - hdvo - INFO - Iter [38200/40000]	lr: 1.494e-06, eta: 0:03:59, time: 0.132, data_time: 0.003, memory: 2228, lv0_smooth: 0.0018, lv0photo_stereo_r2lSM_ref: 0.0067, lv0struct_stereo_r2lSM_ref: 0.0319, lv0ddvo_photoloss_pre: 0.0083, lv0ddvo_structloss_pre: 0.0349, lv0ddvo_photoloss_next: 0.0075, lv0ddvo_structloss_next: 0.0297, loss: 0.1207
2026-01-25 04:03:56,067 - hdvo - INFO - Iter [38250/40000]	lr: 1.467e-06, eta: 0:03:52, time: 0.132, data_time: 0.004, memory: 2228, lv0_smooth: 0.0018, lv0photo_stereo_r2lSM_ref: 0.0070, lv0struct_stereo_r2lSM_ref: 0.0320, lv0ddvo_photoloss_pre: 0.0082, lv0ddvo_structloss_pre: 0.0342, lv0ddvo_photoloss_next: 0.0071, lv0ddvo_structloss_next: 0.0291, loss: 0.1194
2026-01-25 04:04:03,015 - hdvo - INFO - Iter [38300/40000]	lr: 1.441e-06, eta: 0:03:46, time: 0.139, data_time: 0.003, memory: 2228, lv0_smooth: 0.0018, lv0photo_stereo_r2lSM_ref: 0.0068, lv0struct_stereo_r2lSM_ref: 0.0317, lv0ddvo_photoloss_pre: 0.0078, lv0ddvo_structloss_pre: 0.0342, lv0ddvo_photoloss_next: 0.0065, lv0ddvo_structloss_next: 0.0287, loss: 0.1177
2026-01-25 04:04:09,595 - hdvo - INFO - Iter [38350/40000]	lr: 1.416e-06, eta: 0:03:39, time: 0.132, data_time: 0.003, memory: 2228, lv0_smooth: 0.0019, lv0photo_stereo_r2lSM_ref: 0.0072, lv0struct_stereo_r2lSM_ref: 0.0319, lv0ddvo_photoloss_pre: 0.0087, lv0ddvo_structloss_pre: 0.0346, lv0ddvo_photoloss_next: 0.0078, lv0ddvo_structloss_next: 0.0295, loss: 0.1215
2026-01-25 04:04:16,104 - hdvo - INFO - Iter [38400/40000]	lr: 1.391e-06, eta: 0:03:32, time: 0.130, data_time: 0.003, memory: 2228, lv0_smooth: 0.0018, lv0photo_stereo_r2lSM_ref: 0.0072, lv0struct_stereo_r2lSM_ref: 0.0324, lv0ddvo_photoloss_pre: 0.0089, lv0ddvo_structloss_pre: 0.0353, lv0ddvo_photoloss_next: 0.0082, lv0ddvo_structloss_next: 0.0300, loss: 0.1238
2026-01-25 04:04:22,560 - hdvo - INFO - Iter [38450/40000]	lr: 1.367e-06, eta: 0:03:26, time: 0.129, data_time: 0.003, memory: 2228, lv0_smooth: 0.0019, lv0photo_stereo_r2lSM_ref: 0.0069, lv0struct_stereo_r2lSM_ref: 0.0321, lv0ddvo_photoloss_pre: 0.0088, lv0ddvo_structloss_pre: 0.0349, lv0ddvo_photoloss_next: 0.0073, lv0ddvo_structloss_next: 0.0290, loss: 0.1208
2026-01-25 04:04:29,111 - hdvo - INFO - Iter [38500/40000]	lr: 1.344e-06, eta: 0:03:19, time: 0.131, data_time: 0.003, memory: 2228, lv0_smooth: 0.0018, lv0photo_stereo_r2lSM_ref: 0.0067, lv0struct_stereo_r2lSM_ref: 0.0319, lv0ddvo_photoloss_pre: 0.0086, lv0ddvo_structloss_pre: 0.0345, lv0ddvo_photoloss_next: 0.0075, lv0ddvo_structloss_next: 0.0291, loss: 0.1201
2026-01-25 04:04:35,683 - hdvo - INFO - Iter [38550/40000]	lr: 1.321e-06, eta: 0:03:12, time: 0.132, data_time: 0.003, memory: 2228, lv0_smooth: 0.0018, lv0photo_stereo_r2lSM_ref: 0.0069, lv0struct_stereo_r2lSM_ref: 0.0318, lv0ddvo_photoloss_pre: 0.0085, lv0ddvo_structloss_pre: 0.0350, lv0ddvo_photoloss_next: 0.0076, lv0ddvo_structloss_next: 0.0294, loss: 0.1211
2026-01-25 04:04:42,190 - hdvo - INFO - Iter [38600/40000]	lr: 1.299e-06, eta: 0:03:06, time: 0.130, data_time: 0.003, memory: 2228, lv0_smooth: 0.0018, lv0photo_stereo_r2lSM_ref: 0.0071, lv0struct_stereo_r2lSM_ref: 0.0322, lv0ddvo_photoloss_pre: 0.0090, lv0ddvo_structloss_pre: 0.0352, lv0ddvo_photoloss_next: 0.0072, lv0ddvo_structloss_next: 0.0290, loss: 0.1215
2026-01-25 04:04:48,745 - hdvo - INFO - Iter [38650/40000]	lr: 1.278e-06, eta: 0:02:59, time: 0.131, data_time: 0.002, memory: 2228, lv0_smooth: 0.0019, lv0photo_stereo_r2lSM_ref: 0.0069, lv0struct_stereo_r2lSM_ref: 0.0322, lv0ddvo_photoloss_pre: 0.0084, lv0ddvo_structloss_pre: 0.0348, lv0ddvo_photoloss_next: 0.0075, lv0ddvo_structloss_next: 0.0293, loss: 0.1210
2026-01-25 04:04:55,228 - hdvo - INFO - Iter [38700/40000]	lr: 1.258e-06, eta: 0:02:52, time: 0.130, data_time: 0.003, memory: 2228, lv0_smooth: 0.0019, lv0photo_stereo_r2lSM_ref: 0.0065, lv0struct_stereo_r2lSM_ref: 0.0318, lv0ddvo_photoloss_pre: 0.0080, lv0ddvo_structloss_pre: 0.0349, lv0ddvo_photoloss_next: 0.0073, lv0ddvo_structloss_next: 0.0296, loss: 0.1200
2026-01-25 04:05:01,702 - hdvo - INFO - Iter [38750/40000]	lr: 1.239e-06, eta: 0:02:46, time: 0.129, data_time: 0.003, memory: 2228, lv0_smooth: 0.0018, lv0photo_stereo_r2lSM_ref: 0.0071, lv0struct_stereo_r2lSM_ref: 0.0322, lv0ddvo_photoloss_pre: 0.0091, lv0ddvo_structloss_pre: 0.0353, lv0ddvo_photoloss_next: 0.0080, lv0ddvo_structloss_next: 0.0297, loss: 0.1233
2026-01-25 04:05:08,183 - hdvo - INFO - Iter [38800/40000]	lr: 1.220e-06, eta: 0:02:39, time: 0.130, data_time: 0.003, memory: 2228, lv0_smooth: 0.0019, lv0photo_stereo_r2lSM_ref: 0.0067, lv0struct_stereo_r2lSM_ref: 0.0318, lv0ddvo_photoloss_pre: 0.0082, lv0ddvo_structloss_pre: 0.0350, lv0ddvo_photoloss_next: 0.0070, lv0ddvo_structloss_next: 0.0292, loss: 0.1198
2026-01-25 04:05:14,764 - hdvo - INFO - Iter [38850/40000]	lr: 1.202e-06, eta: 0:02:32, time: 0.131, data_time: 0.004, memory: 2228, lv0_smooth: 0.0018, lv0photo_stereo_r2lSM_ref: 0.0070, lv0struct_stereo_r2lSM_ref: 0.0324, lv0ddvo_photoloss_pre: 0.0076, lv0ddvo_structloss_pre: 0.0341, lv0ddvo_photoloss_next: 0.0070, lv0ddvo_structloss_next: 0.0292, loss: 0.1190
2026-01-25 04:05:21,344 - hdvo - INFO - Iter [38900/40000]	lr: 1.185e-06, eta: 0:02:26, time: 0.132, data_time: 0.003, memory: 2228, lv0_smooth: 0.0019, lv0photo_stereo_r2lSM_ref: 0.0072, lv0struct_stereo_r2lSM_ref: 0.0326, lv0ddvo_photoloss_pre: 0.0101, lv0ddvo_structloss_pre: 0.0363, lv0ddvo_photoloss_next: 0.0082, lv0ddvo_structloss_next: 0.0299, loss: 0.1262
2026-01-25 04:05:27,898 - hdvo - INFO - Iter [38950/40000]	lr: 1.169e-06, eta: 0:02:19, time: 0.131, data_time: 0.004, memory: 2228, lv0_smooth: 0.0018, lv0photo_stereo_r2lSM_ref: 0.0069, lv0struct_stereo_r2lSM_ref: 0.0317, lv0ddvo_photoloss_pre: 0.0085, lv0ddvo_structloss_pre: 0.0352, lv0ddvo_photoloss_next: 0.0074, lv0ddvo_structloss_next: 0.0295, loss: 0.1210
2026-01-25 04:05:34,433 - hdvo - INFO - Iter [39000/40000]	lr: 1.153e-06, eta: 0:02:12, time: 0.131, data_time: 0.004, memory: 2228, lv0_smooth: 0.0018, lv0photo_stereo_r2lSM_ref: 0.0074, lv0struct_stereo_r2lSM_ref: 0.0326, lv0ddvo_photoloss_pre: 0.0090, lv0ddvo_structloss_pre: 0.0350, lv0ddvo_photoloss_next: 0.0081, lv0ddvo_structloss_next: 0.0300, loss: 0.1239
2026-01-25 04:05:41,025 - hdvo - INFO - Iter [39050/40000]	lr: 1.138e-06, eta: 0:02:06, time: 0.132, data_time: 0.003, memory: 2228, lv0_smooth: 0.0018, lv0photo_stereo_r2lSM_ref: 0.0068, lv0struct_stereo_r2lSM_ref: 0.0316, lv0ddvo_photoloss_pre: 0.0079, lv0ddvo_structloss_pre: 0.0339, lv0ddvo_photoloss_next: 0.0071, lv0ddvo_structloss_next: 0.0288, loss: 0.1179
2026-01-25 04:05:47,466 - hdvo - INFO - Iter [39100/40000]	lr: 1.124e-06, eta: 0:01:59, time: 0.129, data_time: 0.004, memory: 2228, lv0_smooth: 0.0018, lv0photo_stereo_r2lSM_ref: 0.0069, lv0struct_stereo_r2lSM_ref: 0.0318, lv0ddvo_photoloss_pre: 0.0091, lv0ddvo_structloss_pre: 0.0351, lv0ddvo_photoloss_next: 0.0074, lv0ddvo_structloss_next: 0.0290, loss: 0.1211
2026-01-25 04:05:54,087 - hdvo - INFO - Iter [39150/40000]	lr: 1.111e-06, eta: 0:01:53, time: 0.133, data_time: 0.004, memory: 2228, lv0_smooth: 0.0019, lv0photo_stereo_r2lSM_ref: 0.0072, lv0struct_stereo_r2lSM_ref: 0.0325, lv0ddvo_photoloss_pre: 0.0087, lv0ddvo_structloss_pre: 0.0354, lv0ddvo_photoloss_next: 0.0076, lv0ddvo_structloss_next: 0.0296, loss: 0.1229
2026-01-25 04:06:00,670 - hdvo - INFO - Iter [39200/40000]	lr: 1.098e-06, eta: 0:01:46, time: 0.132, data_time: 0.003, memory: 2228, lv0_smooth: 0.0018, lv0photo_stereo_r2lSM_ref: 0.0069, lv0struct_stereo_r2lSM_ref: 0.0320, lv0ddvo_photoloss_pre: 0.0084, lv0ddvo_structloss_pre: 0.0343, lv0ddvo_photoloss_next: 0.0073, lv0ddvo_structloss_next: 0.0291, loss: 0.1198
2026-01-25 04:06:07,241 - hdvo - INFO - Iter [39250/40000]	lr: 1.086e-06, eta: 0:01:39, time: 0.131, data_time: 0.002, memory: 2228, lv0_smooth: 0.0018, lv0photo_stereo_r2lSM_ref: 0.0067, lv0struct_stereo_r2lSM_ref: 0.0321, lv0ddvo_photoloss_pre: 0.0087, lv0ddvo_structloss_pre: 0.0352, lv0ddvo_photoloss_next: 0.0073, lv0ddvo_structloss_next: 0.0296, loss: 0.1214
2026-01-25 04:06:13,894 - hdvo - INFO - Iter [39300/40000]	lr: 1.075e-06, eta: 0:01:33, time: 0.133, data_time: 0.003, memory: 2228, lv0_smooth: 0.0019, lv0photo_stereo_r2lSM_ref: 0.0074, lv0struct_stereo_r2lSM_ref: 0.0326, lv0ddvo_photoloss_pre: 0.0094, lv0ddvo_structloss_pre: 0.0355, lv0ddvo_photoloss_next: 0.0077, lv0ddvo_structloss_next: 0.0298, loss: 0.1242
2026-01-25 04:06:20,409 - hdvo - INFO - Iter [39350/40000]	lr: 1.065e-06, eta: 0:01:26, time: 0.130, data_time: 0.003, memory: 2228, lv0_smooth: 0.0019, lv0photo_stereo_r2lSM_ref: 0.0066, lv0struct_stereo_r2lSM_ref: 0.0319, lv0ddvo_photoloss_pre: 0.0081, lv0ddvo_structloss_pre: 0.0346, lv0ddvo_photoloss_next: 0.0069, lv0ddvo_structloss_next: 0.0288, loss: 0.1188
2026-01-25 04:06:26,932 - hdvo - INFO - Iter [39400/40000]	lr: 1.055e-06, eta: 0:01:19, time: 0.131, data_time: 0.002, memory: 2228, lv0_smooth: 0.0019, lv0photo_stereo_r2lSM_ref: 0.0070, lv0struct_stereo_r2lSM_ref: 0.0322, lv0ddvo_photoloss_pre: 0.0097, lv0ddvo_structloss_pre: 0.0358, lv0ddvo_photoloss_next: 0.0076, lv0ddvo_structloss_next: 0.0293, loss: 0.1235
2026-01-25 04:06:33,464 - hdvo - INFO - Iter [39450/40000]	lr: 1.046e-06, eta: 0:01:13, time: 0.130, data_time: 0.003, memory: 2228, lv0_smooth: 0.0019, lv0photo_stereo_r2lSM_ref: 0.0065, lv0struct_stereo_r2lSM_ref: 0.0315, lv0ddvo_photoloss_pre: 0.0075, lv0ddvo_structloss_pre: 0.0343, lv0ddvo_photoloss_next: 0.0066, lv0ddvo_structloss_next: 0.0288, loss: 0.1171
2026-01-25 04:06:40,067 - hdvo - INFO - Iter [39500/40000]	lr: 1.038e-06, eta: 0:01:06, time: 0.132, data_time: 0.003, memory: 2228, lv0_smooth: 0.0018, lv0photo_stereo_r2lSM_ref: 0.0067, lv0struct_stereo_r2lSM_ref: 0.0319, lv0ddvo_photoloss_pre: 0.0087, lv0ddvo_structloss_pre: 0.0350, lv0ddvo_photoloss_next: 0.0072, lv0ddvo_structloss_next: 0.0293, loss: 0.1206
2026-01-25 04:06:46,660 - hdvo - INFO - Iter [39550/40000]	lr: 1.031e-06, eta: 0:00:59, time: 0.132, data_time: 0.004, memory: 2228, lv0_smooth: 0.0018, lv0photo_stereo_r2lSM_ref: 0.0073, lv0struct_stereo_r2lSM_ref: 0.0322, lv0ddvo_photoloss_pre: 0.0098, lv0ddvo_structloss_pre: 0.0356, lv0ddvo_photoloss_next: 0.0081, lv0ddvo_structloss_next: 0.0299, loss: 0.1247
2026-01-25 04:06:53,234 - hdvo - INFO - Iter [39600/40000]	lr: 1.025e-06, eta: 0:00:53, time: 0.132, data_time: 0.003, memory: 2228, lv0_smooth: 0.0019, lv0photo_stereo_r2lSM_ref: 0.0069, lv0struct_stereo_r2lSM_ref: 0.0320, lv0ddvo_photoloss_pre: 0.0087, lv0ddvo_structloss_pre: 0.0355, lv0ddvo_photoloss_next: 0.0070, lv0ddvo_structloss_next: 0.0295, loss: 0.1216
2026-01-25 04:06:59,715 - hdvo - INFO - Iter [39650/40000]	lr: 1.019e-06, eta: 0:00:46, time: 0.129, data_time: 0.003, memory: 2228, lv0_smooth: 0.0019, lv0photo_stereo_r2lSM_ref: 0.0069, lv0struct_stereo_r2lSM_ref: 0.0320, lv0ddvo_photoloss_pre: 0.0082, lv0ddvo_structloss_pre: 0.0344, lv0ddvo_photoloss_next: 0.0072, lv0ddvo_structloss_next: 0.0292, loss: 0.1198
2026-01-25 04:07:06,314 - hdvo - INFO - Iter [39700/40000]	lr: 1.014e-06, eta: 0:00:39, time: 0.132, data_time: 0.004, memory: 2228, lv0_smooth: 0.0018, lv0photo_stereo_r2lSM_ref: 0.0070, lv0struct_stereo_r2lSM_ref: 0.0320, lv0ddvo_photoloss_pre: 0.0088, lv0ddvo_structloss_pre: 0.0351, lv0ddvo_photoloss_next: 0.0078, lv0ddvo_structloss_next: 0.0295, loss: 0.1220
2026-01-25 04:07:12,896 - hdvo - INFO - Iter [39750/40000]	lr: 1.010e-06, eta: 0:00:33, time: 0.131, data_time: 0.003, memory: 2228, lv0_smooth: 0.0019, lv0photo_stereo_r2lSM_ref: 0.0074, lv0struct_stereo_r2lSM_ref: 0.0326, lv0ddvo_photoloss_pre: 0.0090, lv0ddvo_structloss_pre: 0.0353, lv0ddvo_photoloss_next: 0.0078, lv0ddvo_structloss_next: 0.0298, loss: 0.1237
2026-01-25 04:07:19,479 - hdvo - INFO - Iter [39800/40000]	lr: 1.006e-06, eta: 0:00:26, time: 0.132, data_time: 0.003, memory: 2228, lv0_smooth: 0.0019, lv0photo_stereo_r2lSM_ref: 0.0072, lv0struct_stereo_r2lSM_ref: 0.0324, lv0ddvo_photoloss_pre: 0.0088, lv0ddvo_structloss_pre: 0.0356, lv0ddvo_photoloss_next: 0.0077, lv0ddvo_structloss_next: 0.0299, loss: 0.1235
2026-01-25 04:07:25,984 - hdvo - INFO - Iter [39850/40000]	lr: 1.003e-06, eta: 0:00:19, time: 0.130, data_time: 0.003, memory: 2228, lv0_smooth: 0.0019, lv0photo_stereo_r2lSM_ref: 0.0070, lv0struct_stereo_r2lSM_ref: 0.0320, lv0ddvo_photoloss_pre: 0.0083, lv0ddvo_structloss_pre: 0.0346, lv0ddvo_photoloss_next: 0.0069, lv0ddvo_structloss_next: 0.0290, loss: 0.1197
2026-01-25 04:07:32,527 - hdvo - INFO - Iter [39900/40000]	lr: 1.002e-06, eta: 0:00:13, time: 0.131, data_time: 0.003, memory: 2228, lv0_smooth: 0.0019, lv0photo_stereo_r2lSM_ref: 0.0069, lv0struct_stereo_r2lSM_ref: 0.0324, lv0ddvo_photoloss_pre: 0.0084, lv0ddvo_structloss_pre: 0.0352, lv0ddvo_photoloss_next: 0.0070, lv0ddvo_structloss_next: 0.0293, loss: 0.1210
2026-01-25 04:07:38,989 - hdvo - INFO - Iter [39950/40000]	lr: 1.000e-06, eta: 0:00:06, time: 0.129, data_time: 0.003, memory: 2228, lv0_smooth: 0.0019, lv0photo_stereo_r2lSM_ref: 0.0073, lv0struct_stereo_r2lSM_ref: 0.0322, lv0ddvo_photoloss_pre: 0.0088, lv0ddvo_structloss_pre: 0.0350, lv0ddvo_photoloss_next: 0.0080, lv0ddvo_structloss_next: 0.0298, loss: 0.1229
2026-01-25 04:07:45,513 - hdvo - INFO - Saving checkpoint at 40000 iterations
2026-01-25 04:07:46,208 - hdvo - INFO - Iter [40000/40000]	lr: 1.000e-06, eta: 0:00:00, time: 0.144, data_time: 0.003, memory: 2228, lv0_smooth: 0.0018, lv0photo_stereo_r2lSM_ref: 0.0071, lv0struct_stereo_r2lSM_ref: 0.0325, lv0ddvo_photoloss_pre: 0.0086, lv0ddvo_structloss_pre: 0.0356, lv0ddvo_photoloss_next: 0.0070, lv0ddvo_structloss_next: 0.0298, loss: 0.1225
master_addr is only used for static rdzv_backend and when rdzv_endpoint is not specified.
/home/izi2sgh/miniconda3/envs/hdvo/lib/python3.10/site-packages/mmcv/cnn/bricks/transformer.py:33: UserWarning: Fail to import ``MultiScaleDeformableAttention`` from ``mmcv.ops.multi_scale_deform_attn``, You should install ``mmcv-full`` if you need this module. 
  warnings.warn('Fail to import ``MultiScaleDeformableAttention`` from '
2026-01-25 04:08:02,370 - hdvo - INFO - Environment info:
------------------------------------------------------------
sys.platform: linux
Python: 3.10.19 (main, Oct 21 2025, 16:43:05) [GCC 11.2.0]
CUDA available: True
GPU 0,1,2,3: NVIDIA A100-SXM4-80GB
CUDA_HOME: /fs/applications/cuda/11.8
NVCC: Cuda compilation tools, release 11.8, V11.8.89
GCC: gcc (GCC) 8.5.0 20210514 (Red Hat 8.5.0-28)
PyTorch: 2.0.1+cu118
PyTorch compiling details: PyTorch built with:
  - GCC 9.3
  - C++ Version: 201703
  - Intel(R) oneAPI Math Kernel Library Version 2022.2-Product Build 20220804 for Intel(R) 64 architecture applications
  - Intel(R) MKL-DNN v2.7.3 (Git Hash 6dbeffbae1f23cbbeae17adb7b5b13f1f37c080e)
  - OpenMP 201511 (a.k.a. OpenMP 4.5)
  - LAPACK is enabled (usually provided by MKL)
  - NNPACK is enabled
  - CPU capability usage: AVX2
  - CUDA Runtime 11.8
  - NVCC architecture flags: -gencode;arch=compute_37,code=sm_37;-gencode;arch=compute_50,code=sm_50;-gencode;arch=compute_60,code=sm_60;-gencode;arch=compute_70,code=sm_70;-gencode;arch=compute_75,code=sm_75;-gencode;arch=compute_80,code=sm_80;-gencode;arch=compute_86,code=sm_86;-gencode;arch=compute_90,code=sm_90
  - CuDNN 8.7
  - Magma 2.6.1
  - Build settings: BLAS_INFO=mkl, BUILD_TYPE=Release, CUDA_VERSION=11.8, CUDNN_VERSION=8.7.0, CXX_COMPILER=/opt/rh/devtoolset-9/root/usr/bin/c++, CXX_FLAGS= -D_GLIBCXX_USE_CXX11_ABI=0 -fabi-version=11 -Wno-deprecated -fvisibility-inlines-hidden -DUSE_PTHREADPOOL -DNDEBUG -DUSE_KINETO -DLIBKINETO_NOROCTRACER -DUSE_FBGEMM -DUSE_QNNPACK -DUSE_PYTORCH_QNNPACK -DUSE_XNNPACK -DSYMBOLICATE_MOBILE_DEBUG_HANDLE -O2 -fPIC -Wall -Wextra -Werror=return-type -Werror=non-virtual-dtor -Werror=bool-operation -Wnarrowing -Wno-missing-field-initializers -Wno-type-limits -Wno-array-bounds -Wno-unknown-pragmas -Wunused-local-typedefs -Wno-unused-parameter -Wno-unused-function -Wno-unused-result -Wno-strict-overflow -Wno-strict-aliasing -Wno-error=deprecated-declarations -Wno-stringop-overflow -Wno-psabi -Wno-error=pedantic -Wno-error=redundant-decls -Wno-error=old-style-cast -fdiagnostics-color=always -faligned-new -Wno-unused-but-set-variable -Wno-maybe-uninitialized -fno-math-errno -fno-trapping-math -Werror=format -Werror=cast-function-type -Wno-stringop-overflow, LAPACK_INFO=mkl, PERF_WITH_AVX=1, PERF_WITH_AVX2=1, PERF_WITH_AVX512=1, TORCH_DISABLE_GPU_ASSERTS=ON, TORCH_VERSION=2.0.1, USE_CUDA=ON, USE_CUDNN=ON, USE_EXCEPTION_PTR=1, USE_GFLAGS=OFF, USE_GLOG=OFF, USE_MKL=ON, USE_MKLDNN=ON, USE_MPI=OFF, USE_NCCL=1, USE_NNPACK=ON, USE_OPENMP=ON, USE_ROCM=OFF, 

TorchVision: 0.15.2+cu118
OpenCV: 4.7.0
MMCV: 1.6.0
MMCV Compiler: n/a
MMCV CUDA Compiler: n/a
MMAction2: 0.0.1+653381a
------------------------------------------------------------

2026-01-25 04:08:02,754 - hdvo - INFO - Config: batch_size = 1
raw_kitti_root = '/fs/projects/SGH_CR_RIX/Kitti-Dataset'
data_root = 'data_sets/kitti_odometry'
annfile_root = 'annotations/kittiodometry'
dataset_type = 'KITTIOdometryDataset'
img_norm_cfg = dict(
    mean=[88.78708011161852, 93.43778497818349, 91.33551888646076],
    std=[80.93941240862273, 81.55742718042109, 82.55097977909143],
    to_rgb=False)
crop_size = (320, 768)
RESIZE_SIZE = (1024, 320)
train_pipeline = [
    dict(
        type='LoadStereoImages',
        views=['left', 'right'],
        to_float32=False,
        color_type='color',
        file_client_args=dict(backend='disk'),
        imdecode_backend='cv2',
        to_rgb=True,
        to_gray=False),
    dict(
        type='StereoResize2',
        img_scale=(1024, 320),
        keep_ratio=False,
        ratio_range=(1, 1.0)),
    dict(
        type='StereoNormalize',
        mean=[88.78708011161852, 93.43778497818349, 91.33551888646076],
        std=[80.93941240862273, 81.55742718042109, 82.55097977909143],
        to_rgb=False),
    dict(
        type='StereoFormatShape',
        input_format='NTCHW',
        keys=['left_imgs', 'right_imgs', 'raw_left_imgs', 'raw_right_imgs']),
    dict(
        type='Collect',
        keys=[
            'left_imgs', 'right_imgs', 'raw_left_imgs', 'raw_right_imgs',
            'intrinsics', 'focal', 'baseline', 'pose'
        ],
        meta_keys=['left_frame_paths']),
    dict(
        type='ToTensor',
        keys=[
            'left_imgs', 'right_imgs', 'raw_left_imgs', 'raw_right_imgs',
            'intrinsics', 'focal', 'baseline', 'pose'
        ])
]
val_pipeline = [
    dict(
        type='LoadStereoImages',
        to_float32=False,
        color_type='color',
        file_client_args=dict(backend='disk'),
        imdecode_backend='cv2',
        to_rgb=True,
        to_gray=False),
    dict(type='StereoResize', scale=(1024, 320), keep_ratio=False),
    dict(
        type='StereoNormalize',
        mean=[88.78708011161852, 93.43778497818349, 91.33551888646076],
        std=[80.93941240862273, 81.55742718042109, 82.55097977909143],
        to_rgb=False),
    dict(
        type='StereoFormatShape',
        input_format='NTCHW',
        keys=['left_imgs', 'right_imgs', 'raw_left_imgs', 'raw_right_imgs']),
    dict(
        type='Collect',
        keys=[
            'left_imgs', 'right_imgs', 'raw_left_imgs', 'raw_right_imgs',
            'intrinsics', 'focal', 'baseline', 'pose'
        ],
        meta_keys=[]),
    dict(
        type='ToTensor',
        keys=[
            'left_imgs', 'right_imgs', 'raw_left_imgs', 'raw_right_imgs',
            'intrinsics', 'focal', 'baseline', 'pose'
        ])
]
test_pipeline = [
    dict(
        type='LoadStereoImages',
        to_float32=False,
        color_type='color',
        file_client_args=dict(backend='disk'),
        imdecode_backend='cv2',
        to_rgb=True,
        to_gray=False),
    dict(
        type='StereoResize2',
        img_scale=(1024, 320),
        keep_ratio=False,
        ratio_range=(1, 1.0)),
    dict(
        type='StereoNormalize',
        mean=[88.78708011161852, 93.43778497818349, 91.33551888646076],
        std=[80.93941240862273, 81.55742718042109, 82.55097977909143],
        to_rgb=False),
    dict(
        type='StereoFormatShape',
        input_format='NTCHW',
        keys=['left_imgs', 'right_imgs', 'raw_left_imgs', 'raw_right_imgs']),
    dict(
        type='Collect',
        keys=[
            'left_imgs', 'right_imgs', 'raw_left_imgs', 'raw_right_imgs',
            'intrinsics', 'focal', 'baseline', 'pose'
        ],
        meta_keys=[]),
    dict(
        type='ToTensor',
        keys=[
            'left_imgs', 'right_imgs', 'raw_left_imgs', 'raw_right_imgs',
            'intrinsics', 'focal', 'baseline', 'pose'
        ])
]
data = dict(
    sparse=True,
    videos_per_gpu=1,
    workers_per_gpu=4,
    train=dict(
        type='KITTIOdometryDataset',
        ann_file='annotations/kittiodometry/kitti_odometry_train_3frame.json',
        data_prefix='data_sets/kitti_odometry',
        kitti_rawdata_path='/fs/projects/SGH_CR_RIX/Kitti-Dataset',
        eval_modality='depth',
        depth_scale_ratio=256,
        test_mode=False,
        pipeline=[
            dict(
                type='LoadStereoImages',
                views=['left', 'right'],
                to_float32=False,
                color_type='color',
                file_client_args=dict(backend='disk'),
                imdecode_backend='cv2',
                to_rgb=True,
                to_gray=False),
            dict(
                type='StereoResize2',
                img_scale=(1024, 320),
                keep_ratio=False,
                ratio_range=(1, 1.0)),
            dict(
                type='StereoNormalize',
                mean=[88.78708011161852, 93.43778497818349, 91.33551888646076],
                std=[80.93941240862273, 81.55742718042109, 82.55097977909143],
                to_rgb=False),
            dict(
                type='StereoFormatShape',
                input_format='NTCHW',
                keys=[
                    'left_imgs', 'right_imgs', 'raw_left_imgs',
                    'raw_right_imgs'
                ]),
            dict(
                type='Collect',
                keys=[
                    'left_imgs', 'right_imgs', 'raw_left_imgs',
                    'raw_right_imgs', 'intrinsics', 'focal', 'baseline', 'pose'
                ],
                meta_keys=['left_frame_paths']),
            dict(
                type='ToTensor',
                keys=[
                    'left_imgs', 'right_imgs', 'raw_left_imgs',
                    'raw_right_imgs', 'intrinsics', 'focal', 'baseline', 'pose'
                ])
        ]),
    val=dict(
        type='KITTIOdometryDataset',
        ann_file='annotations/kittiodometry/kitti_odometry_test_09.json',
        end_id=10,
        data_prefix='data_sets/kitti_odometry',
        kitti_rawdata_path='/fs/projects/SGH_CR_RIX/Kitti-Dataset',
        eval_modality='depth',
        depth_scale_ratio=256,
        test_mode=True,
        pipeline=[
            dict(
                type='LoadStereoImages',
                to_float32=False,
                color_type='color',
                file_client_args=dict(backend='disk'),
                imdecode_backend='cv2',
                to_rgb=True,
                to_gray=False),
            dict(type='StereoResize', scale=(1024, 320), keep_ratio=False),
            dict(
                type='StereoNormalize',
                mean=[88.78708011161852, 93.43778497818349, 91.33551888646076],
                std=[80.93941240862273, 81.55742718042109, 82.55097977909143],
                to_rgb=False),
            dict(
                type='StereoFormatShape',
                input_format='NTCHW',
                keys=[
                    'left_imgs', 'right_imgs', 'raw_left_imgs',
                    'raw_right_imgs'
                ]),
            dict(
                type='Collect',
                keys=[
                    'left_imgs', 'right_imgs', 'raw_left_imgs',
                    'raw_right_imgs', 'intrinsics', 'focal', 'baseline', 'pose'
                ],
                meta_keys=[]),
            dict(
                type='ToTensor',
                keys=[
                    'left_imgs', 'right_imgs', 'raw_left_imgs',
                    'raw_right_imgs', 'intrinsics', 'focal', 'baseline', 'pose'
                ])
        ]),
    test=dict(
        type='KITTIOdometryDataset',
        ann_file='annotations/kittiodometry/kitti_odometry_test_09.json',
        test_seq_id=9,
        data_prefix='data_sets/kitti_odometry',
        kitti_rawdata_path='/fs/projects/SGH_CR_RIX/Kitti-Dataset',
        eval_modality='depth',
        depth_scale_ratio=256,
        test_mode=True,
        pipeline=[
            dict(
                type='LoadStereoImages',
                to_float32=False,
                color_type='color',
                file_client_args=dict(backend='disk'),
                imdecode_backend='cv2',
                to_rgb=True,
                to_gray=False),
            dict(
                type='StereoResize2',
                img_scale=(1024, 320),
                keep_ratio=False,
                ratio_range=(1, 1.0)),
            dict(
                type='StereoNormalize',
                mean=[88.78708011161852, 93.43778497818349, 91.33551888646076],
                std=[80.93941240862273, 81.55742718042109, 82.55097977909143],
                to_rgb=False),
            dict(
                type='StereoFormatShape',
                input_format='NTCHW',
                keys=[
                    'left_imgs', 'right_imgs', 'raw_left_imgs',
                    'raw_right_imgs'
                ]),
            dict(
                type='Collect',
                keys=[
                    'left_imgs', 'right_imgs', 'raw_left_imgs',
                    'raw_right_imgs', 'intrinsics', 'focal', 'baseline', 'pose'
                ],
                meta_keys=[]),
            dict(
                type='ToTensor',
                keys=[
                    'left_imgs', 'right_imgs', 'raw_left_imgs',
                    'raw_right_imgs', 'intrinsics', 'focal', 'baseline', 'pose'
                ])
        ]))
max_disp = 192
model = dict(
    type='StereoHDVOPosesup',
    use_sup_pose=True,
    bidirection=True,
    depth_net=dict(
        type='CoEx',
        subnetwork=True,
        pretrain_official='work_dirs/sceneflow.ckpt',
        cfg=dict(
            max_disparity=192,
            backbone=dict(
                type='mobilenetv2_100',
                from_scratch=False,
                channels=dict(
                    mobilenetv3_large_100=[16, 24, 40, 112, 160],
                    mobilenetv2_120d=[24, 32, 40, 112, 192],
                    mobilenetv2_100=[16, 24, 32, 96, 160],
                    mnasnet_100=[16, 24, 40, 96, 192],
                    efficientnet_b0=[16, 24, 40, 112, 192],
                    efficientnet_b3a=[24, 32, 48, 136, 232],
                    mixnet_xl=[40, 48, 64, 192, 320],
                    dla34=[32, 64, 128, 256, 512]),
                layers=dict(
                    mobilenetv3_large_100=[1, 2, 3, 5, 6],
                    mobilenetv2_120d=[1, 2, 3, 5, 6],
                    mobilenetv2_100=[1, 2, 3, 5, 6],
                    mnasnet_100=[1, 2, 3, 5, 6],
                    efficientnet_b0=[1, 2, 3, 5, 6],
                    efficientnet_b3a=[1, 2, 3, 5, 6],
                    mixnet_xl=[1, 2, 3, 5, 6],
                    dla34=[1, 2, 3, 5, 6])),
            corr_volume=True,
            gce=True,
            matching_head=1,
            matching_weighted=False,
            spixel=dict(branch_channels=[32, 48]),
            aggregation=dict(
                disp_strides=2, channels=[16, 32, 48], blocks_num=[2, 2, 2]),
            regression=dict(top_k=2)),
        losses=dict(
            type='DispL1Loss',
            start_disp=0,
            max_disp=192,
            weight=1,
            weights=(1.0, 0.7, 0.5),
            sparse=False,
            set_range=True,
            random_mask=False,
            random_mask_ratio=0.5)),
    pose_net=None,
    stereo_head=dict(
        type='StereoMatchingHead',
        photo_loss=dict(type='HUBERLoss', ratio=0.85),
        struct_loss=dict(type='SSIMLoss', ratio=0.15),
        grid_sample_type='pytorch',
        padding_mode='zeros'),
    ddvo_head=dict(
        type='PoseDDVOHead',
        ddvo=dict(type='DirectVO_OpenRox', ifmask=1, disp_log=0, ifrobust=0),
        photo_loss=dict(type='HUBERLoss', ratio=0.85),
        struct_loss=dict(type='SSIMLoss', ratio=0.15),
        grid_sample_type='pytorch',
        padding_mode='zeros'),
    smooth_loss=dict(type='DispSmoothLoss', ratio=0.1))
log_config = dict(
    interval=50,
    hooks=[
        dict(type='TextLoggerHook', by_epoch=False),
        dict(type='TensorboardLoggerHook')
    ])
log_level = 'INFO'
load_from = None
resume_from = None
workflow = [('train', 1)]
cudnn_benchmark = False
find_unused_parameters = True
optimizer = dict(type='Lion', lr=0.0001)
optimizer_config = dict(type='OptimizerHook', grad_clip=None)
lr_config = dict(
    policy='CosineAnnealing',
    min_lr=1e-06,
    warmup='linear',
    warmup_by_epoch=False,
    warmup_iters=100)
runner = dict(type='IterBasedRunner', max_iters=40000)
total_epochs = 40000
checkpoint_config = dict(by_epoch=False, interval=4000, save_optimizer=False)
evaluation = dict(interval=4000, metrics='EPE')
dist_params = dict(backend='nccl')
work_dir = 'work_dirs/stereohdvo_posesup_coex_kittiodom_huberloss'

2026-01-25 04:08:02,754 - hdvo - INFO - # update the test seq id to -09-  
2026-01-25 04:08:02,756 - hdvo - INFO - Distributed training: True
Traceback (most recent call last):
  File "/fs/projects/SGH_CR_RIX/izi2sgh/hdvo/tools/test.py", line 482, in <module>
    main()
  File "/fs/projects/SGH_CR_RIX/izi2sgh/hdvo/tools/test.py", line 347, in main
    load_checkpoint(model, args.checkpoint, map_location='cpu')
  File "/home/izi2sgh/miniconda3/envs/hdvo/lib/python3.10/site-packages/mmcv/runner/checkpoint.py", line 627, in load_checkpoint
    checkpoint = _load_checkpoint(filename, map_location, logger)
  File "/home/izi2sgh/miniconda3/envs/hdvo/lib/python3.10/site-packages/mmcv/runner/checkpoint.py", line 561, in _load_checkpoint
    return CheckpointLoader.load_checkpoint(filename, map_location, logger)
  File "/home/izi2sgh/miniconda3/envs/hdvo/lib/python3.10/site-packages/mmcv/runner/checkpoint.py", line 303, in load_checkpoint
    return checkpoint_loader(filename, map_location)  # type: ignore
  File "/home/izi2sgh/miniconda3/envs/hdvo/lib/python3.10/site-packages/mmcv/runner/checkpoint.py", line 322, in load_from_local
    raise FileNotFoundError(f'{filename} can not be found.')
FileNotFoundError: /home/ziliu/zimingdepth_torch2/work_dirs/coex/iter_48000.pth can not be found.
ERROR:torch.distributed.elastic.multiprocessing.api:failed (exitcode: 1) local_rank: 0 (pid: 573203) of binary: /home/izi2sgh/miniconda3/envs/hdvo/bin/python3.10
Traceback (most recent call last):
  File "/home/izi2sgh/miniconda3/envs/hdvo/bin/torchrun", line 8, in <module>
    sys.exit(main())
  File "/home/izi2sgh/miniconda3/envs/hdvo/lib/python3.10/site-packages/torch/distributed/elastic/multiprocessing/errors/__init__.py", line 346, in wrapper
    return f(*args, **kwargs)
  File "/home/izi2sgh/miniconda3/envs/hdvo/lib/python3.10/site-packages/torch/distributed/run.py", line 794, in main
    run(args)
  File "/home/izi2sgh/miniconda3/envs/hdvo/lib/python3.10/site-packages/torch/distributed/run.py", line 785, in run
    elastic_launch(
  File "/home/izi2sgh/miniconda3/envs/hdvo/lib/python3.10/site-packages/torch/distributed/launcher/api.py", line 134, in __call__
    return launch_agent(self._config, self._entrypoint, list(args))
  File "/home/izi2sgh/miniconda3/envs/hdvo/lib/python3.10/site-packages/torch/distributed/launcher/api.py", line 250, in launch_agent
    raise ChildFailedError(
torch.distributed.elastic.multiprocessing.errors.ChildFailedError: 
============================================================
tools/test.py FAILED
------------------------------------------------------------
Failures:
  <NO_OTHER_FAILURES>
------------------------------------------------------------
Root Cause (first observed failure):
[0]:
  time      : 2026-01-25_04:08:09
  host      : szh-hpc-b02gp04.apac.bosch.com
  rank      : 0 (local_rank: 0)
  exitcode  : 1 (pid: 573203)
  error_file: <N/A>
  traceback : To enable traceback see: https://pytorch.org/docs/stable/elastic/errors.html
============================================================
master_addr is only used for static rdzv_backend and when rdzv_endpoint is not specified.
/home/izi2sgh/miniconda3/envs/hdvo/lib/python3.10/site-packages/mmcv/cnn/bricks/transformer.py:33: UserWarning: Fail to import ``MultiScaleDeformableAttention`` from ``mmcv.ops.multi_scale_deform_attn``, You should install ``mmcv-full`` if you need this module. 
  warnings.warn('Fail to import ``MultiScaleDeformableAttention`` from '
2026-01-25 04:08:18,209 - hdvo - INFO - Environment info:
------------------------------------------------------------
sys.platform: linux
Python: 3.10.19 (main, Oct 21 2025, 16:43:05) [GCC 11.2.0]
CUDA available: True
GPU 0,1,2,3: NVIDIA A100-SXM4-80GB
CUDA_HOME: /fs/applications/cuda/11.8
NVCC: Cuda compilation tools, release 11.8, V11.8.89
GCC: gcc (GCC) 8.5.0 20210514 (Red Hat 8.5.0-28)
PyTorch: 2.0.1+cu118
PyTorch compiling details: PyTorch built with:
  - GCC 9.3
  - C++ Version: 201703
  - Intel(R) oneAPI Math Kernel Library Version 2022.2-Product Build 20220804 for Intel(R) 64 architecture applications
  - Intel(R) MKL-DNN v2.7.3 (Git Hash 6dbeffbae1f23cbbeae17adb7b5b13f1f37c080e)
  - OpenMP 201511 (a.k.a. OpenMP 4.5)
  - LAPACK is enabled (usually provided by MKL)
  - NNPACK is enabled
  - CPU capability usage: AVX2
  - CUDA Runtime 11.8
  - NVCC architecture flags: -gencode;arch=compute_37,code=sm_37;-gencode;arch=compute_50,code=sm_50;-gencode;arch=compute_60,code=sm_60;-gencode;arch=compute_70,code=sm_70;-gencode;arch=compute_75,code=sm_75;-gencode;arch=compute_80,code=sm_80;-gencode;arch=compute_86,code=sm_86;-gencode;arch=compute_90,code=sm_90
  - CuDNN 8.7
  - Magma 2.6.1
  - Build settings: BLAS_INFO=mkl, BUILD_TYPE=Release, CUDA_VERSION=11.8, CUDNN_VERSION=8.7.0, CXX_COMPILER=/opt/rh/devtoolset-9/root/usr/bin/c++, CXX_FLAGS= -D_GLIBCXX_USE_CXX11_ABI=0 -fabi-version=11 -Wno-deprecated -fvisibility-inlines-hidden -DUSE_PTHREADPOOL -DNDEBUG -DUSE_KINETO -DLIBKINETO_NOROCTRACER -DUSE_FBGEMM -DUSE_QNNPACK -DUSE_PYTORCH_QNNPACK -DUSE_XNNPACK -DSYMBOLICATE_MOBILE_DEBUG_HANDLE -O2 -fPIC -Wall -Wextra -Werror=return-type -Werror=non-virtual-dtor -Werror=bool-operation -Wnarrowing -Wno-missing-field-initializers -Wno-type-limits -Wno-array-bounds -Wno-unknown-pragmas -Wunused-local-typedefs -Wno-unused-parameter -Wno-unused-function -Wno-unused-result -Wno-strict-overflow -Wno-strict-aliasing -Wno-error=deprecated-declarations -Wno-stringop-overflow -Wno-psabi -Wno-error=pedantic -Wno-error=redundant-decls -Wno-error=old-style-cast -fdiagnostics-color=always -faligned-new -Wno-unused-but-set-variable -Wno-maybe-uninitialized -fno-math-errno -fno-trapping-math -Werror=format -Werror=cast-function-type -Wno-stringop-overflow, LAPACK_INFO=mkl, PERF_WITH_AVX=1, PERF_WITH_AVX2=1, PERF_WITH_AVX512=1, TORCH_DISABLE_GPU_ASSERTS=ON, TORCH_VERSION=2.0.1, USE_CUDA=ON, USE_CUDNN=ON, USE_EXCEPTION_PTR=1, USE_GFLAGS=OFF, USE_GLOG=OFF, USE_MKL=ON, USE_MKLDNN=ON, USE_MPI=OFF, USE_NCCL=1, USE_NNPACK=ON, USE_OPENMP=ON, USE_ROCM=OFF, 

TorchVision: 0.15.2+cu118
OpenCV: 4.7.0
MMCV: 1.6.0
MMCV Compiler: n/a
MMCV CUDA Compiler: n/a
MMAction2: 0.0.1+653381a
------------------------------------------------------------

2026-01-25 04:08:18,573 - hdvo - INFO - Config: batch_size = 1
raw_kitti_root = '/fs/projects/SGH_CR_RIX/Kitti-Dataset'
data_root = 'data_sets/kitti_odometry'
annfile_root = 'annotations/kittiodometry'
dataset_type = 'KITTIOdometryDataset'
img_norm_cfg = dict(
    mean=[88.78708011161852, 93.43778497818349, 91.33551888646076],
    std=[80.93941240862273, 81.55742718042109, 82.55097977909143],
    to_rgb=False)
crop_size = (320, 768)
RESIZE_SIZE = (1024, 320)
train_pipeline = [
    dict(
        type='LoadStereoImages',
        views=['left', 'right'],
        to_float32=False,
        color_type='color',
        file_client_args=dict(backend='disk'),
        imdecode_backend='cv2',
        to_rgb=True,
        to_gray=False),
    dict(
        type='StereoResize2',
        img_scale=(1024, 320),
        keep_ratio=False,
        ratio_range=(1, 1.0)),
    dict(
        type='StereoNormalize',
        mean=[88.78708011161852, 93.43778497818349, 91.33551888646076],
        std=[80.93941240862273, 81.55742718042109, 82.55097977909143],
        to_rgb=False),
    dict(
        type='StereoFormatShape',
        input_format='NTCHW',
        keys=['left_imgs', 'right_imgs', 'raw_left_imgs', 'raw_right_imgs']),
    dict(
        type='Collect',
        keys=[
            'left_imgs', 'right_imgs', 'raw_left_imgs', 'raw_right_imgs',
            'intrinsics', 'focal', 'baseline', 'pose'
        ],
        meta_keys=['left_frame_paths']),
    dict(
        type='ToTensor',
        keys=[
            'left_imgs', 'right_imgs', 'raw_left_imgs', 'raw_right_imgs',
            'intrinsics', 'focal', 'baseline', 'pose'
        ])
]
val_pipeline = [
    dict(
        type='LoadStereoImages',
        to_float32=False,
        color_type='color',
        file_client_args=dict(backend='disk'),
        imdecode_backend='cv2',
        to_rgb=True,
        to_gray=False),
    dict(type='StereoResize', scale=(1024, 320), keep_ratio=False),
    dict(
        type='StereoNormalize',
        mean=[88.78708011161852, 93.43778497818349, 91.33551888646076],
        std=[80.93941240862273, 81.55742718042109, 82.55097977909143],
        to_rgb=False),
    dict(
        type='StereoFormatShape',
        input_format='NTCHW',
        keys=['left_imgs', 'right_imgs', 'raw_left_imgs', 'raw_right_imgs']),
    dict(
        type='Collect',
        keys=[
            'left_imgs', 'right_imgs', 'raw_left_imgs', 'raw_right_imgs',
            'intrinsics', 'focal', 'baseline', 'pose'
        ],
        meta_keys=[]),
    dict(
        type='ToTensor',
        keys=[
            'left_imgs', 'right_imgs', 'raw_left_imgs', 'raw_right_imgs',
            'intrinsics', 'focal', 'baseline', 'pose'
        ])
]
test_pipeline = [
    dict(
        type='LoadStereoImages',
        to_float32=False,
        color_type='color',
        file_client_args=dict(backend='disk'),
        imdecode_backend='cv2',
        to_rgb=True,
        to_gray=False),
    dict(
        type='StereoResize2',
        img_scale=(1024, 320),
        keep_ratio=False,
        ratio_range=(1, 1.0)),
    dict(
        type='StereoNormalize',
        mean=[88.78708011161852, 93.43778497818349, 91.33551888646076],
        std=[80.93941240862273, 81.55742718042109, 82.55097977909143],
        to_rgb=False),
    dict(
        type='StereoFormatShape',
        input_format='NTCHW',
        keys=['left_imgs', 'right_imgs', 'raw_left_imgs', 'raw_right_imgs']),
    dict(
        type='Collect',
        keys=[
            'left_imgs', 'right_imgs', 'raw_left_imgs', 'raw_right_imgs',
            'intrinsics', 'focal', 'baseline', 'pose'
        ],
        meta_keys=[]),
    dict(
        type='ToTensor',
        keys=[
            'left_imgs', 'right_imgs', 'raw_left_imgs', 'raw_right_imgs',
            'intrinsics', 'focal', 'baseline', 'pose'
        ])
]
data = dict(
    sparse=True,
    videos_per_gpu=1,
    workers_per_gpu=4,
    train=dict(
        type='KITTIOdometryDataset',
        ann_file='annotations/kittiodometry/kitti_odometry_train_3frame.json',
        data_prefix='data_sets/kitti_odometry',
        kitti_rawdata_path='/fs/projects/SGH_CR_RIX/Kitti-Dataset',
        eval_modality='depth',
        depth_scale_ratio=256,
        test_mode=False,
        pipeline=[
            dict(
                type='LoadStereoImages',
                views=['left', 'right'],
                to_float32=False,
                color_type='color',
                file_client_args=dict(backend='disk'),
                imdecode_backend='cv2',
                to_rgb=True,
                to_gray=False),
            dict(
                type='StereoResize2',
                img_scale=(1024, 320),
                keep_ratio=False,
                ratio_range=(1, 1.0)),
            dict(
                type='StereoNormalize',
                mean=[88.78708011161852, 93.43778497818349, 91.33551888646076],
                std=[80.93941240862273, 81.55742718042109, 82.55097977909143],
                to_rgb=False),
            dict(
                type='StereoFormatShape',
                input_format='NTCHW',
                keys=[
                    'left_imgs', 'right_imgs', 'raw_left_imgs',
                    'raw_right_imgs'
                ]),
            dict(
                type='Collect',
                keys=[
                    'left_imgs', 'right_imgs', 'raw_left_imgs',
                    'raw_right_imgs', 'intrinsics', 'focal', 'baseline', 'pose'
                ],
                meta_keys=['left_frame_paths']),
            dict(
                type='ToTensor',
                keys=[
                    'left_imgs', 'right_imgs', 'raw_left_imgs',
                    'raw_right_imgs', 'intrinsics', 'focal', 'baseline', 'pose'
                ])
        ]),
    val=dict(
        type='KITTIOdometryDataset',
        ann_file='annotations/kittiodometry/kitti_odometry_test_09.json',
        end_id=10,
        data_prefix='data_sets/kitti_odometry',
        kitti_rawdata_path='/fs/projects/SGH_CR_RIX/Kitti-Dataset',
        eval_modality='depth',
        depth_scale_ratio=256,
        test_mode=True,
        pipeline=[
            dict(
                type='LoadStereoImages',
                to_float32=False,
                color_type='color',
                file_client_args=dict(backend='disk'),
                imdecode_backend='cv2',
                to_rgb=True,
                to_gray=False),
            dict(type='StereoResize', scale=(1024, 320), keep_ratio=False),
            dict(
                type='StereoNormalize',
                mean=[88.78708011161852, 93.43778497818349, 91.33551888646076],
                std=[80.93941240862273, 81.55742718042109, 82.55097977909143],
                to_rgb=False),
            dict(
                type='StereoFormatShape',
                input_format='NTCHW',
                keys=[
                    'left_imgs', 'right_imgs', 'raw_left_imgs',
                    'raw_right_imgs'
                ]),
            dict(
                type='Collect',
                keys=[
                    'left_imgs', 'right_imgs', 'raw_left_imgs',
                    'raw_right_imgs', 'intrinsics', 'focal', 'baseline', 'pose'
                ],
                meta_keys=[]),
            dict(
                type='ToTensor',
                keys=[
                    'left_imgs', 'right_imgs', 'raw_left_imgs',
                    'raw_right_imgs', 'intrinsics', 'focal', 'baseline', 'pose'
                ])
        ]),
    test=dict(
        type='KITTIOdometryDataset',
        ann_file='annotations/kittiodometry/kitti_odometry_test_09.json',
        test_seq_id=9,
        data_prefix='data_sets/kitti_odometry',
        kitti_rawdata_path='/fs/projects/SGH_CR_RIX/Kitti-Dataset',
        eval_modality='depth',
        depth_scale_ratio=256,
        test_mode=True,
        pipeline=[
            dict(
                type='LoadStereoImages',
                to_float32=False,
                color_type='color',
                file_client_args=dict(backend='disk'),
                imdecode_backend='cv2',
                to_rgb=True,
                to_gray=False),
            dict(
                type='StereoResize2',
                img_scale=(1024, 320),
                keep_ratio=False,
                ratio_range=(1, 1.0)),
            dict(
                type='StereoNormalize',
                mean=[88.78708011161852, 93.43778497818349, 91.33551888646076],
                std=[80.93941240862273, 81.55742718042109, 82.55097977909143],
                to_rgb=False),
            dict(
                type='StereoFormatShape',
                input_format='NTCHW',
                keys=[
                    'left_imgs', 'right_imgs', 'raw_left_imgs',
                    'raw_right_imgs'
                ]),
            dict(
                type='Collect',
                keys=[
                    'left_imgs', 'right_imgs', 'raw_left_imgs',
                    'raw_right_imgs', 'intrinsics', 'focal', 'baseline', 'pose'
                ],
                meta_keys=[]),
            dict(
                type='ToTensor',
                keys=[
                    'left_imgs', 'right_imgs', 'raw_left_imgs',
                    'raw_right_imgs', 'intrinsics', 'focal', 'baseline', 'pose'
                ])
        ]))
max_disp = 192
model = dict(
    type='StereoHDVOPosesup',
    use_sup_pose=True,
    bidirection=True,
    depth_net=dict(
        type='CoEx',
        subnetwork=True,
        pretrain_official='work_dirs/sceneflow.ckpt',
        cfg=dict(
            max_disparity=192,
            backbone=dict(
                type='mobilenetv2_100',
                from_scratch=False,
                channels=dict(
                    mobilenetv3_large_100=[16, 24, 40, 112, 160],
                    mobilenetv2_120d=[24, 32, 40, 112, 192],
                    mobilenetv2_100=[16, 24, 32, 96, 160],
                    mnasnet_100=[16, 24, 40, 96, 192],
                    efficientnet_b0=[16, 24, 40, 112, 192],
                    efficientnet_b3a=[24, 32, 48, 136, 232],
                    mixnet_xl=[40, 48, 64, 192, 320],
                    dla34=[32, 64, 128, 256, 512]),
                layers=dict(
                    mobilenetv3_large_100=[1, 2, 3, 5, 6],
                    mobilenetv2_120d=[1, 2, 3, 5, 6],
                    mobilenetv2_100=[1, 2, 3, 5, 6],
                    mnasnet_100=[1, 2, 3, 5, 6],
                    efficientnet_b0=[1, 2, 3, 5, 6],
                    efficientnet_b3a=[1, 2, 3, 5, 6],
                    mixnet_xl=[1, 2, 3, 5, 6],
                    dla34=[1, 2, 3, 5, 6])),
            corr_volume=True,
            gce=True,
            matching_head=1,
            matching_weighted=False,
            spixel=dict(branch_channels=[32, 48]),
            aggregation=dict(
                disp_strides=2, channels=[16, 32, 48], blocks_num=[2, 2, 2]),
            regression=dict(top_k=2)),
        losses=dict(
            type='DispL1Loss',
            start_disp=0,
            max_disp=192,
            weight=1,
            weights=(1.0, 0.7, 0.5),
            sparse=False,
            set_range=True,
            random_mask=False,
            random_mask_ratio=0.5)),
    pose_net=None,
    stereo_head=dict(
        type='StereoMatchingHead',
        photo_loss=dict(type='HUBERLoss', ratio=0.85),
        struct_loss=dict(type='SSIMLoss', ratio=0.15),
        grid_sample_type='pytorch',
        padding_mode='zeros'),
    ddvo_head=dict(
        type='PoseDDVOHead',
        ddvo=dict(type='DirectVO_OpenRox', ifmask=1, disp_log=0, ifrobust=0),
        photo_loss=dict(type='HUBERLoss', ratio=0.85),
        struct_loss=dict(type='SSIMLoss', ratio=0.15),
        grid_sample_type='pytorch',
        padding_mode='zeros'),
    smooth_loss=dict(type='DispSmoothLoss', ratio=0.1))
log_config = dict(
    interval=50,
    hooks=[
        dict(type='TextLoggerHook', by_epoch=False),
        dict(type='TensorboardLoggerHook')
    ])
log_level = 'INFO'
load_from = None
resume_from = None
workflow = [('train', 1)]
cudnn_benchmark = False
find_unused_parameters = True
optimizer = dict(type='Lion', lr=0.0001)
optimizer_config = dict(type='OptimizerHook', grad_clip=None)
lr_config = dict(
    policy='CosineAnnealing',
    min_lr=1e-06,
    warmup='linear',
    warmup_by_epoch=False,
    warmup_iters=100)
runner = dict(type='IterBasedRunner', max_iters=40000)
total_epochs = 40000
checkpoint_config = dict(by_epoch=False, interval=4000, save_optimizer=False)
evaluation = dict(interval=4000, metrics='EPE')
dist_params = dict(backend='nccl')
work_dir = 'work_dirs/stereohdvo_posesup_coex_kittiodom_huberloss'

2026-01-25 04:08:18,573 - hdvo - INFO - # update the test seq id to -09-  
2026-01-25 04:08:18,574 - hdvo - INFO - Distributed training: True
Traceback (most recent call last):
  File "/fs/projects/SGH_CR_RIX/izi2sgh/hdvo/tools/test_time_training.py", line 555, in <module>
    main()
  File "/fs/projects/SGH_CR_RIX/izi2sgh/hdvo/tools/test_time_training.py", line 366, in main
    load_checkpoint(model, args.checkpoint, map_location='cpu')
  File "/home/izi2sgh/miniconda3/envs/hdvo/lib/python3.10/site-packages/mmcv/runner/checkpoint.py", line 627, in load_checkpoint
    checkpoint = _load_checkpoint(filename, map_location, logger)
  File "/home/izi2sgh/miniconda3/envs/hdvo/lib/python3.10/site-packages/mmcv/runner/checkpoint.py", line 561, in _load_checkpoint
    return CheckpointLoader.load_checkpoint(filename, map_location, logger)
  File "/home/izi2sgh/miniconda3/envs/hdvo/lib/python3.10/site-packages/mmcv/runner/checkpoint.py", line 303, in load_checkpoint
    return checkpoint_loader(filename, map_location)  # type: ignore
  File "/home/izi2sgh/miniconda3/envs/hdvo/lib/python3.10/site-packages/mmcv/runner/checkpoint.py", line 322, in load_from_local
    raise FileNotFoundError(f'{filename} can not be found.')
FileNotFoundError: /home/ziliu/zimingdepth_torch2/work_dirs/coex/iter_48000.pth can not be found.
ERROR:torch.distributed.elastic.multiprocessing.api:failed (exitcode: 1) local_rank: 0 (pid: 573354) of binary: /home/izi2sgh/miniconda3/envs/hdvo/bin/python3.10
Traceback (most recent call last):
  File "/home/izi2sgh/miniconda3/envs/hdvo/bin/torchrun", line 8, in <module>
    sys.exit(main())
  File "/home/izi2sgh/miniconda3/envs/hdvo/lib/python3.10/site-packages/torch/distributed/elastic/multiprocessing/errors/__init__.py", line 346, in wrapper
    return f(*args, **kwargs)
  File "/home/izi2sgh/miniconda3/envs/hdvo/lib/python3.10/site-packages/torch/distributed/run.py", line 794, in main
    run(args)
  File "/home/izi2sgh/miniconda3/envs/hdvo/lib/python3.10/site-packages/torch/distributed/run.py", line 785, in run
    elastic_launch(
  File "/home/izi2sgh/miniconda3/envs/hdvo/lib/python3.10/site-packages/torch/distributed/launcher/api.py", line 134, in __call__
    return launch_agent(self._config, self._entrypoint, list(args))
  File "/home/izi2sgh/miniconda3/envs/hdvo/lib/python3.10/site-packages/torch/distributed/launcher/api.py", line 250, in launch_agent
    raise ChildFailedError(
torch.distributed.elastic.multiprocessing.errors.ChildFailedError: 
============================================================
tools/test_time_training.py FAILED
------------------------------------------------------------
Failures:
  <NO_OTHER_FAILURES>
------------------------------------------------------------
Root Cause (first observed failure):
[0]:
  time      : 2026-01-25_04:08:20
  host      : szh-hpc-b02gp04.apac.bosch.com
  rank      : 0 (local_rank: 0)
  exitcode  : 1 (pid: 573354)
  error_file: <N/A>
  traceback : To enable traceback see: https://pytorch.org/docs/stable/elastic/errors.html
============================================================
